pair_id,size_bin,target_short_side_l0,source_class,source_frame,helsinki_background_id,hosted_background_id,hosted_background_type,target_x1,target_y1,target_x2,target_y2,target_pixels_equal,helsinki_rank_iou_030,hosted_rank_iou_030,rank_delta_iou_030,helsinki_score_iou_030,hosted_score_iou_030,score_delta_iou_030,score_ratio_iou_030,helsinki_max_iou,hosted_max_iou,iou_delta,helsinki_proposal_count,hosted_proposal_count,helsinki_background_proposals,hosted_background_proposals,crosses_out_of_top1_iou_030,crosses_into_top1_iou_030,crosses_out_of_top5_iou_030,crosses_into_top5_iou_030,crosses_out_of_top20_iou_030,crosses_into_top20_iou_030,crosses_below_production_threshold,crosses_above_production_threshold
p0000,lt8,6,condor,3,frame_000000,00000,open_grass_road,193.0,188.0,199.0,194.0,True,,,0,0.0,0.0,0.0,,0.26848824538690425,0.1918646253934519,-0.07662361999345235,2339,2953,2339,2953,False,False,False,False,False,False,False,False
p0001,lt8,6,condor,3,frame_000009,00095,river_industrial,32.0,267.0,38.0,273.0,True,1309,,1035,0.00017184019088745117,0.0,-0.00017184019088745117,0.0,0.40854313149548543,0.03703483068275611,-0.37150830081272934,2106,2343,2105,2343,False,False,False,False,False,False,False,False
p0002,lt8,6,condor,3,frame_000014,00145,harbor_industrial,32.0,502.0,38.0,508.0,True,1266,,2070,0.0001691579818725586,0.0,-0.0001691579818725586,0.0,0.37699612392611664,0.22197121901393607,-0.15502490491218057,1958,3335,1957,3335,False,False,False,False,False,False,False,False
p0003,lt8,6,condor,3,frame_000024,00245,dense_urban_blocks,32.0,188.0,38.0,194.0,True,,,0,0.0,0.0,0.0,,0.002984439929934542,0.20314183946371195,0.2001573995337774,1547,2810,1547,2810,False,False,False,False,False,False,False,False
p0004,8to16,12,condor,3,frame_000000,00000,open_grass_road,192.0,418.0,204.0,430.0,True,99,14,-85,0.0010805726051330566,0.001697540283203125,0.0006169676780700684,1.5709636494015113,0.3583975203344712,0.3633898320258788,0.004992311691407625,2340,2952,2339,2951,False,False,False,False,False,True,False,False
p0005,8to16,12,condor,3,frame_000009,00095,river_industrial,112.0,418.0,124.0,430.0,True,1192,23,-1169,0.00021028518676757812,0.001251518726348877,0.0010412335395812988,5.951530612244898,0.3300152097507655,0.3359676211112642,0.005952411360498733,2115,2339,2114,2337,False,False,False,False,False,False,False,False
p0006,8to16,12,condor,3,frame_000014,00145,harbor_industrial,32.0,496.0,44.0,508.0,True,66,1937,1871,0.0014061927795410156,0.00014349818229675293,-0.0012626945972442627,0.10204730417090539,0.5208673317723708,0.5585154036962071,0.037648071923836346,1953,3349,1952,3347,False,False,False,False,False,False,False,False
p0007,8to16,12,condor,3,frame_000024,00245,dense_urban_blocks,112.0,32.0,124.0,44.0,True,,2,-2830,0.0,0.01422196626663208,0.01422196626663208,,0.2725105008305303,0.4674204927974098,0.19490999196687953,1559,2831,1559,2830,False,False,False,True,False,True,False,True
p0008,gt16,24,condor,3,frame_000000,00000,open_grass_road,191.0,182.0,216.0,206.0,True,538,150,-388,0.00043532252311706543,0.0009007155895233154,0.00046539306640625,2.0690764701855273,0.5599002219001463,0.5864957274594862,0.02659550555933987,2350,2955,2347,2950,False,False,False,False,False,False,False,False
p0009,gt16,24,condor,3,frame_000009,00095,river_industrial,33.0,484.0,58.0,508.0,True,251,400,149,0.00086212158203125,0.0005186200141906738,-0.00034350156784057617,0.6015625,0.7474634046693588,0.6342449315878502,-0.11321847308150856,2120,2352,2116,2347,False,False,False,False,False,False,False,False
p0010,gt16,24,condor,3,frame_000014,00145,harbor_industrial,112.0,408.0,137.0,432.0,True,393,315,-78,0.00045615434646606445,0.00042235851287841797,-3.3795833587646484e-05,0.9259114072912583,0.600122536374809,0.5440535308063168,-0.05606900556849215,1953,3331,1952,3328,False,False,False,False,False,False,False,False
p0011,gt16,24,condor,3,frame_000024,00245,dense_urban_blocks,112.0,258.0,137.0,282.0,True,9,9,0,0.004578620195388794,0.0014407932758331299,-0.003137826919555664,0.3146784870437992,0.6610386122030337,0.5561656612385075,-0.1048729509645262,1579,2847,1574,2843,False,False,False,False,False,False,False,False
p0012,lt8,6,helicopter,8,frame_000000,00000,open_grass_road,193.0,423.0,200.0,429.0,True,,,0,0.0,0.0,0.0,,0.18655994326912234,0.17519741395467875,-0.011362529314443592,2325,2984,2325,2984,False,False,False,False,False,False,False,False
p0013,lt8,6,helicopter,8,frame_000009,00095,river_industrial,112.0,502.0,119.0,508.0,True,503,,1856,0.0003852546215057373,0.0,-0.0003852546215057373,0.0,0.3085060129013446,0.29001728310558844,-0.018488729795756165,2118,2358,2117,2358,False,False,False,False,False,False,False,False
p0014,lt8,6,helicopter,8,frame_000014,00145,harbor_industrial,112.0,423.0,119.0,429.0,True,1180,,2147,0.0001951456069946289,0.0,-0.0001951456069946289,0.0,0.3730365731363595,0.13400349916869592,-0.2390330739676636,1955,3326,1954,3326,False,False,False,False,False,False,False,False
p0015,lt8,6,helicopter,8,frame_000024,00245,dense_urban_blocks,112.0,32.0,119.0,38.0,True,,,0,0.0,0.0,0.0,,0.05953463409580023,0.2669827084984759,0.20744807440267565,1547,2819,1547,2819,False,False,False,False,False,False,False,False
p0016,8to16,12,helicopter,8,frame_000000,00000,open_grass_road,192.0,341.0,207.0,353.0,True,44,15,-29,0.0015650391578674316,0.001543670892715454,-2.136826515197754e-05,0.9863464980767034,0.3998568702143124,0.44411026038157897,0.04425339016726659,2319,2978,2318,2976,False,False,False,False,False,True,False,False
p0017,8to16,12,helicopter,8,frame_000009,00095,river_industrial,32.0,496.0,47.0,508.0,True,67,5,-62,0.0011986792087554932,0.0030621886253356934,0.0018635094165802002,2.5546356380995,0.5545325495614765,0.6665796131607676,0.11204706359929117,2128,2369,2126,2368,False,False,False,True,False,True,False,False
p0018,8to16,12,helicopter,8,frame_000014,00145,harbor_industrial,112.0,418.0,127.0,430.0,True,291,10,-281,0.0007119476795196533,0.0012045800685882568,0.0004926323890686035,1.691950269998744,0.42136621584774403,0.5434184777145628,0.12205226186681872,1962,3321,1961,3319,False,False,False,False,False,True,False,False
p0019,8to16,12,helicopter,8,frame_000024,00245,dense_urban_blocks,32.0,186.0,47.0,198.0,True,,2,-2827,0.0,0.014811426401138306,0.014811426401138306,,0.017690935564043497,0.48095378195919225,0.46326284639514875,1551,2828,1551,2825,False,False,False,True,False,True,False,True
p0020,gt16,24,helicopter,8,frame_000000,00000,open_grass_road,193.0,408.0,223.0,432.0,True,35,218,183,0.002154409885406494,0.0006089508533477783,-0.0015454590320587158,0.2826532023793056,0.670268367135656,0.46903233779226555,-0.2012360293433904,2376,2977,2369,2976,False,False,False,False,False,False,False,False
p0021,gt16,24,helicopter,8,frame_000009,00095,river_industrial,115.0,333.0,145.0,357.0,True,290,85,-205,0.0007012486457824707,0.0010241270065307617,0.000322878360748291,1.4604334891627708,0.7779579214836916,0.5713354167013648,-0.2066225047823268,2126,2339,2124,2335,False,False,False,False,False,False,False,False
p0022,gt16,24,helicopter,8,frame_000014,00145,harbor_industrial,193.0,484.0,223.0,508.0,True,27,257,230,0.003667205572128296,0.0004705488681793213,-0.0031966567039489746,0.1283126508520857,0.6209476249680519,0.6840284934474362,0.06308086847938432,1988,3334,1984,3330,False,False,False,False,False,False,False,False
p0023,gt16,24,helicopter,8,frame_000024,00245,dense_urban_blocks,814.0,182.0,844.0,206.0,True,1298,1685,387,0.00011646747589111328,0.000144273042678833,2.7805566787719727e-05,1.2387410440122826,0.5578628879098826,0.779553164714144,0.22169027680426145,1558,2804,1557,2800,False,False,False,False,False,False,False,False
p0024,lt8,6,jammer,1,frame_000000,00000,open_grass_road,274.0,266.0,280.0,274.0,True,,,0,0.0,0.0,0.0,,0.2990769898799024,0.28351604976702893,-0.015560940112873456,2344,2987,2344,2987,False,False,False,False,False,False,False,False
p0025,lt8,6,jammer,1,frame_000009,00095,river_industrial,32.0,500.0,38.0,508.0,True,1196,12,-1184,0.00021076202392578125,0.0018569529056549072,0.001646190881729126,8.810661764705882,0.38122620137388274,0.4275110291018637,0.04628482772798098,2123,2367,2122,2366,False,False,False,False,False,True,False,False
p0026,lt8,6,jammer,1,frame_000014,00145,harbor_industrial,922.0,500.0,928.0,508.0,True,,,0,0.0,0.0,0.0,,0.060712637318796614,0.22472813706620992,0.1640154997474133,1940,3347,1940,3347,False,False,False,False,False,False,False,False
p0027,lt8,6,jammer,1,frame_000024,00245,dense_urban_blocks,112.0,266.0,118.0,274.0,True,,,0,0.0,0.0,0.0,,0.018194071787238073,0.24341058701227328,0.22521651522503522,1554,2828,1554,2828,False,False,False,False,False,False,False,False
p0028,8to16,12,jammer,1,frame_000000,00000,open_grass_road,112.0,338.0,124.0,354.0,True,,5,-2967,0.0,0.0027100741863250732,0.0027100741863250732,,0.2847019269300783,0.4384992660044427,0.15379733907436444,2360,2971,2360,2970,False,False,False,True,False,True,False,False
p0029,8to16,12,jammer,1,frame_000009,00095,river_industrial,192.0,492.0,204.0,508.0,True,42,689,647,0.0016178786754608154,0.0003503262996673584,-0.001267552375793457,0.2165343452391917,0.6877754382564891,0.3765117192326437,-0.3112637190238454,2106,2348,2102,2345,False,False,False,False,False,False,False,False
p0030,8to16,12,jammer,1,frame_000014,00145,harbor_industrial,32.0,415.0,44.0,431.0,True,1104,926,-178,0.0002244114875793457,0.0002639591693878174,3.954768180847168e-05,1.1762284196547146,0.4066456885748334,0.311385725233174,-0.09525996334165943,1949,3349,1948,3348,False,False,False,False,False,False,False,False
p0031,8to16,12,jammer,1,frame_000024,00245,dense_urban_blocks,835.0,185.0,847.0,201.0,True,,1602,-1210,0.0,0.00015148520469665527,0.00015148520469665527,,0.07901723221698673,0.4820349766564112,0.4030177444394245,1544,2811,1544,2808,False,False,False,False,False,False,False,False
p0032,gt16,24,jammer,1,frame_000000,00000,open_grass_road,190.0,182.0,214.0,215.0,True,262,20,-242,0.0009015798568725586,0.001275390386581421,0.0003738105297088623,1.414617215390718,0.602668505743464,0.5760865931815402,-0.02658191256192377,2359,2994,2356,2991,False,False,False,False,False,True,False,False
p0033,gt16,24,jammer,1,frame_000009,00095,river_industrial,32.0,324.0,56.0,357.0,True,282,3,-279,0.0007372498512268066,0.004747956991195679,0.004010707139968872,6.440092165898617,0.846828193352974,0.6236762335019671,-0.2231519598510069,2128,2391,2126,2384,False,False,False,True,False,True,False,False
p0034,gt16,24,jammer,1,frame_000014,00145,harbor_industrial,111.0,395.0,135.0,428.0,True,293,453,160,0.0006735026836395264,0.0003553032875061035,-0.00031819939613342285,0.5275454666135669,0.6183494824173605,0.49673316654600536,-0.12161631587135519,1973,3326,1970,3322,False,False,False,False,False,False,False,False
p0035,gt16,24,jammer,1,frame_000024,00245,dense_urban_blocks,111.0,253.0,135.0,286.0,True,11,184,173,0.003514528274536133,0.0008932650089263916,-0.002621263265609741,0.2541635574248694,0.6430803437972318,0.44213517376361766,-0.20094517003361412,1599,2868,1592,2865,False,False,False,False,True,False,False,False
p0036,lt8,6,large_launcher,9,frame_000000,00000,open_grass_road,112.0,345.0,120.0,351.0,True,,,0,0.0,0.0,0.0,,0.2779785614926973,0.2940210639075618,0.01604250241486449,2345,2968,2345,2968,False,False,False,False,False,False,False,False
p0037,lt8,6,large_launcher,9,frame_000009,00095,river_industrial,193.0,502.0,201.0,508.0,True,,,0,0.0,0.0,0.0,,0.20015598360789144,0.0074499314894713176,-0.19270605211842012,2107,2336,2107,2336,False,False,False,False,False,False,False,False
p0038,lt8,6,large_launcher,9,frame_000014,00145,harbor_industrial,32.0,423.0,40.0,429.0,True,,,0,0.0,0.0,0.0,,0.2985146211813934,0.231042186584454,-0.06747243459693938,1956,3331,1956,3331,False,False,False,False,False,False,False,False
p0039,lt8,6,large_launcher,9,frame_000024,00245,dense_urban_blocks,839.0,188.0,847.0,194.0,True,,,0,0.0,0.0,0.0,,0.00839675618491238,0.02969053462754379,0.02129377844263141,1549,2795,1549,2795,False,False,False,False,False,False,False,False
p0040,8to16,12,large_launcher,9,frame_000000,00000,open_grass_road,191.0,496.0,208.0,508.0,True,14,14,0,0.004798829555511475,0.0017349720001220703,-0.0030638575553894043,0.3615406590403796,0.4064749228172336,0.4289271116774719,0.02245218886023831,2370,2942,2367,2941,False,False,False,False,False,False,False,False
p0041,8to16,12,large_launcher,9,frame_000009,00095,river_industrial,111.0,496.0,128.0,508.0,True,19,198,179,0.004762560129165649,0.0009211599826812744,-0.003841400146484375,0.1934169769406464,0.6249102982386469,0.7646045310840374,0.1396942328453905,2134,2347,2131,2344,False,False,False,False,True,False,False,False
p0042,8to16,12,large_launcher,9,frame_000014,00145,harbor_industrial,32.0,341.0,49.0,353.0,True,561,5,-556,0.00034615397453308105,0.001558542251586914,0.001212388277053833,4.5024537236332325,0.6547927328077766,0.4860309978373299,-0.16876173497044672,1949,3321,1948,3320,False,False,False,True,False,True,False,False
p0043,8to16,12,large_launcher,9,frame_000024,00245,dense_urban_blocks,111.0,264.0,128.0,276.0,True,145,2,-143,0.0008956789970397949,0.0078026652336120605,0.006906986236572266,8.71145271844014,0.46112298538887775,0.39890050824810425,-0.0622224771407735,1572,2824,1571,2823,False,False,False,True,False,True,False,False
p0044,gt16,24,large_launcher,9,frame_000000,00000,open_grass_road,117.0,333.0,150.0,357.0,True,53,6,-47,0.0013642311096191406,0.002560347318649292,0.0011961162090301514,1.8767694861936386,0.5574833569645092,0.6848608343405952,0.12737747737608596,2413,2981,2409,2979,False,False,False,False,False,True,False,False
p0045,gt16,24,large_launcher,9,frame_000009,00095,river_industrial,41.0,484.0,74.0,508.0,True,57,273,216,0.0012812912464141846,0.0008683204650878906,-0.00041297078132629395,0.6776917172562975,0.6459409864457566,0.6807740098776793,0.03483302343192274,2124,2366,2117,2362,False,False,False,False,False,False,False,False
p0046,gt16,24,large_launcher,9,frame_000014,00145,harbor_industrial,886.0,484.0,919.0,508.0,True,46,4,-42,0.001898258924484253,0.0021009445190429688,0.00020268559455871582,1.1067744720935708,0.4670471763872793,0.7213965752103648,0.25434939882308555,1963,3363,1959,3358,False,False,False,True,False,True,False,False
p0047,gt16,24,large_launcher,9,frame_000024,00245,dense_urban_blocks,41.0,107.0,74.0,131.0,True,31,4,-27,0.0013709068298339844,0.002651393413543701,0.0012804865837097168,1.9340434782608695,0.7139916367005482,0.5975642395471147,-0.11642739715343353,1581,2843,1579,2840,False,False,False,True,False,True,False,False
p0048,lt8,6,small_launcher,12,frame_000000,00000,open_grass_road,193.0,500.0,199.0,508.0,True,,,0,0.0,0.0,0.0,,0.18840258536181553,0.2382099756716481,0.049807390309832555,2347,2979,2347,2979,False,False,False,False,False,False,False,False
p0049,lt8,6,small_launcher,12,frame_000009,00095,river_industrial,112.0,422.0,118.0,430.0,True,1751,,589,0.00011873245239257812,0.0,-0.00011873245239257812,0.0,0.3090907074990342,0.28201625255853335,-0.02707445494050087,2117,2339,2116,2339,False,False,False,False,False,False,False,False
p0050,lt8,6,small_launcher,12,frame_000014,00145,harbor_industrial,32.0,344.0,38.0,352.0,True,1940,,1388,0.00010004639625549316,0.0,-0.00010004639625549316,0.0,0.3589352601069355,0.1776689062911557,-0.1812663538157798,1942,3327,1941,3327,False,False,False,False,False,False,False,False
p0051,lt8,6,small_launcher,12,frame_000024,00245,dense_urban_blocks,32.0,266.0,38.0,274.0,True,,2,-2805,0.0,0.012769311666488647,0.012769311666488647,,0.009983404737883766,0.315486118634165,0.3055027138962812,1553,2806,1553,2805,False,False,False,True,False,True,False,True
p0052,8to16,12,small_launcher,12,frame_000000,00000,open_grass_road,192.0,185.0,204.0,201.0,True,1807,5,-1802,0.00013256072998046875,0.003235071897506714,0.003102511167526245,24.40445143884892,0.452626086835915,0.5077199176457377,0.055093830809822664,2341,2941,2340,2940,False,False,False,True,False,True,False,False
p0053,8to16,12,small_launcher,12,frame_000009,00095,river_industrial,32.0,262.0,44.0,278.0,True,358,,1979,0.0005100071430206299,0.0,-0.0005100071430206299,0.0,0.3319968019725566,0.19211567758882397,-0.13988112438373262,2099,2336,2098,2336,False,False,False,False,False,False,False,False
p0054,8to16,12,small_launcher,12,frame_000014,00145,harbor_industrial,916.0,492.0,928.0,508.0,True,,9,-3329,0.0,0.0011969804763793945,0.0011969804763793945,,0.07656128624398982,0.5528756577039408,0.4763143714599509,1935,3337,1935,3334,False,False,False,False,False,True,False,False
p0055,8to16,12,small_launcher,12,frame_000024,00245,dense_urban_blocks,112.0,262.0,124.0,278.0,True,308,726,418,0.00041869282722473145,0.000300675630569458,-0.00011801719665527344,0.7181294042280589,0.4032817709440269,0.37216815873376236,-0.03111361221026454,1577,2826,1575,2825,False,False,False,False,False,False,False,False
p0056,gt16,24,small_launcher,12,frame_000000,00000,open_grass_road,111.0,395.0,135.0,428.0,True,62,217,155,0.001223236322402954,0.0006128251552581787,-0.0006104111671447754,0.5009867218906079,0.7243411299007991,0.6013119499255305,-0.12302917997526863,2332,2979,2327,2975,False,False,False,False,False,False,False,False
p0057,gt16,24,small_launcher,12,frame_000009,00095,river_industrial,111.0,324.0,135.0,357.0,True,63,45,-18,0.0012322068214416504,0.0011136233806610107,-0.00011858344078063965,0.9037633628404199,0.6307058749684631,0.5742165693418466,-0.05648930562661647,2137,2369,2134,2366,False,False,False,False,False,False,False,False
p0058,gt16,24,small_launcher,12,frame_000014,00145,harbor_industrial,904.0,466.0,928.0,499.0,True,389,188,-201,0.0004519820213317871,0.0007455945014953613,0.0002936124801635742,1.6496109719108532,0.38286785923162425,0.5893248944457536,0.2064570352141294,1939,3365,1938,3360,False,False,False,False,False,False,False,False
p0059,gt16,24,small_launcher,12,frame_000024,00245,dense_urban_blocks,32.0,182.0,56.0,215.0,True,25,212,187,0.0015433430671691895,0.0007939338684082031,-0.0007494091987609863,0.5144247480013904,0.705237801900929,0.527450950168119,-0.17778685173280995,1552,2839,1548,2833,False,False,False,False,False,False,False,False
p0060,lt8,6,spacecraft,10,frame_000000,00000,open_grass_road,193.0,188.0,199.0,195.0,True,,,0,0.0,0.0,0.0,,0.22731006441267498,0.23823206639785097,0.010922001985175983,2339,2960,2339,2960,False,False,False,False,False,False,False,False
p0061,lt8,6,spacecraft,10,frame_000009,00095,river_industrial,32.0,266.0,38.0,273.0,True,1287,,1054,0.00017705559730529785,0.0,-0.00017705559730529785,0.0,0.45423174271284084,0.09813622804396235,-0.35609551466887845,2102,2340,2101,2340,False,False,False,False,False,False,False,False
p0062,lt8,6,spacecraft,10,frame_000014,00145,harbor_industrial,32.0,501.0,38.0,508.0,True,775,,2562,0.00029030442237854004,0.0,-0.00029030442237854004,0.0,0.3689705643042011,0.2130739180714993,-0.1558966462327018,1959,3336,1958,3336,False,False,False,False,False,False,False,False
p0063,lt8,6,spacecraft,10,frame_000024,00245,dense_urban_blocks,32.0,188.0,38.0,195.0,True,,,0,0.0,0.0,0.0,,0.0035644925087862547,0.23498724733305962,0.23142275482427335,1543,2809,1543,2809,False,False,False,False,False,False,False,False
p0064,8to16,12,spacecraft,10,frame_000000,00000,open_grass_road,192.0,417.0,204.0,430.0,True,30,1,-29,0.0023479163646698,0.017377078533172607,0.015029162168502808,7.401063681251031,0.49940606302267926,0.43902658723636934,-0.06037947578630992,2345,2948,2344,2947,False,True,False,True,False,True,False,True
p0065,8to16,12,spacecraft,10,frame_000009,00095,river_industrial,112.0,417.0,124.0,430.0,True,441,,1900,0.0004297792911529541,0.0,-0.0004297792911529541,0.0,0.47089052379006374,0.29710569790511926,-0.17378482588494448,2122,2340,2121,2340,False,False,False,False,False,False,False,False
p0066,8to16,12,spacecraft,10,frame_000014,00145,harbor_industrial,594.0,417.0,606.0,430.0,True,6,3,-3,0.3225964307785034,0.010804712772369385,-0.31179171800613403,0.03349297060198401,0.3439364883058224,0.5869129419866755,0.24297645368085313,1941,3330,1940,3328,False,False,False,True,False,False,False,False
p0067,8to16,12,spacecraft,10,frame_000024,00245,dense_urban_blocks,112.0,32.0,124.0,45.0,True,276,1,-275,0.0004659593105316162,0.09935116767883301,0.09888520836830139,213.2185481291973,0.3458586757664389,0.5811476656882266,0.2352889899217877,1566,2847,1565,2844,False,True,False,True,False,True,False,True
p0068,gt16,24,spacecraft,10,frame_000000,00000,open_grass_road,190.0,330.0,214.0,357.0,True,19,63,44,0.0036866366863250732,0.0010136067867279053,-0.002673029899597168,0.27494078559129526,0.6903928696756944,0.6619542455098256,-0.02843862416586873,2332,3023,2327,3019,False,False,False,False,True,False,False,False
p0069,gt16,24,spacecraft,10,frame_000009,00095,river_industrial,32.0,478.0,56.0,505.0,True,70,4,-66,0.0011705458164215088,0.0037728846073150635,0.0026023387908935547,3.223184051735112,0.7724220311026208,0.6963505501071181,-0.07607148099550265,2129,2360,2125,2357,False,False,False,True,False,True,False,False
p0070,gt16,24,spacecraft,10,frame_000014,00145,harbor_industrial,111.0,404.0,135.0,431.0,True,258,5,-253,0.0008697509765625,0.0014117956161499023,0.0005420446395874023,1.623218201754386,0.6643434139323018,0.6234485983178933,-0.04089481561440844,1975,3337,1972,3333,False,False,False,True,False,True,False,False
p0071,gt16,24,spacecraft,10,frame_000024,00245,dense_urban_blocks,111.0,256.0,135.0,283.0,True,6,3,-3,0.022460967302322388,0.0041668713092803955,-0.018294095993041992,0.1855161112695959,0.6388880161602197,0.5979557974408288,-0.0409322187193909,1589,2847,1583,2843,False,False,False,True,False,False,True,False
p0072,lt8,6,ta-ta,17,frame_000000,00000,open_grass_road,192.0,423.0,205.0,429.0,True,371,,2584,0.0006362795829772949,0.0,-0.0006362795829772949,0.0,0.3168824971826699,0.20166527374827667,-0.11521722343439325,2339,2954,2338,2954,False,False,False,False,False,False,False,False
p0073,lt8,6,ta-ta,17,frame_000009,00095,river_industrial,112.0,423.0,125.0,429.0,True,1210,30,-1180,0.00020498037338256836,0.0011914074420928955,0.0009864270687103271,5.812300087234661,0.31844416590358743,0.3081581627666333,-0.010286003136954103,2115,2341,2114,2340,False,False,False,False,False,False,False,False
p0074,lt8,6,ta-ta,17,frame_000014,00145,harbor_industrial,112.0,423.0,125.0,429.0,True,,,0,0.0,0.0,0.0,,0.23836529499845435,0.21913616815528028,-0.01922912684317407,1951,3317,1951,3317,False,False,False,False,False,False,False,False
p0075,lt8,6,ta-ta,17,frame_000024,00245,dense_urban_blocks,112.0,32.0,125.0,38.0,True,,,0,0.0,0.0,0.0,,0.1818791448642043,0.2939580287012416,0.11207888383703729,1549,2843,1549,2843,False,False,False,False,False,False,False,False
p0076,8to16,12,ta-ta,17,frame_000000,00000,open_grass_road,191.0,341.0,217.0,353.0,True,20,164,144,0.0034514665603637695,0.0008655190467834473,-0.0025859475135803223,0.2507684868580113,0.47976743080283074,0.33148080894863496,-0.14828662185419578,2337,2994,2335,2992,False,False,False,False,True,False,False,False
p0077,8to16,12,ta-ta,17,frame_000009,00095,river_industrial,34.0,496.0,60.0,508.0,True,44,3,-41,0.0015493929386138916,0.004332035779953003,0.0027826428413391113,2.7959568370232164,0.4712104578644856,0.44279600293475113,-0.02841445492973449,2114,2343,2113,2342,False,False,False,True,False,True,False,False
p0078,8to16,12,ta-ta,17,frame_000014,00145,harbor_industrial,112.0,418.0,138.0,430.0,True,70,20,-50,0.0012736320495605469,0.0010938942432403564,-0.00017973780632019043,0.8588777611381505,0.45099201251354665,0.5111872433612309,0.060195230847684245,1959,3322,1958,3320,False,False,False,False,False,True,False,False
p0079,8to16,12,ta-ta,17,frame_000024,00245,dense_urban_blocks,112.0,264.0,138.0,276.0,True,328,4,-324,0.00039568543434143066,0.0023449063301086426,0.001949220895767212,5.926188144912254,0.34449707957472864,0.4154813603922373,0.07098428081750868,1570,2836,1568,2834,False,False,False,True,False,True,False,False
p0080,gt16,24,ta-ta,17,frame_000000,00000,open_grass_road,130.0,333.0,181.0,357.0,True,316,290,-26,0.0008501410484313965,0.00047007203102111816,-0.0003800690174102783,0.5529341653228633,0.6710980990556639,0.44803804958266946,-0.2230600494729944,2440,2997,2433,2993,False,False,False,False,False,False,False,False
p0081,gt16,24,ta-ta,17,frame_000009,00095,river_industrial,130.0,333.0,181.0,357.0,True,581,225,-356,0.0003542304039001465,0.0009121894836425781,0.0005579590797424316,2.575130405519098,0.47107696615112477,0.6615623326009117,0.19048536644978692,2123,2347,2122,2344,False,False,False,False,False,False,False,False
p0082,gt16,24,ta-ta,17,frame_000014,00145,harbor_industrial,59.0,484.0,110.0,508.0,True,295,5,-290,0.0006770193576812744,0.0017524659633636475,0.001075446605682373,2.5885020029053134,0.6971384506992343,0.5260186027131439,-0.17111984798609037,1943,3350,1937,3346,False,False,False,True,False,True,False,False
p0083,gt16,24,ta-ta,17,frame_000024,00245,dense_urban_blocks,202.0,32.0,253.0,56.0,True,16,6,-10,0.002559840679168701,0.0015568137168884277,-0.0010030269622802734,0.608168207325308,0.6902766820389165,0.569964538476408,-0.12031214356250841,1599,2890,1595,2883,False,False,False,False,False,False,False,False
p0084,lt8,6,tank,13,frame_000000,00000,open_grass_road,274.0,267.0,280.0,273.0,True,,,0,0.0,0.0,0.0,,0.24355233845424604,0.2274061559789075,-0.016146182475338527,2347,3002,2347,3002,False,False,False,False,False,False,False,False
p0085,lt8,6,tank,13,frame_000009,00095,river_industrial,32.0,502.0,38.0,508.0,True,,,0,0.0,0.0,0.0,,0.21932428243991983,0.2746084912353806,0.05528420879546078,2122,2366,2122,2366,False,False,False,False,False,False,False,False
p0086,lt8,6,tank,13,frame_000014,00145,harbor_industrial,922.0,502.0,928.0,508.0,True,,,0,0.0,0.0,0.0,,0.08090367591525381,0.29682114704147217,0.21591747112621834,1945,3339,1945,3339,False,False,False,False,False,False,False,False
p0087,lt8,6,tank,13,frame_000024,00245,dense_urban_blocks,112.0,267.0,118.0,273.0,True,,,0,0.0,0.0,0.0,,0.008769637187342577,0.1876062519119397,0.1788366147245971,1548,2829,1548,2829,False,False,False,False,False,False,False,False
p0088,8to16,12,tank,13,frame_000000,00000,open_grass_road,112.0,341.0,125.0,353.0,True,36,2,-34,0.002072542905807495,0.004802674055099487,0.002730131149291992,2.317285708123032,0.5217171401079416,0.44230112853853926,-0.07941601156940231,2363,2978,2362,2977,False,False,False,True,False,True,False,False
p0089,8to16,12,tank,13,frame_000009,00095,river_industrial,192.0,496.0,205.0,508.0,True,16,1217,1201,0.005818277597427368,0.00023630261421203613,-0.005581974983215332,0.0406138432302578,0.6811071944866847,0.3350031477333439,-0.3461040467533408,2102,2358,2099,2357,False,False,False,False,True,False,False,False
p0090,8to16,12,tank,13,frame_000014,00145,harbor_industrial,32.0,418.0,45.0,430.0,True,480,239,-241,0.0003943145275115967,0.0004953444004058838,0.00010102987289428711,1.2562164613407905,0.3650965145455311,0.48465125224204014,0.11955473769650904,1943,3344,1942,3343,False,False,False,False,False,False,False,False
p0091,8to16,12,tank,13,frame_000024,00245,dense_urban_blocks,834.0,186.0,847.0,198.0,True,,1234,-1574,0.0,0.00020438432693481445,0.00020438432693481445,,0.03298501016260098,0.7670450621326208,0.7340600519700198,1544,2807,1544,2806,False,False,False,False,False,False,False,False
p0092,gt16,24,tank,13,frame_000000,00000,open_grass_road,191.0,333.0,217.0,357.0,True,191,251,60,0.000951230525970459,0.0005357563495635986,-0.00041547417640686035,0.5632245128140861,0.799138319720485,0.43199593162319994,-0.36714238809728506,2313,3020,2309,3018,False,False,False,False,False,False,False,False
p0093,gt16,24,tank,13,frame_000009,00095,river_industrial,34.0,408.0,60.0,432.0,True,303,326,23,0.0006711184978485107,0.000797957181930542,0.00012683868408203125,1.1889959589679826,0.7268081132555287,0.6712169041146695,-0.055591209140859243,2138,2375,2133,2371,False,False,False,False,False,False,False,False
p0094,gt16,24,tank,13,frame_000014,00145,harbor_industrial,34.0,333.0,60.0,357.0,True,294,204,-90,0.0006799995899200439,0.0006269514560699463,-5.3048133850097656e-05,0.9219879914099136,0.7944957732636638,0.6772724978015915,-0.11722327546207234,1954,3337,1952,3333,False,False,False,False,False,False,False,False
p0095,gt16,24,tank,13,frame_000024,00245,dense_urban_blocks,112.0,32.0,138.0,56.0,True,42,5,-37,0.0011244416236877441,0.0019251704216003418,0.0008007287979125977,1.7121123774184999,0.6262994250275182,0.6088265149250218,-0.01747291010249641,1556,2845,1553,2843,False,False,False,True,False,True,False,False
