iteration,score,sim_time,final_num_agents,extinct,wall_seconds
1,6.199999999999994,6.199999999999994,0,True,0.11529207229614258
1,6.799999999999992,6.799999999999992,0,True,0.7845337390899658
1,7.921199999999988,7.899999999999988,0,True,0.59303879737854
1,7.39999999999999,7.39999999999999,0,True,0.584831953048706
1,7.945199999999988,7.899999999999988,0,True,0.6117641925811768
1,9.524999999999983,9.499999999999982,0,True,0.14578580856323242
1,6.499999999999993,6.499999999999993,0,True,0.5141191482543945
1,5.4999999999999964,5.4999999999999964,0,True,0.5619730949401855
1,10.827599999999979,10.799999999999978,0,True,0.7394371032714844
2,9.830399999999981,9.799999999999981,0,True,0.10512709617614746
2,6.699999999999992,6.699999999999992,0,True,0.8379104137420654
2,6.5999999999999925,6.5999999999999925,0,True,0.5793483257293701
2,9.823199999999982,9.799999999999981,0,True,0.5926089286804199
2,7.720799999999989,7.699999999999989,0,True,0.5944268703460693
2,10.22279999999998,10.19999999999998,0,True,0.030955791473388672
2,5.799999999999995,5.799999999999995,0,True,0.8902127742767334
2,6.299999999999994,6.299999999999994,0,True,0.5616781711578369
2,7.099999999999991,7.099999999999991,0,True,0.5210366249084473
2,6.8999999999999915,6.8999999999999915,0,True,0.5172536373138428
2,9.327999999999983,9.299999999999983,0,True,0.5629785060882568
3,10.953199999999978,10.899999999999977,0,True,0.12889885902404785
3,6.999999999999991,6.999999999999991,0,True,0.8215115070343018
3,11.331799999999976,11.299999999999976,0,True,0.6354095935821533
3,9.925599999999982,9.89999999999998,0,True,0.6322512626647949
3,10.32299999999998,10.29999999999998,0,True,0.1233978271484375
3,7.099999999999991,7.099999999999991,0,True,0.5667226314544678
3,10.823999999999979,10.799999999999978,0,True,0.568753719329834
3,9.422399999999984,9.399999999999983,0,True,0.6092085838317871
4,9.724599999999983,9.699999999999982,0,True,0.07750821113586426
4,8.423999999999987,8.399999999999986,0,True,0.7903914451599121
4,7.19999999999999,7.19999999999999,0,True,0.806781530380249
4,15.89999999999996,15.89999999999996,0,True,0.6843757629394531
4,9.823999999999982,9.799999999999981,0,True,0.0719759464263916
4,9.621199999999982,9.599999999999982,0,True,0.6784422397613525
4,10.22399999999998,10.19999999999998,0,True,0.7977092266082764
4,6.8999999999999915,6.8999999999999915,0,True,0.5054483413696289
4,6.399999999999993,6.399999999999993,0,True,0.4947493076324463
5,11.132599999999977,11.099999999999977,0,True,0.11188197135925293
5,6.8999999999999915,6.8999999999999915,0,True,0.7334487438201904
5,6.999999999999991,6.999999999999991,0,True,0.5877742767333984
5,8.320599999999988,8.299999999999986,0,True,0.5912492275238037
5,7.29999999999999,7.29999999999999,0,True,0.7203683853149414
5,6.299999999999994,6.299999999999994,0,True,0.07861661911010742
5,10.828199999999978,10.799999999999978,0,True,0.560338020324707
5,7.29999999999999,7.29999999999999,0,True,0.5393517017364502
5,6.5999999999999925,6.5999999999999925,0,True,0.5311343669891357
5,9.823599999999981,9.799999999999981,0,True,0.5363962650299072
6,10.32399999999998,10.29999999999998,0,True,0.10565805435180664
6,6.699999999999992,6.699999999999992,0,True,0.6039087772369385
6,7.19999999999999,7.19999999999999,0,True,0.6201353073120117
6,11.053199999999977,10.999999999999977,0,True,0.6445841789245605
6,7.099999999999991,7.099999999999991,0,True,0.5779430866241455
6,7.099999999999991,7.099999999999991,0,True,0.10798835754394531
6,6.999999999999991,6.999999999999991,0,True,0.5248229503631592
6,7.099999999999991,7.099999999999991,0,True,0.5674707889556885
6,6.499999999999993,6.499999999999993,0,True,0.5242335796356201
7,6.725199999999992,6.699999999999992,0,True,0.10471987724304199
7,7.19999999999999,7.19999999999999,0,True,0.8009605407714844
7,9.353199999999983,9.299999999999983,0,True,0.5990581512451172
7,11.230399999999976,11.199999999999976,0,True,0.595632791519165
7,16.499999999999964,16.499999999999964,0,True,0.03329062461853027
7,6.699999999999992,6.699999999999992,0,True,0.6356551647186279
7,6.999999999999991,6.999999999999991,0,True,0.5304079055786133
7,6.699999999999992,6.699999999999992,0,True,0.5167829990386963
7,6.399999999999993,6.399999999999993,0,True,0.5295634269714355
7,6.799999999999992,6.799999999999992,0,True,0.5880270004272461
8,10.54399999999998,10.499999999999979,0,True,0.07334566116333008
8,10.22479999999998,10.19999999999998,0,True,0.6614010334014893
8,11.929399999999974,11.899999999999974,0,True,0.9424479007720947
8,10.732399999999979,10.699999999999978,0,True,0.5498874187469482
8,7.29999999999999,7.29999999999999,0,True,0.08112168312072754
8,7.19999999999999,7.19999999999999,0,True,0.5902514457702637
8,9.522999999999984,9.499999999999982,0,True,0.741642951965332
8,6.499999999999993,6.499999999999993,0,True,0.4803493022918701
8,9.922799999999981,9.89999999999998,0,True,0.5383920669555664
9,7.29999999999999,7.29999999999999,0,True,0.07021331787109375
9,7.922199999999989,7.899999999999988,0,True,0.5776126384735107
9,11.229999999999977,11.199999999999976,0,True,0.6295058727264404
9,12.060799999999974,11.999999999999973,0,True,0.6713314056396484
9,6.8999999999999915,6.8999999999999915,0,True,0.059128761291503906
9,9.721199999999982,9.699999999999982,0,True,0.5808615684509277
9,10.021799999999981,9.99999999999998,0,True,0.5548000335693359
9,6.5999999999999925,6.5999999999999925,0,True,0.5271129608154297
9,6.499999999999993,6.499999999999993,0,True,0.5770604610443115
10,10.823399999999978,10.799999999999978,0,True,0.08282804489135742
10,7.19999999999999,7.19999999999999,0,True,0.7949714660644531
10,7.39999999999999,7.39999999999999,0,True,0.5734107494354248
10,6.399999999999993,6.399999999999993,0,True,0.575324296951294
10,7.099999999999991,7.099999999999991,0,True,0.5865640640258789
10,7.099999999999991,7.099999999999991,0,True,0.06998658180236816
10,7.39999999999999,7.39999999999999,0,True,0.5787596702575684
10,6.299999999999994,6.299999999999994,0,True,0.49430227279663086
10,7.099999999999991,7.099999999999991,0,True,0.4991602897644043
10,6.799999999999992,6.799999999999992,0,True,0.5957820415496826
11,10.825199999999978,10.799999999999978,0,True,0.06911802291870117
11,6.999999999999991,6.999999999999991,0,True,0.8741028308868408
11,10.822399999999979,10.799999999999978,0,True,0.5841419696807861
11,7.19999999999999,7.19999999999999,0,True,0.5733795166015625
11,10.52939999999998,10.499999999999979,0,True,0.021257400512695312
11,7.19999999999999,7.19999999999999,0,True,0.6632242202758789
11,9.82839999999998,9.799999999999981,0,True,0.5347690582275391
11,7.699999999999989,7.699999999999989,0,True,0.5053167343139648
11,7.099999999999991,7.099999999999991,0,True,0.5747649669647217
12,9.423599999999983,9.399999999999983,0,True,0.001447439193725586
12,7.29999999999999,7.29999999999999,0,True,0.5665411949157715
12,10.64899999999998,10.599999999999978,0,True,0.623497486114502
12,7.099999999999991,7.099999999999991,0,True,0.6840224266052246
12,8.221599999999988,8.199999999999987,0,True,0.6013343334197998
12,7.799999999999988,7.799999999999988,0,True,0.028512954711914062
12,9.920399999999981,9.89999999999998,0,True,0.746812105178833
12,10.42279999999998,10.399999999999979,0,True,0.5594272613525391
12,6.399999999999993,6.399999999999993,0,True,0.7198448181152344
12,7.699999999999989,7.699999999999989,0,True,0.6015064716339111
13,7.499999999999989,7.499999999999989,0,True,0.01135873794555664
13,7.19999999999999,7.19999999999999,0,True,0.7906734943389893
13,6.327399999999994,6.299999999999994,0,True,0.5734052658081055
13,6.420599999999994,6.399999999999993,0,True,0.5531966686248779
13,6.399999999999993,6.399999999999993,0,True,0.9962053298950195
13,10.828399999999977,10.799999999999978,0,True,0.6415166854858398
13,6.999999999999991,6.999999999999991,0,True,0.040338754653930664
13,8.320199999999987,8.299999999999986,0,True,0.861095666885376
13,6.5999999999999925,6.5999999999999925,0,True,0.5388274192810059
13,9.320199999999984,9.299999999999983,0,True,0.5258564949035645
13,6.799999999999992,6.799999999999992,0,True,0.9721925258636475
14,6.999999999999991,6.999999999999991,0,True,0.08941984176635742
14,10.42539999999998,10.399999999999979,0,True,0.6617333889007568
14,6.399999999999993,6.399999999999993,0,True,0.9840226173400879
14,10.524999999999979,10.499999999999979,0,True,0.5889670848846436
14,8.123399999999988,8.099999999999987,0,True,0.03646373748779297
14,6.999999999999991,6.999999999999991,0,True,0.5572900772094727
14,7.29999999999999,7.29999999999999,0,True,1.0647151470184326
14,9.920999999999982,9.89999999999998,0,True,0.5669510364532471
14,10.925199999999977,10.899999999999977,0,True,0.5945339202880859
15,11.331799999999976,11.299999999999976,0,True,0.03403520584106445
15,7.699999999999989,7.699999999999989,0,True,1.1535747051239014
15,7.19999999999999,7.19999999999999,0,True,0.564009428024292
15,7.099999999999991,7.099999999999991,0,True,0.5863847732543945
15,7.821399999999989,7.799999999999988,0,True,0.6019387245178223
15,8.221799999999988,8.199999999999987,0,True,0.10624408721923828
15,10.020799999999982,9.99999999999998,0,True,0.8853888511657715
15,10.72139999999998,10.699999999999978,0,True,0.5701091289520264
15,10.32019999999998,10.29999999999998,0,True,0.5755345821380615
16,7.19999999999999,7.19999999999999,0,True,0.008503913879394531
16,10.728999999999978,10.699999999999978,0,True,0.6017639636993408
16,10.12799999999998,10.09999999999998,0,True,0.9150755405426025
16,7.899999999999988,7.899999999999988,0,True,0.5531129837036133
16,6.8999999999999915,6.8999999999999915,0,True,0.5507512092590332
16,7.29999999999999,7.29999999999999,0,True,0.0651845932006836
16,6.999999999999991,6.999999999999991,0,True,0.7480707168579102
16,7.29999999999999,7.29999999999999,0,True,0.8851239681243896
16,6.699999999999992,6.699999999999992,0,True,0.5859875679016113
16,10.42319999999998,10.399999999999979,0,True,0.6298739910125732
17,6.5999999999999925,6.5999999999999925,0,True,0.03866863250732422
17,11.130399999999977,11.099999999999977,0,True,0.6427280902862549
17,7.599999999999989,7.599999999999989,0,True,0.6292057037353516
17,7.39999999999999,7.39999999999999,0,True,0.5678026676177979
17,7.699999999999989,7.699999999999989,0,True,0.5895695686340332
17,5.4999999999999964,5.4999999999999964,0,True,0.011694669723510742
17,7.19999999999999,7.19999999999999,0,True,0.5610065460205078
17,10.825999999999977,10.799999999999978,0,True,0.623633861541748
17,8.321799999999987,8.299999999999986,0,True,0.5448768138885498
18,6.5999999999999925,6.5999999999999925,0,True,0.05247187614440918
18,5.1999999999999975,5.1999999999999975,0,True,0.5667457580566406
18,7.125199999999991,7.099999999999991,0,True,0.8591058254241943
18,6.499999999999993,6.499999999999993,0,True,0.5699589252471924
18,12.061599999999974,11.999999999999973,0,True,0.6836204528808594
18,16.428799999999967,16.399999999999963,0,True,0.0335235595703125
18,14.444199999999965,14.399999999999965,0,True,0.6695647239685059
18,10.42099999999998,10.399999999999979,0,True,0.9087157249450684
18,11.229199999999977,11.199999999999976,0,True,0.5658948421478271
19,7.29999999999999,7.29999999999999,0,True,0.014693975448608398
19,11.530799999999976,11.499999999999975,0,True,0.6071877479553223
19,8.199999999999987,8.199999999999987,0,True,0.6073741912841797
19,7.4209999999999905,7.39999999999999,0,True,0.5887119770050049
19,11.523799999999977,11.499999999999975,0,True,0.16665124893188477
19,7.899999999999988,7.899999999999988,0,True,0.6334657669067383
19,9.520599999999984,9.499999999999982,0,True,0.6208946704864502
19,7.29999999999999,7.29999999999999,0,True,0.5754547119140625
20,18.29999999999999,18.29999999999999,0,True,0.06308245658874512
20,12.628799999999972,12.599999999999971,0,True,0.7943966388702393
20,7.699999999999989,7.699999999999989,0,True,0.8532860279083252
20,10.72759999999998,10.699999999999978,0,True,0.6264181137084961
20,10.725599999999979,10.699999999999978,0,True,0.09123826026916504
20,17.399999999999977,17.399999999999977,0,True,0.7854125499725342
20,10.22039999999998,10.19999999999998,0,True,0.7115771770477295
21,11.760199999999974,11.699999999999974,0,True,0.16564559936523438
21,10.830799999999979,10.799999999999978,0,True,0.6872363090515137
21,9.629599999999982,9.599999999999982,0,True,0.6020052433013916
21,8.225599999999988,8.199999999999987,0,True,0.5719277858734131
21,6.999999999999991,6.999999999999991,0,True,0.015442609786987305
21,9.328999999999983,9.299999999999983,0,True,0.5783383846282959
21,9.523799999999984,9.499999999999982,0,True,0.5279946327209473
21,6.8999999999999915,6.8999999999999915,0,True,0.49674510955810547
21,11.825599999999975,11.799999999999974,0,True,0.6612448692321777
22,6.499999999999993,6.499999999999993,0,True,0.07784843444824219
22,8.099999999999987,8.099999999999987,0,True,0.582144021987915
22,11.632199999999974,11.599999999999975,0,True,0.6220808029174805
22,8.221199999999987,8.199999999999987,0,True,0.570427656173706
22,10.32239999999998,10.29999999999998,0,True,0.14083456993103027
22,16.09999999999996,16.09999999999996,0,True,0.7782397270202637
23,17.299999999999976,17.299999999999976,0,True,0.08447265625
23,7.39999999999999,7.39999999999999,0,True,0.8825109004974365
23,10.222999999999981,10.19999999999998,0,True,0.8746774196624756
23,11.048799999999977,10.999999999999977,0,True,0.6002762317657471
23,20.831400000000027,20.800000000000026,0,True,0.0580141544342041
23,7.599999999999989,7.599999999999989,0,True,0.6215782165527344
23,7.799999999999988,7.799999999999988,0,True,0.9271950721740723
23,17.199999999999974,17.199999999999974,0,True,0.5816397666931152
24,9.422799999999983,9.399999999999983,0,True,0.16261696815490723
24,10.524999999999979,10.499999999999979,0,True,1.043299674987793
24,7.39999999999999,7.39999999999999,0,True,0.5931053161621094
24,7.52119999999999,7.499999999999989,0,True,0.5799751281738281
24,5.699999999999996,5.699999999999996,0,True,0.07853913307189941
24,6.099999999999994,6.099999999999994,0,True,0.9713530540466309
24,6.699999999999992,6.699999999999992,0,True,0.4828522205352783
24,7.39999999999999,7.39999999999999,0,True,0.5193428993225098
24,7.999999999999988,7.999999999999988,0,True,0.5394797325134277
24,7.499999999999989,7.499999999999989,0,True,0.5580692291259766
25,7.799999999999988,7.799999999999988,0,True,0.01102304458618164
25,7.699999999999989,7.699999999999989,0,True,0.5856163501739502
25,7.999999999999988,7.999999999999988,0,True,1.0024387836456299
25,7.29999999999999,7.29999999999999,0,True,0.5780596733093262
25,13.03279999999997,12.99999999999997,0,True,0.6323010921478271
25,12.332999999999974,12.299999999999972,0,True,0.17868518829345703
25,10.523599999999979,10.499999999999979,0,True,0.699068546295166
25,7.921199999999988,7.899999999999988,0,True,0.9215824604034424
25,6.5999999999999925,6.5999999999999925,0,True,0.5638082027435303
26,9.021599999999985,8.999999999999984,0,True,0.11582636833190918
26,6.8999999999999915,6.8999999999999915,0,True,0.889897346496582
26,7.999999999999988,7.999999999999988,0,True,0.5780062675476074
26,7.29999999999999,7.29999999999999,0,True,0.5957531929016113
26,11.823599999999974,11.799999999999974,0,True,1.008565902709961
26,8.099999999999987,8.099999999999987,0,True,0.1281261444091797
26,10.222199999999981,10.19999999999998,0,True,0.8910467624664307
26,12.126599999999973,12.099999999999973,0,True,0.5967366695404053
26,7.799999999999988,7.799999999999988,0,True,0.5569548606872559
27,8.399999999999986,8.399999999999986,0,True,0.1505749225616455
27,11.723399999999975,11.699999999999974,0,True,0.60719895362854
27,7.699999999999989,7.699999999999989,0,True,0.8027281761169434
27,7.699999999999989,7.699999999999989,0,True,0.5478789806365967
27,7.499999999999989,7.499999999999989,0,True,0.03522658348083496
27,13.633599999999968,13.599999999999968,0,True,0.617236852645874
27,7.29999999999999,7.29999999999999,0,True,0.7133464813232422
27,9.520799999999983,9.499999999999982,0,True,0.545048713684082
28,7.39999999999999,7.39999999999999,0,True,0.025585174560546875
28,11.223999999999977,11.199999999999976,0,True,0.9475553035736084
28,6.999999999999991,6.999999999999991,0,True,0.5810043811798096
28,19.021200000000004,19.0,0,True,0.6972324848175049
28,10.924199999999978,10.899999999999977,0,True,0.05047249794006348
28,7.19999999999999,7.19999999999999,0,True,0.9105663299560547
28,8.099999999999987,8.099999999999987,0,True,0.528101921081543
28,17.999999999999986,17.999999999999986,0,True,0.6535439491271973
29,7.799999999999988,7.799999999999988,0,True,0.13648104667663574
29,10.724999999999978,10.699999999999978,0,True,0.6261327266693115
29,5.999999999999995,5.999999999999995,0,True,0.581397294998169
29,7.699999999999989,7.699999999999989,0,True,0.5924983024597168
29,18.526599999999995,18.499999999999993,0,True,0.2102196216583252
29,12.126199999999974,12.099999999999973,0,True,0.7256569862365723
29,7.699999999999989,7.699999999999989,0,True,0.6865847110748291
30,7.999999999999988,7.999999999999988,0,True,0.0015521049499511719
30,11.527399999999975,11.499999999999975,0,True,0.6294994354248047
30,10.824199999999978,10.799999999999978,0,True,0.6137311458587646
30,11.330399999999976,11.299999999999976,0,True,0.5849592685699463
30,11.630999999999975,11.599999999999975,0,True,0.09345626831054688
30,9.822599999999982,9.799999999999981,0,True,0.7310338020324707
30,7.099999999999991,7.099999999999991,0,True,0.5778813362121582
30,11.331199999999976,11.299999999999976,0,True,0.6259698867797852
31,11.122599999999977,11.099999999999977,0,True,0.08005690574645996
31,11.951999999999975,11.899999999999974,0,True,0.9823806285858154
31,10.928599999999978,10.899999999999977,0,True,0.5904912948608398
31,6.799999999999992,6.799999999999992,0,True,0.5642235279083252
31,10.62299999999998,10.599999999999978,0,True,0.10433578491210938
31,7.39999999999999,7.39999999999999,0,True,0.9090907573699951
31,8.721399999999987,8.699999999999985,0,True,0.5280718803405762
31,10.930199999999978,10.899999999999977,0,True,0.5419597625732422
32,6.699999999999992,6.699999999999992,0,True,0.014010906219482422
32,7.699999999999989,7.699999999999989,0,True,1.1292695999145508
32,8.099999999999987,8.099999999999987,0,True,0.5736470222473145
32,8.724799999999986,8.699999999999985,0,True,0.5769805908203125
32,8.199999999999987,8.199999999999987,0,True,0.594895601272583
32,17.825599999999987,17.799999999999983,0,True,0.14185118675231934
32,10.52219999999998,10.499999999999979,0,True,0.9850711822509766
32,9.121199999999984,9.099999999999984,0,True,0.5701367855072021
32,7.29999999999999,7.29999999999999,0,True,0.5237720012664795
33,7.799999999999988,7.799999999999988,0,True,0.017390966415405273
33,24.439000000000078,24.400000000000077,0,True,0.8124651908874512
33,7.799999999999988,7.799999999999988,0,True,0.96346116065979
33,7.899999999999988,7.899999999999988,0,True,0.09062981605529785
33,10.824399999999978,10.799999999999978,0,True,0.5951440334320068
33,7.899999999999988,7.899999999999988,0,True,0.9524376392364502
33,8.822599999999985,8.799999999999985,0,True,0.5518162250518799
34,7.499999999999989,7.499999999999989,0,True,0.019090652465820312
34,7.799999999999988,7.799999999999988,0,True,1.0318617820739746
34,7.899999999999988,7.899999999999988,0,True,0.586127758026123
34,7.799999999999988,7.799999999999988,0,True,0.6051111221313477
34,7.19999999999999,7.19999999999999,0,True,0.8237121105194092
34,7.699999999999989,7.699999999999989,0,True,0.5804183483123779
34,17.999999999999986,17.999999999999986,0,True,0.10478973388671875
34,6.299999999999994,6.299999999999994,0,True,0.8754289150238037
34,7.999999999999988,7.999999999999988,0,True,0.5247461795806885
35,6.199999999999994,6.199999999999994,0,True,0.10572648048400879
35,12.430799999999973,12.399999999999972,0,True,1.0729577541351318
35,7.599999999999989,7.599999999999989,0,True,0.5607242584228516
35,8.099999999999987,8.099999999999987,0,True,0.617840051651001
35,18.499999999999993,18.499999999999993,0,True,0.0369722843170166
35,12.122599999999974,12.099999999999973,0,True,1.061767578125
35,7.999999999999988,7.999999999999988,0,True,0.5254566669464111
35,7.899999999999988,7.899999999999988,0,True,0.5442547798156738
36,9.621199999999982,9.599999999999982,0,True,0.049829721450805664
36,7.899999999999988,7.899999999999988,0,True,0.7793591022491455
36,7.39999999999999,7.39999999999999,0,True,0.582526445388794
36,8.099999999999987,8.099999999999987,0,True,0.617546558380127
36,9.525199999999982,9.499999999999982,0,True,0.01606440544128418
36,18.9,18.9,0,True,0.8389778137207031
36,10.020999999999981,9.99999999999998,0,True,0.5392782688140869
37,14.334599999999966,14.299999999999965,0,True,0.01219034194946289
37,8.099999999999987,8.099999999999987,0,True,0.6938073635101318
37,12.854999999999972,12.79999999999997,0,True,0.6347706317901611
37,11.631199999999975,11.599999999999975,0,True,0.6086156368255615
37,11.420599999999977,11.399999999999975,0,True,0.017145156860351562
37,7.599999999999989,7.599999999999989,0,True,0.6343123912811279
37,8.820199999999986,8.799999999999985,0,True,0.5461263656616211
37,7.999999999999988,7.999999999999988,0,True,0.5294647216796875
37,7.599999999999989,7.599999999999989,0,True,0.5191183090209961
38,7.999999999999988,7.999999999999988,0,True,0.031691551208496094
38,7.999999999999988,7.999999999999988,0,True,0.6021275520324707
38,8.699999999999985,8.699999999999985,0,True,0.5907762050628662
38,8.499999999999986,8.499999999999986,0,True,0.6081218719482422
38,7.799999999999988,7.799999999999988,0,True,0.615816593170166
38,7.799999999999988,7.799999999999988,0,True,0.027776241302490234
38,7.799999999999988,7.799999999999988,0,True,0.5454156398773193
38,8.899999999999984,8.899999999999984,0,True,0.5544610023498535
38,8.499999999999986,8.499999999999986,0,True,0.5629284381866455
38,7.899999999999988,7.899999999999988,0,True,0.5341906547546387
39,15.469399999999961,15.399999999999961,0,True,0.16204285621643066
39,26.333000000000105,26.300000000000104,0,True,0.9352610111236572
39,11.427399999999976,11.399999999999975,0,True,0.0821523666381836
39,8.699999999999985,8.699999999999985,0,True,0.5592782497406006
39,19.400000000000006,19.400000000000006,0,True,0.6380195617675781
40,8.599999999999985,8.599999999999985,0,True,0.10491657257080078
40,8.999999999999984,8.999999999999984,0,True,0.7887060642242432
40,12.425799999999972,12.399999999999972,0,True,0.599219560623169
40,8.499999999999986,8.499999999999986,0,True,0.658012866973877
40,12.421999999999972,12.399999999999972,0,True,0.08682560920715332
40,9.925799999999981,9.89999999999998,0,True,0.569939374923706
40,20.700000000000024,20.700000000000024,0,True,0.6676554679870605
41,11.924999999999974,11.899999999999974,0,True,0.08058667182922363
41,8.699999999999985,8.699999999999985,0,True,0.70316481590271
41,8.299999999999986,8.299999999999986,0,True,0.6299147605895996
41,12.82839999999997,12.79999999999997,0,True,0.6050703525543213
41,7.599999999999989,7.599999999999989,0,True,0.08400344848632812
41,9.527199999999983,9.499999999999982,0,True,0.8114213943481445
41,14.025799999999967,13.999999999999966,0,True,0.7653379440307617
42,7.999999999999988,7.999999999999988,0,True,0.0821537971496582
42,14.260599999999966,14.199999999999966,0,True,0.8346922397613525
42,8.799999999999985,8.799999999999985,0,True,0.8778643608093262
42,9.923399999999981,9.89999999999998,0,True,0.5993037223815918
42,12.427599999999973,12.399999999999972,0,True,0.006867170333862305
42,11.921599999999975,11.899999999999974,0,True,0.5876989364624023
42,13.23299999999997,13.199999999999969,0,True,0.9988601207733154
42,11.720999999999975,11.699999999999974,0,True,0.5798678398132324
43,8.099999999999987,8.099999999999987,0,True,0.09532570838928223
43,11.929199999999975,11.899999999999974,0,True,0.6446542739868164
43,14.632199999999964,14.599999999999964,0,True,0.6483263969421387
43,6.799999999999992,6.799999999999992,0,True,0.5681991577148438
43,11.729799999999974,11.699999999999974,0,True,0.1505112648010254
43,8.999999999999984,8.999999999999984,0,True,0.7463035583496094
43,8.799999999999985,8.799999999999985,0,True,0.6431670188903809
43,8.899999999999984,8.899999999999984,0,True,0.6674067974090576
44,9.599999999999982,9.599999999999982,0,True,0.14703750610351562
44,7.29999999999999,7.29999999999999,0,True,0.6483674049377441
44,7.999999999999988,7.999999999999988,0,True,0.5782263278961182
44,13.632399999999969,13.599999999999968,0,True,0.865206241607666
44,9.620999999999983,9.599999999999982,0,True,0.07225179672241211
44,12.82499999999997,12.79999999999997,0,True,0.6114039421081543
44,7.999999999999988,7.999999999999988,0,True,0.5365948677062988
44,8.599999999999985,8.599999999999985,0,True,0.7382760047912598
45,10.925399999999978,10.899999999999977,0,True,0.1129446029663086
45,12.829399999999971,12.79999999999997,0,True,0.6688413619995117
45,12.030799999999974,11.999999999999973,0,True,0.09234833717346191
45,13.32299999999997,13.299999999999969,0,True,0.628610372543335
45,7.799999999999988,7.799999999999988,0,True,0.5794684886932373
45,9.622799999999982,9.599999999999982,0,True,0.5405244827270508
46,34.365200000000215,34.30000000000022,0,True,0.22794198989868164
46,22.32100000000005,22.300000000000047,0,True,1.1045846939086914
46,11.020599999999979,10.999999999999977,0,True,0.12742972373962402
46,8.499999999999986,8.499999999999986,0,True,1.1872897148132324
46,9.199999999999983,9.199999999999983,0,True,0.5493755340576172
46,8.899999999999984,8.899999999999984,0,True,0.5687270164489746
47,8.199999999999987,8.199999999999987,0,True,0.10454630851745605
47,7.499999999999989,7.499999999999989,0,True,0.7420063018798828
47,8.599999999999985,8.599999999999985,0,True,0.7070109844207764
47,8.599999999999985,8.599999999999985,0,True,0.5647373199462891
47,9.220199999999984,9.199999999999983,0,True,0.0734410285949707
47,21.10000000000003,21.10000000000003,0,True,0.6787474155426025
47,12.827799999999971,12.79999999999997,0,True,0.5706779956817627
48,9.720599999999983,9.699999999999982,0,True,0.00403285026550293
48,7.699999999999989,7.699999999999989,0,True,0.5521214008331299
48,11.830999999999975,11.799999999999974,0,True,0.6531851291656494
48,6.499999999999993,6.499999999999993,0,True,0.5773968696594238
48,8.299999999999986,8.299999999999986,0,True,0.5989751815795898
48,7.39999999999999,7.39999999999999,0,True,0.08325576782226562
48,8.399999999999986,8.399999999999986,0,True,0.5961434841156006
48,7.29999999999999,7.29999999999999,0,True,0.5374665260314941
48,8.699999999999985,8.699999999999985,0,True,0.5688827037811279
48,7.899999999999988,7.899999999999988,0,True,0.5341401100158691
49,8.399999999999986,8.399999999999986,0,True,0.05168294906616211
49,8.099999999999987,8.099999999999987,0,True,0.6036379337310791
49,8.499999999999986,8.499999999999986,0,True,0.6002669334411621
49,9.299999999999983,9.299999999999983,0,True,0.5941946506500244
49,9.921399999999982,9.89999999999998,0,True,0.12317776679992676
49,22.000000000000043,22.000000000000043,0,True,0.7177388668060303
50,13.426399999999969,13.399999999999968,0,True,0.027103185653686523
50,12.931599999999971,12.89999999999997,0,True,0.8598713874816895
50,9.89999999999998,9.89999999999998,0,True,0.726032018661499
50,8.999999999999984,8.999999999999984,0,True,0.5863094329833984
50,11.721799999999975,11.699999999999974,0,True,0.01812267303466797
50,10.121599999999981,10.09999999999998,0,True,0.7532939910888672
50,8.599999999999985,8.599999999999985,0,True,0.5933029651641846
50,10.127799999999981,10.09999999999998,0,True,0.5691254138946533
50,8.699999999999985,8.699999999999985,0,True,0.5326728820800781
51,9.499999999999982,9.499999999999982,0,True,0.05387568473815918
51,9.099999999999984,9.099999999999984,0,True,0.6092977523803711
51,12.62839999999997,12.599999999999971,0,True,0.595318078994751
51,8.299999999999986,8.299999999999986,0,True,0.5817511081695557
51,8.799999999999985,8.799999999999985,0,True,0.13038301467895508
51,23.420200000000065,23.400000000000063,0,True,0.83725905418396
52,8.399999999999986,8.399999999999986,0,True,0.019317150115966797
52,22.237200000000048,22.200000000000045,0,True,0.8667728900909424
52,9.299999999999983,9.299999999999983,0,True,0.6332135200500488
52,22.23180000000005,22.200000000000045,0,True,0.15029668807983398
52,12.822599999999971,12.79999999999997,0,True,0.8129186630249023
53,8.099999999999987,8.099999999999987,0,True,0.016691923141479492
53,22.652400000000053,22.60000000000005,0,True,0.7878639698028564
53,21.600000000000037,21.600000000000037,0,True,0.08350753784179688
53,11.120799999999978,11.099999999999977,0,True,0.7569427490234375
53,8.824599999999986,8.799999999999985,0,True,0.7317643165588379
53,7.499999999999989,7.499999999999989,0,True,0.5419583320617676
54,27.156800000000118,27.100000000000115,0,True,0.13197922706604004
54,14.333999999999966,14.299999999999965,0,True,0.7511410713195801
54,7.699999999999989,7.699999999999989,0,True,0.04641127586364746
54,12.620399999999972,12.599999999999971,0,True,0.5815300941467285
54,10.621199999999979,10.599999999999978,0,True,0.6041595935821533
54,10.42639999999998,10.399999999999979,0,True,1.020866870880127
55,27.521200000000125,27.50000000000012,0,True,0.1643352508544922
55,8.499999999999986,8.499999999999986,0,True,0.643747091293335
55,9.499999999999982,9.499999999999982,0,True,0.6376490592956543
55,22.200000000000045,22.200000000000045,0,True,0.24480605125427246
55,9.099999999999984,9.099999999999984,0,True,0.7516152858734131
56,8.899999999999984,8.899999999999984,0,True,0.002161264419555664
56,8.999999999999984,8.999999999999984,0,True,0.6222596168518066
56,9.199999999999983,9.199999999999983,0,True,0.6223797798156738
56,8.699999999999985,8.699999999999985,0,True,0.6269404888153076
56,35.980600000000244,35.90000000000024,0,True,0.2645444869995117
56,10.52379999999998,10.499999999999979,0,True,0.5862610340118408
57,23.000000000000057,23.000000000000057,0,True,0.08934140205383301
57,10.52799999999998,10.499999999999979,0,True,0.8202826976776123
57,9.499999999999982,9.499999999999982,0,True,0.9742693901062012
57,9.199999999999983,9.199999999999983,0,True,0.6082823276519775
57,8.399999999999986,8.399999999999986,0,True,0.04831266403198242
57,11.920999999999975,11.899999999999974,0,True,0.5953819751739502
57,13.925599999999967,13.899999999999967,0,True,1.061295509338379
57,10.09999999999998,10.09999999999998,0,True,0.5677897930145264
58,7.599999999999989,7.599999999999989,0,True,0.1230628490447998
58,8.399999999999986,8.399999999999986,0,True,0.6010828018188477
58,10.229199999999981,10.19999999999998,0,True,0.5848040580749512
58,12.221599999999974,12.199999999999973,0,True,0.17735075950622559
58,22.700000000000053,22.700000000000053,0,True,0.7268517017364502
59,28.53500000000014,28.500000000000135,0,True,0.15023016929626465
59,10.724399999999978,10.699999999999978,0,True,0.651099681854248
59,10.399999999999979,10.399999999999979,0,True,0.6743299961090088
59,14.526999999999965,14.499999999999964,0,True,0.08775973320007324
60,10.09999999999998,10.09999999999998,0,True,0.08555340766906738
60,22.800000000000054,22.800000000000054,0,True,0.7108080387115479
60,9.599999999999982,9.599999999999982,0,True,0.6231849193572998
60,47.706600000000414,47.600000000000406,0,True,0.18372678756713867
60,21.824200000000044,21.80000000000004,0,True,0.8889126777648926
61,25.900000000000098,25.900000000000098,0,True,0.2897007465362549
61,8.599999999999985,8.599999999999985,0,True,0.7042298316955566
61,23.72080000000007,23.700000000000067,0,True,0.30471181869506836
61,8.999999999999984,8.999999999999984,0,True,0.8310432434082031
61,8.899999999999984,8.899999999999984,0,True,0.5702552795410156
62,36.46000000000024,36.40000000000025,0,True,0.2731332778930664
62,7.899999999999988,7.899999999999988,0,True,0.12247300148010254
62,24.522400000000083,24.500000000000078,0,True,0.8196971416473389
63,29.533200000000154,29.50000000000015,0,True,0.29448390007019043
63,38.36000000000027,38.300000000000274,0,True,0.40283703804016113
64,26.70000000000011,26.70000000000011,0,True,0.05063223838806152
64,25.600000000000094,25.600000000000094,0,True,1.1726019382476807
64,47.1070000000004,47.0000000000004,0,True,0.581571102142334
65,26.80000000000011,26.80000000000011,0,True,0.15186524391174316
65,8.799999999999985,8.799999999999985,0,True,0.9111664295196533
65,10.499999999999979,10.499999999999979,0,True,0.6202828884124756
66,27.200000000000117,27.200000000000117,0,True,0.2702064514160156
66,43.89220000000035,43.80000000000035,0,True,0.006383657455444336
66,24.649400000000085,24.60000000000008,0,True,1.0020596981048584
67,25.200000000000088,25.200000000000088,0,True,0.1641402244567871
67,26.200000000000102,26.200000000000102,0,True,1.0848033428192139
67,24.100000000000072,24.100000000000072,0,True,0.08785486221313477
67,11.025399999999978,10.999999999999977,0,True,0.7567603588104248
67,9.399999999999983,9.399999999999983,0,True,0.5547971725463867
68,9.699999999999982,9.699999999999982,0,True,0.06452775001525879
68,24.400000000000077,24.400000000000077,0,True,0.12581324577331543
68,24.630600000000083,24.60000000000008,0,True,0.9589219093322754
69,40.1252000000003,40.0000000000003,0,True,0.0482783317565918
69,23.700000000000067,23.700000000000067,0,True,0.38111424446105957
69,11.728199999999974,11.699999999999974,0,True,0.5800421237945557
70,37.15820000000026,37.10000000000026,0,True,0.01875448226928711
70,24.200000000000074,24.200000000000074,0,True,0.7535498142242432
70,10.09999999999998,10.09999999999998,0,True,0.6059808731079102
70,24.92220000000009,24.900000000000084,0,True,0.21557021141052246
71,29.100000000000144,29.100000000000144,0,True,0.2647435665130615
71,27.82280000000013,27.800000000000125,0,True,0.09911298751831055
71,28.62640000000014,28.600000000000136,0,True,1.1318306922912598
72,27.627400000000126,27.600000000000122,0,True,0.13923215866088867
72,26.159600000000104,26.1000000000001,0,True,1.1052091121673584
72,26.020800000000104,26.0000000000001,0,True,0.27924060821533203
73,26.500000000000107,26.500000000000107,0,True,0.30100083351135254
73,26.825000000000113,26.80000000000011,0,True,0.11890029907226562
73,15.421799999999962,15.399999999999961,0,True,0.6096291542053223
74,26.80000000000011,26.80000000000011,0,True,0.1130833625793457
74,25.628400000000095,25.600000000000094,0,True,0.08149266242980957
74,26.900000000000112,26.900000000000112,0,True,0.7450075149536133
75,28.222800000000134,28.20000000000013,0,True,0.004324436187744141
75,26.600000000000108,26.600000000000108,0,True,0.9463634490966797
75,12.83059999999997,12.79999999999997,0,True,0.6535868644714355
75,27.623800000000127,27.600000000000122,0,True,0.4262213706970215
76,28.80000000000014,28.80000000000014,0,True,0.4571342468261719
76,33.55280000000021,33.500000000000206,0,True,0.18761706352233887
77,28.10000000000013,28.10000000000013,0,True,0.27320170402526855
77,28.422600000000138,28.400000000000134,0,True,0.0767221450805664
77,29.22120000000015,29.200000000000145,0,True,0.7678940296173096
78,32.33600000000019,32.30000000000019,0,True,0.08569526672363281
78,26.0000000000001,26.0000000000001,0,True,0.7747702598571777
78,30.400000000000162,30.400000000000162,0,True,0.37882494926452637
79,26.242000000000104,26.200000000000102,0,True,0.2783513069152832
79,36.95760000000026,36.80000000000025,0,True,0.3632347583770752
80,31.929800000000185,31.900000000000183,0,True,0.24258065223693848
80,34.43840000000022,34.40000000000022,0,True,0.22651290893554688
81,30.32000000000016,30.30000000000016,0,True,0.04076504707336426
81,33.73100000000021,33.70000000000021,0,True,0.98880934715271
81,25.025000000000087,25.000000000000085,0,True,0.011544466018676758
81,36.66700000000025,36.60000000000025,0,True,0.967703104019165
82,27.700000000000124,27.700000000000124,0,True,0.3692631721496582
82,28.600000000000136,28.600000000000136,0,True,0.3029961585998535
83,26.454000000000107,26.400000000000105,0,True,0.10907268524169922
83,28.80000000000014,28.80000000000014,0,True,0.9667062759399414
83,28.20000000000013,28.20000000000013,0,True,0.24602413177490234
84,27.900000000000126,27.900000000000126,0,True,0.44332456588745117
84,42.676000000000336,42.600000000000335,0,True,0.24072861671447754
85,27.40000000000012,27.40000000000012,0,True,0.2644186019897461
85,38.97080000000028,38.90000000000028,0,True,0.2185535430908203
86,27.100000000000115,27.100000000000115,0,True,0.03786015510559082
86,33.87260000000021,33.80000000000021,0,True,1.1508533954620361
86,26.300000000000104,26.300000000000104,0,True,0.027632474899291992
86,26.70000000000011,26.70000000000011,0,True,0.7777938842773438
87,33.63980000000021,33.60000000000021,0,True,0.5164506435394287
87,33.74620000000021,33.70000000000021,0,True,0.4093811511993408
88,28.925000000000143,28.90000000000014,0,True,0.29881906509399414
88,34.12580000000022,34.100000000000215,0,True,0.27587175369262695
89,31.126400000000174,31.100000000000172,0,True,0.0928487777709961
89,27.040800000000118,27.000000000000114,0,True,0.044275760650634766
89,35.543000000000234,35.500000000000234,0,True,0.9973697662353516
90,31.830200000000186,31.800000000000182,0,True,0.016090869903564453
90,32.9510000000002,32.9000000000002,0,True,0.9625611305236816
90,32.8272000000002,32.800000000000196,0,True,0.6349422931671143
91,25.900000000000098,25.900000000000098,0,True,0.3520352840423584
92,25.36160000000009,25.30000000000009,0,True,0.050811767578125
92,31.922800000000183,31.900000000000183,0,True,0.9408318996429443
92,75.053,74.80000000000003,0,True,0.34878110885620117
93,35.97060000000024,35.90000000000024,0,True,0.661505937576294
93,30.624800000000167,30.600000000000165,0,True,0.27078723907470703
94,28.80000000000014,28.80000000000014,0,True,0.4601008892059326
94,62.489000000000615,62.300000000000615,0,True,0.540611743927002
95,28.90000000000014,28.90000000000014,0,True,0.1605837345123291
95,25.9352000000001,25.900000000000098,0,True,0.9957404136657715
96,34.066800000000214,34.00000000000021,0,True,0.46700143814086914
96,41.270800000000314,41.200000000000315,0,True,0.012908220291137695
96,29.620200000000153,29.60000000000015,0,True,0.7991604804992676
97,31.00000000000017,31.00000000000017,0,True,0.4721541404724121
97,46.689800000000396,46.60000000000039,0,True,0.6413824558258057
98,41.243200000000314,41.200000000000315,0,True,0.35124921798706055
98,41.450000000000315,41.40000000000032,0,True,0.6658890247344971
99,29.622400000000155,29.60000000000015,0,True,0.1528637409210205
99,10.999999999999977,10.999999999999977,0,True,0.6349136829376221
99,35.52340000000024,35.40000000000023,0,True,0.6656103134155273
100,39.7810000000003,39.700000000000294,0,True,0.30791282653808594
101,31.229200000000176,31.200000000000173,0,True,0.24565505981445312
101,57.144000000000545,57.00000000000054,0,True,0.1455860137939453
102,41.373600000000316,41.30000000000032,0,True,0.20912742614746094
103,29.739600000000156,29.700000000000152,0,True,0.055355072021484375
103,26.53580000000011,26.500000000000107,0,True,0.9541332721710205
104,27.656600000000125,27.600000000000122,0,True,0.23532366752624512
104,138.61459999999641,137.99999999999645,0,True,0.34927797317504883
105,33.95200000000021,33.90000000000021,0,True,0.2570507526397705
105,42.06060000000033,42.00000000000033,0,True,0.34768152236938477
106,37.76300000000027,37.700000000000266,0,True,0.17669034004211426
106,20.149200000000018,20.100000000000016,0,True,0.8179423809051514
106,31.054800000000174,31.00000000000017,0,True,0.3058185577392578
107,29.83300000000016,29.800000000000153,0,True,0.2539331912994385
107,40.5498000000003,40.500000000000306,0,True,0.3134117126464844
108,34.36700000000022,34.30000000000022,0,True,0.14016437530517578
108,35.426600000000235,35.40000000000023,0,True,0.3330254554748535
109,30.500000000000163,30.500000000000163,0,True,0.12800312042236328
109,10.599999999999978,10.599999999999978,0,True,0.8366172313690186
109,30.12640000000016,30.100000000000158,0,True,0.07514214515686035
110,38.24680000000028,38.20000000000027,0,True,0.2524280548095703
110,45.47840000000038,45.400000000000375,0,True,0.16946148872375488
110,10.899999999999977,10.899999999999977,0,True,0.6050148010253906
111,31.200000000000173,31.200000000000173,0,True,0.0592808723449707
111,32.73760000000019,32.700000000000195,0,True,1.0021865367889404
111,29.800000000000153,29.800000000000153,0,True,0.21091055870056152
112,30.92500000000017,30.90000000000017,0,True,0.0827779769897461
112,32.021600000000184,32.000000000000185,0,True,0.9379982948303223
113,51.69540000000046,51.60000000000046,0,True,0.12220168113708496
113,11.499999999999975,11.499999999999975,0,True,0.1540372371673584
114,31.832800000000184,31.800000000000182,0,True,0.030039548873901367
114,30.348400000000165,30.30000000000016,0,True,1.038588523864746
114,32.523200000000195,32.50000000000019,0,True,0.013941526412963867
114,30.700000000000166,30.700000000000166,0,True,0.9510636329650879
115,37.63180000000027,37.600000000000264,0,True,0.42935729026794434
115,27.900000000000126,27.900000000000126,0,True,0.2182142734527588
115,10.599999999999978,10.599999999999978,0,True,0.6176483631134033
116,29.400000000000148,29.400000000000148,0,True,0.18202757835388184
116,42.052800000000325,42.00000000000033,0,True,0.5923550128936768
117,41.19240000000031,41.100000000000314,0,True,0.3857719898223877
117,34.72860000000023,34.70000000000022,0,True,0.5276339054107666
118,39.23920000000029,39.20000000000029,0,True,0.3438699245452881
118,50.58380000000045,50.50000000000045,0,True,0.6140310764312744
119,44.35480000000036,44.30000000000036,0,True,0.39287328720092773
119,33.0296000000002,33.0000000000002,0,True,0.6001970767974854
120,41.556400000000316,41.50000000000032,0,True,0.3272690773010254
120,32.06580000000019,32.000000000000185,0,True,0.44542837142944336
121,32.700000000000195,32.700000000000195,0,True,0.25532031059265137
121,31.200000000000173,31.200000000000173,0,True,0.13818979263305664
122,33.400000000000205,33.400000000000205,0,True,0.19298267364501953
122,29.50000000000015,29.50000000000015,0,True,0.0416867733001709
122,32.100000000000186,32.100000000000186,0,True,0.9244363307952881
123,41.94500000000033,41.900000000000325,0,True,0.1991746425628662
123,35.328600000000236,35.30000000000023,0,True,0.6068925857543945
124,38.245000000000275,38.20000000000027,0,True,0.18567109107971191
124,32.399400000000185,32.30000000000019,0,True,0.4557662010192871
125,39.149000000000285,39.100000000000286,0,True,0.1555798053741455
125,45.066400000000364,45.00000000000037,0,True,0.3957791328430176
126,31.800000000000182,31.800000000000182,0,True,0.050496816635131836
126,32.700000000000195,32.700000000000195,0,True,0.2754323482513428
127,42.253800000000325,42.20000000000033,0,True,0.05197787284851074
128,37.42400000000026,37.40000000000026,0,True,0.027538299560546875
128,78.12899999999985,77.69999999999986,0,True,0.28451037406921387
129,43.14620000000034,43.10000000000034,0,True,0.058447837829589844
129,38.43260000000028,38.400000000000276,0,True,0.22925496101379395
130,49.38200000000043,49.30000000000043,0,True,0.16162753105163574
130,33.0000000000002,33.0000000000002,0,True,0.21120834350585938
131,41.48460000000032,41.40000000000032,0,True,0.2854146957397461
131,31.60000000000018,31.60000000000018,0,True,0.0223844051361084
132,36.126000000000246,36.10000000000024,0,True,0.23459410667419434
132,54.90740000000051,54.80000000000051,0,True,0.22161388397216797
133,52.56260000000047,52.400000000000475,0,True,0.4089078903198242
133,32.34460000000019,32.30000000000019,0,True,0.12420058250427246
134,32.000000000000185,32.000000000000185,0,True,0.353656530380249
134,48.282600000000414,48.200000000000415,0,True,0.20491385459899902
135,33.72540000000021,33.70000000000021,0,True,0.1689467430114746
135,36.129800000000245,36.10000000000024,0,True,0.23159408569335938
136,33.2000000000002,33.2000000000002,0,True,0.048140764236450195
136,30.93720000000017,30.90000000000017,0,True,0.05470132827758789
136,29.900000000000155,29.900000000000155,0,True,0.8683552742004395
137,38.75840000000028,38.70000000000028,0,True,0.03251481056213379
137,36.336600000000246,36.300000000000246,0,True,1.0420732498168945
137,32.86000000000019,32.800000000000196,0,True,0.48198652267456055
138,33.2000000000002,33.2000000000002,0,True,0.6841485500335693
138,33.70000000000021,33.70000000000021,0,True,0.41484904289245605
