source_class,source_frame,replacement_family,replacement_background_id,context_multiplier,requested_context_width,requested_context_height,context_x1,context_y1,context_x2,context_y2,effective_context_width,effective_context_height,context_clipped,target_x1_l0,target_y1_l0,target_x2_l0,target_y2_l0,rank_at_iou_030,rank_at_iou_050,best_matching_score,best_matching_score_iou_050,max_iou,above_production_threshold,proposal_count,recall_at_1_iou_030,recall_at_5_iou_030,recall_at_20_iou_030,recall_at_1_iou_050,recall_at_5_iou_050,recall_at_20_iou_050,native_rank_at_iou_030,native_best_matching_score,native_max_iou,valid_native_control,rank_delta_from_native,rank_recovery_ratio_native_over_context,score_recovery_ratio,iou_recovery_ratio,top20_status_restored,activation_recovered
condor,3,helsinki,frame_000000,1.0,171.0,166.0,2673,1583,2844,1749,171,166,False,668.25,395.75,711.0,437.25,9,67,0.008356451988220215,0.0011765062808990479,0.5727926508155593,False,2354,False,False,True,False,False,False,5,0.049265921115875244,0.8690181668806202,True,4,0.5555555555555556,0.16961931897234875,0.6591262100671892,True,False
condor,3,helsinki,frame_000000,1.25,213.75,207.5,2651,1562,2866,1770,215,208,False,668.25,395.75,711.0,437.25,7,330,0.015111684799194336,0.0007710158824920654,0.8639378368140839,True,2327,False,False,True,False,False,False,5,0.049265921115875244,0.8690181668806202,True,2,0.7142857142857143,0.30673708025576346,0.9941539426215077,True,False
condor,3,helsinki,frame_000000,1.5,256.5,249.0,2630,1541,2887,1791,257,250,False,668.25,395.75,711.0,437.25,6,8,0.04985606670379639,0.016189396381378174,0.8469449247629562,True,2314,False,False,True,False,False,True,5,0.049265921115875244,0.8690181668806202,True,1,0.8333333333333334,1.0119787791348323,0.9745997920884706,True,True
condor,3,helsinki,frame_000000,2.0,342.0,332.0,2587,1500,2930,1832,343,332,False,668.25,395.75,711.0,437.25,5,6,0.048215895891189575,0.022573381662368774,0.8656543194990877,True,2338,False,True,True,False,False,True,5,0.049265921115875244,0.8690181668806202,True,0,1.0,0.9786865808879129,0.9961291403221095,True,True
condor,3,helsinki,frame_000000,4.0,684.0,664.0,2416,1334,3101,1998,685,664,False,668.25,395.75,711.0,437.25,5,5,0.05584436655044556,0.05584436655044556,0.87552839795751,True,2294,False,True,True,False,True,True,5,0.049265921115875244,0.8690181668806202,True,0,1.0,1.1335293299215408,1.0074914786882518,True,True
condor,3,helsinki,frame_000000,8.0,1368.0,1328.0,2074,1002,3443,2160,1369,1158,True,668.25,395.75,711.0,437.25,6,6,0.04298630356788635,0.04298630356788635,0.8795593154804425,True,2151,False,False,True,False,False,True,5,0.049265921115875244,0.8690181668806202,True,1,0.8333333333333334,0.8725362805412893,1.01212995194066,True,True
condor,3,hosted_validation,00000,1.0,171.0,166.0,2673,1583,2844,1749,171,166,False,668.25,395.75,711.0,437.25,254,313,0.0005345940589904785,0.00044989585876464844,0.7033432654142464,False,2918,False,False,False,False,False,False,5,0.049265921115875244,0.8690181668806202,True,249,0.01968503937007874,0.010851193824897616,0.8093539263269129,False,False
condor,3,hosted_validation,00000,1.25,213.75,207.5,2651,1562,2866,1770,215,208,False,668.25,395.75,711.0,437.25,253,456,0.00051841139793396,0.0003656446933746338,0.5629849414054331,False,2908,False,False,False,False,False,False,5,0.049265921115875244,0.8690181668806202,True,248,0.019762845849802372,0.010522718061327574,0.6478402441531146,False,False
condor,3,hosted_validation,00000,1.5,256.5,249.0,2630,1541,2887,1791,257,250,False,668.25,395.75,711.0,437.25,238,238,0.0005609989166259766,0.0005609989166259766,0.7240326898157313,False,2936,False,False,False,False,False,False,5,0.049265921115875244,0.8690181668806202,True,233,0.02100840336134454,0.01138715980376144,0.8331617420780503,False,False
condor,3,hosted_validation,00000,2.0,342.0,332.0,2587,1500,2930,1832,343,332,False,668.25,395.75,711.0,437.25,17,17,0.0012231171131134033,0.0012231171131134033,0.8720555228808556,False,2861,False,False,True,False,False,True,5,0.049265921115875244,0.8690181668806202,True,12,0.29411764705882354,0.024826839434029604,1.0034951582325813,True,False
condor,3,hosted_validation,00000,4.0,684.0,664.0,2416,1334,3101,1998,685,664,False,668.25,395.75,711.0,437.25,1,1,0.010357379913330078,0.010357379913330078,0.8921112788997564,True,3012,True,True,True,True,True,True,5,0.049265921115875244,0.8690181668806202,True,-4,5.0,0.2102341675286887,1.0265737966123654,True,False
condor,3,hosted_validation,00000,8.0,1368.0,1328.0,2074,1002,3443,2160,1369,1158,True,668.25,395.75,711.0,437.25,2,2,0.019100189208984375,0.019100189208984375,0.8787641450176198,True,3098,False,True,True,False,True,True,5,0.049265921115875244,0.8690181668806202,True,-3,2.5,0.3876957697403045,1.011214930260875,True,False
helicopter,8,helsinki,frame_000009,1.0,116.0,94.0,2251,1373,2367,1467,116,94,False,562.75,343.25,591.75,366.75,5,5,0.5835086107254028,0.5835086107254028,0.7310310645253504,True,2093,False,True,True,False,True,True,1,0.9361262917518616,0.8449819362059344,True,4,0.2,0.623322532297889,0.8651440145664693,True,True
helicopter,8,helsinki,frame_000009,1.25,145.0,117.5,2236,1361,2382,1479,146,118,False,562.75,343.25,591.75,366.75,5,5,0.728546142578125,0.728546142578125,0.7457567729968569,True,2094,False,True,True,False,True,True,1,0.9361262917518616,0.8449819362059344,True,4,0.2,0.7782562555899672,0.8825712610442185,True,True
helicopter,8,helsinki,frame_000009,1.5,174.0,141.0,2222,1349,2396,1491,174,142,False,562.75,343.25,591.75,366.75,3,3,0.9015848636627197,0.9015848636627197,0.8554107089804134,True,2099,False,True,True,False,True,True,1,0.9361262917518616,0.8449819362059344,True,2,0.3333333333333333,0.9631017434362396,1.0123420067668019,True,True
helicopter,8,helsinki,frame_000009,2.0,232.0,188.0,2193,1326,2425,1514,232,188,False,562.75,343.25,591.75,366.75,3,3,0.903953492641449,0.903953492641449,0.8255461739551494,True,2107,False,True,True,False,True,True,1,0.9361262917518616,0.8449819362059344,True,2,0.3333333333333333,0.9656319885533772,0.976998606221035,True,True
helicopter,8,helsinki,frame_000009,4.0,464.0,376.0,2077,1232,2541,1608,464,376,False,562.75,343.25,591.75,366.75,3,3,0.8619343042373657,0.8619343042373657,0.8237171703148762,True,2125,False,True,True,False,True,True,1,0.9361262917518616,0.8449819362059344,True,2,0.3333333333333333,0.9207457496192598,0.9748340585994779,True,True
helicopter,8,helsinki,frame_000009,8.0,928.0,752.0,1845,1044,2773,1796,928,752,False,562.75,343.25,591.75,366.75,3,3,0.9119168519973755,0.9119168519973755,0.8212678677248878,True,2148,False,True,True,False,True,True,1,0.9361262917518616,0.8449819362059344,True,2,0.3333333333333333,0.9741387033268977,0.971935413687628,True,True
helicopter,8,hosted_validation,00095,1.0,116.0,94.0,2251,1373,2367,1467,116,94,False,562.75,343.25,591.75,366.75,373,467,0.0005638301372528076,0.0004500150680541992,0.7659481876407042,False,2310,False,False,False,False,False,False,1,0.9361262917518616,0.8449819362059344,True,372,0.002680965147453083,0.0006023013585033051,0.9064669371275547,False,False
helicopter,8,hosted_validation,00095,1.25,145.0,117.5,2236,1361,2382,1479,146,118,False,562.75,343.25,591.75,366.75,361,365,0.000593721866607666,0.0005791783332824707,0.8503558239650898,False,2310,False,False,False,False,False,False,1,0.9361262917518616,0.8449819362059344,True,360,0.002770083102493075,0.0006342326583911858,1.0063597664386588,False,False
helicopter,8,hosted_validation,00095,1.5,174.0,141.0,2222,1349,2396,1491,174,142,False,562.75,343.25,591.75,366.75,6,6,0.002530127763748169,0.002530127763748169,0.6535528970831733,False,2320,False,False,True,False,False,True,1,0.9361262917518616,0.8449819362059344,True,5,0.16666666666666666,0.002702763276751155,0.7734519154547854,True,False
helicopter,8,hosted_validation,00095,2.0,232.0,188.0,2193,1326,2425,1514,232,188,False,562.75,343.25,591.75,366.75,2,2,0.005381524562835693,0.005381524562835693,0.6924524674869449,False,2338,False,True,True,False,True,True,1,0.9361262917518616,0.8449819362059344,True,1,0.5,0.005748716396763879,0.8194878941390578,True,False
helicopter,8,hosted_validation,00095,4.0,464.0,376.0,2077,1232,2541,1608,464,376,False,562.75,343.25,591.75,366.75,1,1,0.09752511978149414,0.09752511978149414,0.6977879113392745,True,2516,True,True,True,True,True,True,1,0.9361262917518616,0.8449819362059344,True,0,1.0,0.10417944741086822,0.825802163857398,True,False
helicopter,8,hosted_validation,00095,8.0,928.0,752.0,1845,1044,2773,1796,928,752,False,562.75,343.25,591.75,366.75,1,1,0.5794627070426941,0.5794627070426941,0.7785614266663647,True,2711,True,True,True,True,True,True,1,0.9361262917518616,0.8449819362059344,True,0,1.0,0.619000568778269,0.9213941663205187,True,True
jammer,1,helsinki,frame_000014,1.0,32.0,44.0,1493,1314,1525,1358,32,44,False,373.25,328.5,381.25,339.5,52,52,0.0017231404781341553,0.0017231404781341553,0.5533279150432933,False,1950,False,False,False,False,False,False,19,0.005901724100112915,0.7145684933955786,True,33,0.36538461538461536,0.29197238788258284,0.7743525220569387,False,False
jammer,1,helsinki,frame_000014,1.25,40.0,55.0,1489,1308,1529,1364,40,56,False,373.25,328.5,381.25,339.5,149,,0.0009827911853790283,0.0,0.48645882524301776,False,1946,False,False,False,False,False,False,19,0.005901724100112915,0.7145684933955786,True,130,0.12751677852348994,0.16652611486196467,0.6807728436659726,False,False
jammer,1,helsinki,frame_000014,1.5,48.0,66.0,1485,1303,1533,1369,48,66,False,373.25,328.5,381.25,339.5,548,,0.00035515427589416504,0.0,0.3596425604666689,False,1941,False,False,False,False,False,False,19,0.005901724100112915,0.7145684933955786,True,529,0.03467153284671533,0.06017805472935782,0.503300332705229,False,False
jammer,1,helsinki,frame_000014,2.0,64.0,88.0,1477,1292,1541,1380,64,88,False,373.25,328.5,381.25,339.5,,,0.0,0.0,0.27702434319067926,False,1947,False,False,False,False,False,False,19,0.005901724100112915,0.7145684933955786,True,1929,0.009753593429158111,0.0,0.3876806013014642,False,False
jammer,1,helsinki,frame_000014,4.0,128.0,176.0,1445,1248,1573,1424,128,176,False,373.25,328.5,381.25,339.5,1550,,0.00012251734733581543,0.0,0.4949832689056103,False,1933,False,False,False,False,False,False,19,0.005901724100112915,0.7145684933955786,True,1531,0.012258064516129033,0.020759585717243435,0.692702342015508,False,False
jammer,1,helsinki,frame_000014,8.0,256.0,352.0,1381,1160,1637,1512,256,352,False,373.25,328.5,381.25,339.5,1709,,0.0001125037670135498,0.0,0.4901388083321543,False,1928,False,False,False,False,False,False,19,0.005901724100112915,0.7145684933955786,True,1690,0.011117612638970159,0.019062864529942585,0.6859227811781199,False,False
jammer,1,hosted_validation,00145,1.0,32.0,44.0,1493,1314,1525,1358,32,44,False,373.25,328.5,381.25,339.5,,,0.0,0.0,0.2214606890612063,False,3330,False,False,False,False,False,False,19,0.005901724100112915,0.7145684933955786,True,3312,0.005703992794956469,0.0,0.3099222693248633,False,False
jammer,1,hosted_validation,00145,1.25,40.0,55.0,1489,1308,1529,1364,40,56,False,373.25,328.5,381.25,339.5,,,0.0,0.0,0.25093395897032694,False,3336,False,False,False,False,False,False,19,0.005901724100112915,0.7145684933955786,True,3318,0.005693736889421637,0.0,0.3511685181890775,False,False
jammer,1,hosted_validation,00145,1.5,48.0,66.0,1485,1303,1533,1369,48,66,False,373.25,328.5,381.25,339.5,,,0.0,0.0,0.2572627621736075,False,3328,False,False,False,False,False,False,19,0.005901724100112915,0.7145684933955786,True,3310,0.005707419645539201,0.0,0.36002533634125566,False,False
jammer,1,hosted_validation,00145,2.0,64.0,88.0,1477,1292,1541,1380,64,88,False,373.25,328.5,381.25,339.5,,,0.0,0.0,0.24952312181394162,False,3343,False,False,False,False,False,False,19,0.005901724100112915,0.7145684933955786,True,3325,0.005681818181818182,0.0,0.34919412781303233,False,False
jammer,1,hosted_validation,00145,4.0,128.0,176.0,1445,1248,1573,1424,128,176,False,373.25,328.5,381.25,339.5,,,0.0,0.0,0.1234129340638722,False,3378,False,False,False,False,False,False,19,0.005901724100112915,0.7145684933955786,True,3360,0.0056229653743711154,0.0,0.1727097335028343,False,False
jammer,1,hosted_validation,00145,8.0,256.0,352.0,1381,1160,1637,1512,256,352,False,373.25,328.5,381.25,339.5,1711,1711,0.00015529990196228027,0.00015529990196228027,0.6211495856872867,False,3368,False,False,False,False,False,False,19,0.005901724100112915,0.7145684933955786,True,1692,0.011104617182933957,0.02631432769947836,0.8692652858729163,False,False
large_launcher,9,helsinki,frame_000000,1.0,149.0,108.0,3552,897,3701,1005,149,108,False,888.0,224.25,925.25,251.25,28,28,0.0024498701095581055,0.0024498701095581055,0.5682430734797382,False,2339,False,False,False,False,False,False,1,0.9761446118354797,0.8281400011329699,True,27,0.03571428571428571,0.002509740954213256,0.6861678855052656,False,False
large_launcher,9,helsinki,frame_000000,1.25,186.25,135.0,3533,883,3720,1019,187,136,False,888.0,224.25,925.25,251.25,40,40,0.0017939209938049316,0.0017939209938049316,0.7368761274862912,False,2327,False,False,False,False,False,False,1,0.9761446118354797,0.8281400011329699,True,39,0.025,0.001837761507930426,0.8897965639604154,False,False
large_launcher,9,helsinki,frame_000000,1.5,223.5,162.0,3514,870,3739,1032,225,162,False,888.0,224.25,925.25,251.25,9,9,0.008417636156082153,0.008417636156082153,0.9347396977889887,False,2324,False,False,True,False,False,True,1,0.9761446118354797,0.8281400011329699,True,8,0.1111111111111111,0.008623349505821857,1.1287218302583872,True,False
large_launcher,9,helsinki,frame_000000,2.0,298.0,216.0,3477,843,3776,1059,299,216,False,888.0,224.25,925.25,251.25,7,7,0.015223264694213867,0.015223264694213867,0.8675173543487902,True,2336,False,False,True,False,False,True,1,0.9761446118354797,0.8281400011329699,True,6,0.14285714285714285,0.015595296546880504,1.0475491500977474,True,False
large_launcher,9,helsinki,frame_000000,4.0,596.0,432.0,3328,735,3840,1167,512,432,True,888.0,224.25,925.25,251.25,5,5,0.4900144636631012,0.4900144636631012,0.8439385533363601,True,2348,False,True,True,False,True,True,1,0.9761446118354797,0.8281400011329699,True,4,0.2,0.5019896209248232,1.0190771514258175,True,True
large_launcher,9,helsinki,frame_000000,8.0,1192.0,864.0,3030,519,3840,1383,810,864,True,888.0,224.25,925.25,251.25,3,3,0.9463717937469482,0.9463717937469482,0.8181875199733513,True,2369,False,True,True,False,True,True,1,0.9761446118354797,0.8281400011329699,True,2,0.3333333333333333,0.9694995826155833,0.9879821272417674,True,True
large_launcher,9,hosted_validation,00245,1.0,149.0,108.0,3552,897,3701,1005,149,108,False,888.0,224.25,925.25,251.25,192,192,0.0008759498596191406,0.0008759498596191406,0.6110342637278187,False,2795,False,False,False,False,False,False,1,0.9761446118354797,0.8281400011329699,True,191,0.005208333333333333,0.0008973566508471124,0.7378393301758989,False,False
large_launcher,9,hosted_validation,00245,1.25,186.25,135.0,3533,883,3720,1019,187,136,False,888.0,224.25,925.25,251.25,22,22,0.0011517107486724854,0.0011517107486724854,0.8152796884131787,False,2801,False,False,False,False,False,False,1,0.9761446118354797,0.8281400011329699,True,21,0.045454545454545456,0.0011798566879418432,0.9844708470763431,False,False
large_launcher,9,hosted_validation,00245,1.5,223.5,162.0,3514,870,3739,1032,225,162,False,888.0,224.25,925.25,251.25,3,3,0.003392040729522705,0.003392040729522705,0.8330012750888404,False,2791,False,True,True,False,True,True,1,0.9761446118354797,0.8281400011329699,True,2,0.3333333333333333,0.0034749366931857866,1.0058701112725141,True,False
large_launcher,9,hosted_validation,00245,2.0,298.0,216.0,3477,843,3776,1059,299,216,False,888.0,224.25,925.25,251.25,1,1,0.06413882970809937,0.06413882970809937,0.9118376049961581,True,2798,True,True,True,True,True,True,1,0.9761446118354797,0.8281400011329699,True,0,1.0,0.06570627848623456,1.1010669738796366,True,False
large_launcher,9,hosted_validation,00245,4.0,596.0,432.0,3328,735,3840,1167,512,432,True,888.0,224.25,925.25,251.25,1,1,0.4349888265132904,0.4349888265132904,0.8865307238718411,True,2906,True,True,True,True,True,True,1,0.9761446118354797,0.8281400011329699,True,0,1.0,0.4456192466148692,1.0705082747590835,True,False
large_launcher,9,hosted_validation,00245,8.0,1192.0,864.0,3030,519,3840,1383,810,864,True,888.0,224.25,925.25,251.25,1,1,0.9040615558624268,0.9040615558624268,0.8749208547223652,True,3133,True,True,True,True,True,True,1,0.9761446118354797,0.8281400011329699,True,0,1.0,0.9261553512675621,1.0564890640778068,True,True
small_launcher,12,helsinki,frame_000000,1.0,22.0,30.0,1777,923,1799,953,22,30,False,444.25,230.75,449.75,238.25,,,0.0,0.0,0.026437823120762604,False,2328,False,False,False,False,False,False,,0.0,0.22655237003225345,False,,,,0.1166962990367249,False,False
small_launcher,12,helsinki,frame_000000,1.25,27.5,37.5,1774,919,1802,957,28,38,False,444.25,230.75,449.75,238.25,,,0.0,0.0,0.0260018069918735,False,2326,False,False,False,False,False,False,,0.0,0.22655237003225345,False,,,,0.11477172800342682,False,False
small_launcher,12,helsinki,frame_000000,1.5,33.0,45.0,1771,915,1805,961,34,46,False,444.25,230.75,449.75,238.25,,,0.0,0.0,0.03190220332167344,False,2322,False,False,False,False,False,False,,0.0,0.22655237003225345,False,,,,0.14081602111305055,False,False
small_launcher,12,helsinki,frame_000000,2.0,44.0,60.0,1766,908,1810,968,44,60,False,444.25,230.75,449.75,238.25,,,0.0,0.0,0.008821792521850209,False,2318,False,False,False,False,False,False,,0.0,0.22655237003225345,False,,,,0.03893930803104943,False,False
small_launcher,12,helsinki,frame_000000,4.0,88.0,120.0,1744,878,1832,998,88,120,False,444.25,230.75,449.75,238.25,,,0.0,0.0,0.13301368052806853,False,2318,False,False,False,False,False,False,,0.0,0.22655237003225345,False,,,,0.5871211168928926,False,False
small_launcher,12,helsinki,frame_000000,8.0,176.0,240.0,1700,818,1876,1058,176,240,False,444.25,230.75,449.75,238.25,,,0.0,0.0,0.07819119345818852,False,2335,False,False,False,False,False,False,,0.0,0.22655237003225345,False,,,,0.3451351819760558,False,False
small_launcher,12,hosted_validation,00000,1.0,22.0,30.0,1777,923,1799,953,22,30,False,444.25,230.75,449.75,238.25,,,0.0,0.0,0.03975392010251605,False,2951,False,False,False,False,False,False,,0.0,0.22655237003225345,False,,,,0.17547342407786962,False,False
small_launcher,12,hosted_validation,00000,1.25,27.5,37.5,1774,919,1802,957,28,38,False,444.25,230.75,449.75,238.25,,,0.0,0.0,0.04567482969127213,False,2953,False,False,False,False,False,False,,0.0,0.22655237003225345,False,,,,0.2016082625168281,False,False
small_launcher,12,hosted_validation,00000,1.5,33.0,45.0,1771,915,1805,961,34,46,False,444.25,230.75,449.75,238.25,,,0.0,0.0,0.0461816158952421,False,2949,False,False,False,False,False,False,,0.0,0.22655237003225345,False,,,,0.2038452119863826,False,False
small_launcher,12,hosted_validation,00000,2.0,44.0,60.0,1766,908,1810,968,44,60,False,444.25,230.75,449.75,238.25,,,0.0,0.0,0.09104600041485092,False,2949,False,False,False,False,False,False,,0.0,0.22655237003225345,False,,,,0.4018761772471814,False,False
small_launcher,12,hosted_validation,00000,4.0,88.0,120.0,1744,878,1832,998,88,120,False,444.25,230.75,449.75,238.25,,,0.0,0.0,0.06675696421757076,False,2948,False,False,False,False,False,False,,0.0,0.22655237003225345,False,,,,0.2946646031911597,False,False
small_launcher,12,hosted_validation,00000,8.0,176.0,240.0,1700,818,1876,1058,176,240,False,444.25,230.75,449.75,238.25,,,0.0,0.0,0.03233274022102658,False,3031,False,False,False,False,False,False,,0.0,0.22655237003225345,False,,,,0.14271640687944903,False,False
spacecraft,10,helsinki,frame_000009,1.0,44.0,49.0,1496,1259,1540,1308,44,49,False,374.0,314.75,385.0,327.0,6,6,0.39236730337142944,0.39236730337142944,0.7065839694329835,True,2105,False,False,True,False,False,True,3,0.8773379325866699,0.9006332711136652,True,3,0.5,0.4472248250051225,0.784541269010934,True,False
spacecraft,10,helsinki,frame_000009,1.25,55.0,61.25,1490,1252,1546,1315,56,63,False,374.0,314.75,385.0,327.0,6,6,0.4809662401676178,0.4809662401676178,0.6802563961161008,True,2104,False,False,True,False,False,True,3,0.8773379325866699,0.9006332711136652,True,3,0.5,0.5482109256915144,0.7553089786200542,True,True
spacecraft,10,helsinki,frame_000009,1.5,66.0,73.5,1485,1246,1551,1321,66,75,False,374.0,314.75,385.0,327.0,6,6,0.31100940704345703,0.31100940704345703,0.6096306483264722,True,2107,False,False,True,False,False,True,3,0.8773379325866699,0.9006332711136652,True,3,0.5,0.35449214663100553,0.6768911030486827,True,False
spacecraft,10,helsinki,frame_000009,2.0,88.0,98.0,1474,1234,1562,1333,88,99,False,374.0,314.75,385.0,327.0,6,6,0.23049187660217285,0.23049187660217285,0.7810600493650399,True,2111,False,False,True,False,False,True,3,0.8773379325866699,0.9006332711136652,True,3,0.5,0.2627173270881037,0.8672342832718486,True,False
spacecraft,10,helsinki,frame_000009,4.0,176.0,196.0,1430,1185,1606,1382,176,197,False,374.0,314.75,385.0,327.0,5,5,0.643767237663269,0.643767237663269,0.8105446628545452,True,2112,False,True,True,False,True,True,3,0.8773379325866699,0.9006332711136652,True,2,0.6,0.7337733999090174,0.8999719295871423,True,True
spacecraft,10,helsinki,frame_000009,8.0,352.0,392.0,1342,1087,1694,1480,352,393,False,374.0,314.75,385.0,327.0,2,2,0.8659579157829285,0.8659579157829285,0.8050753026192984,True,2115,False,True,True,False,True,True,3,0.8773379325866699,0.9006332711136652,True,-1,1.5,0.9870289242251391,0.8938991356868196,True,True
spacecraft,10,hosted_validation,00095,1.0,44.0,49.0,1496,1259,1540,1308,44,49,False,374.0,314.75,385.0,327.0,135,135,0.0009708404541015625,0.0009708404541015625,0.5435909451103462,False,2395,False,False,False,False,False,False,3,0.8773379325866699,0.9006332711136652,True,132,0.022222222222222223,0.00110657526369482,0.603565249636155,False,False
spacecraft,10,hosted_validation,00095,1.25,55.0,61.25,1490,1252,1546,1315,56,63,False,374.0,314.75,385.0,327.0,12,,0.002020716667175293,0.0,0.4907750309327247,False,2403,False,False,True,False,False,False,3,0.8773379325866699,0.9006332711136652,True,9,0.25,0.002303236406543577,0.5449221638524011,True,False
spacecraft,10,hosted_validation,00095,1.5,66.0,73.5,1485,1246,1551,1321,66,75,False,374.0,314.75,385.0,327.0,,,0.0,0.0,0.2787416379870969,False,2382,False,False,False,False,False,False,3,0.8773379325866699,0.9006332711136652,True,2380,0.001258917331095258,0.0,0.3094951596030012,False,False
spacecraft,10,hosted_validation,00095,2.0,88.0,98.0,1474,1234,1562,1333,88,99,False,374.0,314.75,385.0,327.0,,,0.0,0.0,0.26709216616360737,False,2401,False,False,False,False,False,False,3,0.8773379325866699,0.9006332711136652,True,2399,0.0012489592006661116,0.0,0.29656040336300077,False,False
spacecraft,10,hosted_validation,00095,4.0,176.0,196.0,1430,1185,1606,1382,176,197,False,374.0,314.75,385.0,327.0,1,1,0.0283946692943573,0.0283946692943573,0.5975093138450676,True,2359,True,True,True,True,True,True,3,0.8773379325866699,0.9006332711136652,True,-2,3.0,0.032364574971289375,0.6634324236170245,True,False
spacecraft,10,hosted_validation,00095,8.0,352.0,392.0,1342,1087,1694,1480,352,393,False,374.0,314.75,385.0,327.0,1,1,0.3350954055786133,0.3350954055786133,0.8982616575054644,True,2469,True,True,True,True,True,True,3,0.8773379325866699,0.9006332711136652,True,-2,3.0,0.38194564845799606,0.9973667266308425,True,False
ta-ta,17,helsinki,frame_000014,1.0,34.0,16.0,995,1339,1029,1355,34,16,False,248.75,334.75,257.25,338.75,,,0.0,0.0,0.24393035645311847,False,1963,False,False,False,False,False,False,,0.0,0.22365529851100982,False,,,,1.0906531527627126,False,False
ta-ta,17,helsinki,frame_000014,1.25,42.5,20.0,990,1337,1034,1357,44,20,False,248.75,334.75,257.25,338.75,,,0.0,0.0,0.18738170577713043,False,1962,False,False,False,False,False,False,,0.0,0.22365529851100982,False,,,,0.8378147400246198,False,False
ta-ta,17,helsinki,frame_000014,1.5,51.0,24.0,986,1335,1038,1359,52,24,False,248.75,334.75,257.25,338.75,,,0.0,0.0,0.18174897696119352,False,1961,False,False,False,False,False,False,,0.0,0.22365529851100982,False,,,,0.812629873609932,False,False
ta-ta,17,helsinki,frame_000014,2.0,68.0,32.0,978,1331,1046,1363,68,32,False,248.75,334.75,257.25,338.75,,,0.0,0.0,0.20861596872025526,False,1963,False,False,False,False,False,False,,0.0,0.22365529851100982,False,,,,0.9327566577189128,False,False
ta-ta,17,helsinki,frame_000014,4.0,136.0,64.0,944,1315,1080,1379,136,64,False,248.75,334.75,257.25,338.75,,,0.0,0.0,0.27861824628761483,False,1965,False,False,False,False,False,False,,0.0,0.22365529851100982,False,,,,1.2457484716102059,False,False
ta-ta,17,helsinki,frame_000014,8.0,272.0,128.0,876,1283,1148,1411,272,128,False,248.75,334.75,257.25,338.75,,,0.0,0.0,0.061540750563464156,False,1972,False,False,False,False,False,False,,0.0,0.22365529851100982,False,,,,0.2751589207730516,False,False
ta-ta,17,hosted_validation,00145,1.0,34.0,16.0,995,1339,1029,1355,34,16,False,248.75,334.75,257.25,338.75,,,0.0,0.0,0.22264472410168296,False,3319,False,False,False,False,False,False,,0.0,0.22365529851100982,False,,,,0.9954815539088285,False,False
ta-ta,17,hosted_validation,00145,1.25,42.5,20.0,990,1337,1034,1357,44,20,False,248.75,334.75,257.25,338.75,,,0.0,0.0,0.16918840166620167,False,3331,False,False,False,False,False,False,,0.0,0.22365529851100982,False,,,,0.7564694545247855,False,False
ta-ta,17,hosted_validation,00145,1.5,51.0,24.0,986,1335,1038,1359,52,24,False,248.75,334.75,257.25,338.75,,,0.0,0.0,0.11883022695195694,False,3329,False,False,False,False,False,False,,0.0,0.22365529851100982,False,,,,0.5313096883600427,False,False
ta-ta,17,hosted_validation,00145,2.0,68.0,32.0,978,1331,1046,1363,68,32,False,248.75,334.75,257.25,338.75,,,0.0,0.0,0.10725919857313158,False,3333,False,False,False,False,False,False,,0.0,0.22365529851100982,False,,,,0.47957369795042687,False,False
ta-ta,17,hosted_validation,00145,4.0,136.0,64.0,944,1315,1080,1379,136,64,False,248.75,334.75,257.25,338.75,,,0.0,0.0,0.1761235979212074,False,3343,False,False,False,False,False,False,,0.0,0.22365529851100982,False,,,,0.7874778692646864,False,False
ta-ta,17,hosted_validation,00145,8.0,272.0,128.0,876,1283,1148,1411,272,128,False,248.75,334.75,257.25,338.75,,,0.0,0.0,0.02369575337133777,False,3342,False,False,False,False,False,False,,0.0,0.22365529851100982,False,,,,0.10594765037579158,False,False
tank,13,helsinki,frame_000024,1.0,50.0,47.0,795,695,845,742,50,47,False,198.75,173.75,211.25,185.5,,,0.0,0.0,0.02844888071837398,False,1550,False,False,False,False,False,False,7,0.014325886964797974,0.935598729682956,True,1544,0.004513217279174726,0.0,0.030407139103335874,False,False
tank,13,helsinki,frame_000024,1.25,62.5,58.75,788,689,852,748,64,59,False,198.75,173.75,211.25,185.5,1005,,0.00016003847122192383,0.0,0.30182073222990347,False,1575,False,False,False,False,False,False,7,0.014325886964797974,0.935598729682956,True,998,0.006965174129353234,0.011171278372862739,0.322596346760946,False,False
tank,13,helsinki,frame_000024,1.5,75.0,70.5,782,683,858,754,76,71,False,198.75,173.75,211.25,185.5,275,299,0.0004667341709136963,0.00043195486068725586,0.655476527078108,False,1579,False,False,False,False,False,False,7,0.014325886964797974,0.935598729682956,True,268,0.025454545454545455,0.03257977478536375,0.7005957856529238,False,False
tank,13,helsinki,frame_000024,2.0,100.0,94.0,770,671,870,766,100,95,False,198.75,173.75,211.25,185.5,286,286,0.00045177340507507324,0.00045177340507507324,0.609663525502665,False,1572,False,False,False,False,False,False,7,0.014325886964797974,0.935598729682956,True,279,0.024475524475524476,0.031535457887192975,0.6516292788354471,False,False
tank,13,helsinki,frame_000024,4.0,200.0,188.0,720,624,920,813,200,189,False,198.75,173.75,211.25,185.5,5,5,0.02038818597793579,0.02038818597793579,0.8905353838970087,True,1571,False,True,True,False,True,True,7,0.014325886964797974,0.935598729682956,True,-2,1.4,1.4231709372016053,0.9518347509928559,True,True
tank,13,helsinki,frame_000024,8.0,400.0,376.0,620,530,1020,907,400,377,False,198.75,173.75,211.25,185.5,6,6,0.02013862133026123,0.02013862133026123,0.8988104667643617,True,1567,False,False,True,False,False,True,7,0.014325886964797974,0.935598729682956,True,-1,1.1666666666666667,1.405750399940087,0.9606794432789999,True,True
tank,13,hosted_validation,00245,1.0,50.0,47.0,795,695,845,742,50,47,False,198.75,173.75,211.25,185.5,3,3,0.0032859742641448975,0.0032859742641448975,0.6469105431230886,False,2816,False,True,True,False,True,True,7,0.014325886964797974,0.935598729682956,True,-4,2.3333333333333335,0.22937318102671744,0.6914401683105166,True,False
tank,13,hosted_validation,00245,1.25,62.5,58.75,788,689,852,748,64,59,False,198.75,173.75,211.25,185.5,3,,0.003396958112716675,0.0,0.4158349740137113,False,2821,False,True,True,False,False,False,7,0.014325886964797974,0.935598729682956,True,-4,2.3333333333333335,0.23712026494860589,0.44445867744457523,True,False
tank,13,hosted_validation,00245,1.5,75.0,70.5,782,683,858,754,76,71,False,198.75,173.75,211.25,185.5,2,,0.005104273557662964,0.0,0.3903079484661458,False,2818,False,True,True,False,False,False,7,0.014325886964797974,0.935598729682956,True,-5,3.5,0.3562972100928444,0.4171745173258289,True,False
tank,13,hosted_validation,00245,2.0,100.0,94.0,770,671,870,766,100,95,False,198.75,173.75,211.25,185.5,2,,0.006061941385269165,0.0,0.4711525768220589,False,2846,False,True,True,False,False,False,7,0.014325886964797974,0.935598729682956,True,-5,3.5,0.42314597345105126,0.503584027932271,True,False
tank,13,hosted_validation,00245,4.0,200.0,188.0,720,624,920,813,200,189,False,198.75,173.75,211.25,185.5,2,2,0.009384870529174805,0.009384870529174805,0.7878380153340739,False,2904,False,True,True,False,True,True,7,0.014325886964797974,0.935598729682956,True,-5,3.5,0.6550987420350033,0.8420682824153114,True,True
tank,13,hosted_validation,00245,8.0,400.0,376.0,620,530,1020,907,400,377,False,198.75,173.75,211.25,185.5,3,3,0.002486675977706909,0.002486675977706909,0.7968873940946533,False,2824,False,True,True,False,True,True,7,0.014325886964797974,0.935598729682956,True,-4,2.3333333333333335,0.17357919853878848,0.85174056869946,True,False
