model,horizon,eligible_count,available_count,availability_fraction,valid_count,valid_fraction,mean_iou,median_iou,median_center_error,median_normalized_center_error,mean_abs_width_error,mean_abs_height_error
M0_HOLD,1,243,243,1.0,0,0.0,0.07138747504826952,0.0,65.11528238439882,1.2450279185457698,1.02880658436214,2.8724279835390947
M0_HOLD,2,227,227,1.0,0,0.0,0.00368667066726606,0.0,130.92173234417578,2.4840940123879878,1.8898678414096917,3.9162995594713657
M0_HOLD,3,212,212,1.0,0,0.0,0.0,0.0,197.07546365136216,3.728231781611756,2.693396226415094,4.523584905660377
M0_HOLD,4,197,197,1.0,0,0.0,0.0,0.0,262.1907702418222,5.018344108634811,3.3604060913705585,5.01015228426396
M0_HOLD,5,182,182,1.0,0,0.0,0.0,0.0,327.67283327247355,6.273670308852586,3.9725274725274726,5.1208791208791204
M0_HOLD,6,168,168,1.0,0,0.0,0.0,0.0,393.79737802519804,7.527342207272439,4.5,4.934523809523809
M0_HOLD,7,155,155,1.0,0,0.0,0.0,0.0,458.93599771645717,8.79639052826798,5.064516129032258,5.458064516129032
M0_HOLD,8,142,142,1.0,0,0.0,0.0,0.0,523.2772417773675,9.979954821045725,5.542253521126761,5.971830985915493
M0_HOLD,9,129,129,1.0,0,0.0,0.0,0.0,588.7720271887923,11.165607910006512,5.891472868217054,6.488372093023256
M0_HOLD,10,117,117,1.0,0,0.0,0.0,0.0,651.5805782863697,12.380692603987697,6.136752136752137,6.589743589743589
M0_HOLD,11,106,106,1.0,0,0.0,0.0,0.0,715.4796708641139,13.588752500223169,6.5754716981132075,6.1415094339622645
M0_HOLD,12,96,96,1.0,0,0.0,0.0,0.0,780.9062625279626,14.846095205354736,7.09375,6.614583333333333
M0_HOLD,13,86,86,1.0,0,0.0,0.0,0.0,842.8031130259712,16.085713272133304,7.593023255813954,7.034883720930233
M0_HOLD,14,77,77,1.0,0,0.0,0.0,0.0,909.9265080213896,17.27711691376644,8.03896103896104,7.597402597402597
M0_HOLD,15,68,68,1.0,0,0.0,0.0,0.0,973.2974776383078,18.582394325347423,8.441176470588236,8.191176470588236
M0_HOLD,16,59,59,1.0,0,0.0,0.0,0.0,1037.7809258220157,19.8073935750438,8.796610169491526,8.779661016949152
M0_HOLD,17,50,50,1.0,0,0.0,0.0,0.0,1101.657670957166,21.08604062950386,9.06,9.5
M0_HOLD,18,41,41,1.0,0,0.0,0.0,0.0,1168.4285386791953,25.43161158817267,9.24390243902439,10.390243902439025
M0_HOLD,19,32,32,1.0,0,0.0,0.0,0.0,1230.6393015738886,26.73688405023266,9.28125,9.90625
M0_HOLD,20,25,25,1.0,0,0.0,0.0,0.0,1292.6396442937994,27.872958431876338,9.36,10.0
M0_HOLD,21,19,19,1.0,0,0.0,0.0,0.0,1354.751730022885,30.111498890812275,9.842105263157896,11.578947368421053
M0_HOLD,22,13,13,1.0,0,0.0,0.0,0.0,1423.6623546332887,59.31926477638703,11.615384615384615,10.538461538461538
M0_HOLD,23,8,8,1.0,0,0.0,0.0,0.0,1482.007487796487,44.4063798954613,13.875,9.625
M0_HOLD,24,4,4,1.0,0,0.0,0.0,0.0,1547.6701675390918,45.882215071285955,15.75,13.5
M1_INDEPENDENT_CV,1,243,227,0.934156378600823,227,1.0,0.932738004631093,0.9534492428491307,1.118033988749895,0.021922235073527353,0.8942731277533039,2.6916299559471364
M1_INDEPENDENT_CV,2,227,212,0.933920704845815,207,0.9764150943396226,0.8461916406650816,0.8762755102040816,3.0413812651491097,0.05636087530152925,1.5943396226415094,5.160377358490566
M1_INDEPENDENT_CV,3,212,197,0.9292452830188679,179,0.9086294416243654,0.7398396856033261,0.7732609658839167,5.70087712549569,0.11206896551724138,2.568527918781726,6.98984771573604
M1_INDEPENDENT_CV,4,197,182,0.9238578680203046,146,0.8021978021978022,0.63030461246646,0.6639107584465793,9.420385423067351,0.19113583475782056,3.3736263736263736,8.021978021978022
M1_INDEPENDENT_CV,5,182,168,0.9230769230769231,104,0.6190476190476191,0.5180127350037861,0.5573903910901288,13.779423451842657,0.27413160420919047,4.392857142857143,8.994047619047619
M1_INDEPENDENT_CV,6,168,155,0.9226190476190477,58,0.3741935483870968,0.4139294501964255,0.4447555459832005,19.235384061671343,0.3853663620436631,4.961290322580645,10.709677419354838
M1_INDEPENDENT_CV,7,155,142,0.9161290322580645,42,0.29577464788732394,0.3204240015050518,0.3269714256163005,25.5049014897137,0.5044115271165763,5.5,12.985915492957746
M1_INDEPENDENT_CV,8,142,129,0.9084507042253521,12,0.09302325581395349,0.23891738166155546,0.21475837176659315,32.65348373451139,0.6314324164562065,6.069767441860465,15.503875968992247
M1_INDEPENDENT_CV,9,129,117,0.9069767441860465,0,0.0,0.16949576096491617,0.11766835626357712,40.792156108742276,0.7861861007534003,6.3076923076923075,15.94017094017094
M1_INDEPENDENT_CV,10,117,106,0.905982905982906,0,0.0,0.1144260735658172,0.034871836426005456,50.039984012787215,0.9760012666838567,6.89622641509434,16.92452830188679
M1_INDEPENDENT_CV,11,106,96,0.9056603773584906,0,0.0,0.0776420876042588,0.0,59.96456113478469,1.1613290247008992,7.364583333333333,20.40625
M1_INDEPENDENT_CV,12,96,86,0.8958333333333334,0,0.0,0.05192220446381646,0.0,69.45254772755592,1.340501515484517,8.116279069767442,23.3953488372093
M1_INDEPENDENT_CV,13,86,77,0.8953488372093024,0,0.0,0.029732636484344502,0.0,80.94751385929032,1.620615221060445,8.61038961038961,27.493506493506494
M1_INDEPENDENT_CV,14,77,68,0.8831168831168831,0,0.0,0.011918778092618728,0.0,92.52769835591172,1.9105678058741322,9.411764705882353,32.19117647058823
M1_INDEPENDENT_CV,15,68,59,0.8676470588235294,0,0.0,0.0026180183120546887,0.0,104.06848706500926,2.3086846088110238,10.084745762711865,39.28813559322034
M1_INDEPENDENT_CV,16,59,50,0.847457627118644,0,0.0,0.0,0.0,118.931084591829,2.6861713259768996,11.9,47.68
M1_INDEPENDENT_CV,17,50,41,0.82,0,0.0,0.0,0.0,131.4201278343618,3.0957134622373847,11.878048780487806,59.90243902439025
M1_INDEPENDENT_CV,18,41,32,0.7804878048780488,0,0.0,0.0,0.0,147.4454905302535,4.724037097264717,12.65625,53.78125
M1_INDEPENDENT_CV,19,32,25,0.78125,0,0.0,0.0,0.0,164.5007598766644,6.708365683151812,15.04,68.64
M1_INDEPENDENT_CV,20,25,19,0.76,0,0.0,0.0,0.0,183.4972751841291,7.541695441934054,17.526315789473685,91.36842105263158
M1_INDEPENDENT_CV,21,19,13,0.6842105263157895,0,0.0,0.0,0.0,195.5057543910153,8.42317668590904,19.0,60.53846153846154
M1_INDEPENDENT_CV,22,13,8,0.6153846153846154,0,0.0,0.0,0.0,217.37269273509804,9.138188611003333,26.375,89.25
M1_INDEPENDENT_CV,23,8,4,0.5,0,0.0,0.0,0.0,239.15389708748742,10.472831193464724,21.75,174.0
M1_INDEPENDENT_CV,24,4,0,0.0,0,,,,,,,
M2_SHARED_OPEN_LOOP,1,243,232,0.9547325102880658,174,0.75,0.6044306934669732,0.601233741089267,11.132679218235157,0.20508722101738697,1.0560344827586208,2.853448275862069
M2_SHARED_OPEN_LOOP,2,227,217,0.9559471365638766,73,0.33640552995391704,0.3974239979511476,0.3589122240172321,22.327113561766108,0.4087100577084797,1.9216589861751152,3.9078341013824884
M2_SHARED_OPEN_LOOP,3,212,202,0.9528301886792453,37,0.18316831683168316,0.2677987930216753,0.20675570076630193,32.613239342158025,0.6162600423527244,2.737623762376238,4.53960396039604
M2_SHARED_OPEN_LOOP,4,197,187,0.949238578680203,13,0.06951871657754011,0.18568966224321623,0.10335917312661498,43.00290687848904,0.8313831575822715,3.4171122994652405,5.032085561497326
M2_SHARED_OPEN_LOOP,5,182,172,0.945054945054945,5,0.029069767441860465,0.1342366997179103,0.05319507886256458,52.48838488723248,1.0150661950432505,4.040697674418604,5.127906976744186
M2_SHARED_OPEN_LOOP,6,168,158,0.9404761904761905,3,0.0189873417721519,0.09866170729630014,0.006807836516166696,63.16931612861285,1.1704933644804816,4.582278481012659,4.9113924050632916
M2_SHARED_OPEN_LOOP,7,155,145,0.9354838709677419,2,0.013793103448275862,0.07383441872303843,0.0,72.89718787443039,1.3417294109202564,5.151724137931034,5.413793103448276
M2_SHARED_OPEN_LOOP,8,142,132,0.9295774647887324,1,0.007575757575757576,0.05598718515629969,0.0,83.09331754520115,1.5200293010894295,5.613636363636363,5.924242424242424
M2_SHARED_OPEN_LOOP,9,129,120,0.9302325581395349,1,0.008333333333333333,0.041759559747868394,0.0,93.71961271840567,1.7361314553269818,5.966666666666667,6.225
M2_SHARED_OPEN_LOOP,10,117,108,0.9230769230769231,0,0.0,0.029081646284097533,0.0,102.52067598797365,1.897459441400346,6.157407407407407,5.537037037037037
M2_SHARED_OPEN_LOOP,11,106,98,0.9245283018867925,0,0.0,0.02120547042708677,0.0,112.73162005206288,2.007503388292493,6.704081632653061,6.081632653061225
M2_SHARED_OPEN_LOOP,12,96,88,0.9166666666666666,0,0.0,0.015254872951736482,0.0,121.13210409350465,2.213548638305398,7.204545454545454,6.431818181818182
M2_SHARED_OPEN_LOOP,13,86,79,0.9186046511627907,0,0.0,0.013817423299657966,0.0,128.6905202413915,2.3297479894710595,7.670886075949367,6.962025316455696
M2_SHARED_OPEN_LOOP,14,77,70,0.9090909090909091,0,0.0,0.014119936263219288,0.0,134.7620967559998,2.5225610520375676,8.1,7.5285714285714285
M2_SHARED_OPEN_LOOP,15,68,61,0.8970588235294118,0,0.0,0.009521099087825547,0.0,139.6893875711394,2.742334122204154,8.475409836065573,8.098360655737705
M2_SHARED_OPEN_LOOP,16,59,52,0.8813559322033898,0,0.0,0.003125773341410378,0.0,146.84043139361205,2.7349589423685803,8.826923076923077,8.692307692307692
M2_SHARED_OPEN_LOOP,17,50,43,0.86,0,0.0,0.0012529846298284866,0.0,153.70751445521458,2.686232968957682,9.046511627906977,9.511627906976743
M2_SHARED_OPEN_LOOP,18,41,34,0.8292682926829268,0,0.0,0.0003708230899177322,0.0,146.66668347909226,2.673377200829865,9.147058823529411,9.558823529411764
M2_SHARED_OPEN_LOOP,19,32,26,0.8125,0,0.0,0.00022205308638837011,0.0,148.1326601709017,2.6899881857310057,9.26923076923077,8.692307692307692
M2_SHARED_OPEN_LOOP,20,25,20,0.8,0,0.0,0.0006135212159594681,0.0,158.16165206407834,3.01159034418042,9.9,10.0
M2_SHARED_OPEN_LOOP,21,19,14,0.7368421052631579,0,0.0,0.0,0.0,164.5930630201704,3.251106755387119,11.571428571428571,12.0
M2_SHARED_OPEN_LOOP,22,13,8,0.6153846153846154,0,0.0,0.0,0.0,182.0772206738352,3.3366352201848155,13.875,5.5
M2_SHARED_OPEN_LOOP,23,8,4,0.5,0,0.0,0.0,0.0,191.02771289451846,3.42252235121713,16.0,6.0
M2_SHARED_OPEN_LOOP,24,4,0,0.0,0,,,,,,,
M3_ORACLE_REFRESHED_SHARED,1,243,243,1.0,182,0.7489711934156379,0.6016856648429203,0.6082577041986637,11.01135777277262,0.20534561246876537,1.02880658436214,2.8724279835390947
M3_ORACLE_REFRESHED_SHARED,2,227,227,1.0,78,0.3436123348017621,0.3944355900530034,0.3785900783289817,21.691011963483863,0.40084975901273423,1.8898678414096917,3.9162995594713657
M3_ORACLE_REFRESHED_SHARED,3,212,212,1.0,38,0.1792452830188679,0.2657777025044875,0.2298129712645069,31.832406069267375,0.5894383793355,2.693396226415094,4.523584905660377
M3_ORACLE_REFRESHED_SHARED,4,197,197,1.0,9,0.04568527918781726,0.18374400049928888,0.12033195020746888,41.98288341693553,0.7793052413026456,3.3604060913705585,5.01015228426396
M3_ORACLE_REFRESHED_SHARED,5,182,182,1.0,1,0.005494505494505495,0.13249173530906969,0.050167838272820245,52.06065619542353,0.9627706887119982,3.9725274725274726,5.1208791208791204
M3_ORACLE_REFRESHED_SHARED,6,168,168,1.0,0,0.0,0.09791201210016003,0.009245447230219587,61.39186016306287,1.153837939989617,4.5,4.934523809523809
M3_ORACLE_REFRESHED_SHARED,7,155,155,1.0,0,0.0,0.0730578532015268,0.0,70.0200864038313,1.3264878225182561,5.064516129032258,5.458064516129032
M3_ORACLE_REFRESHED_SHARED,8,142,142,1.0,0,0.0,0.05307426919286869,0.0,78.35689865018841,1.4958998190887258,5.542253521126761,5.971830985915493
M3_ORACLE_REFRESHED_SHARED,9,129,129,1.0,0,0.0,0.03653806165031758,0.0,86.33148324916003,1.6671588750193442,5.891472868217054,6.488372093023256
M3_ORACLE_REFRESHED_SHARED,10,117,117,1.0,0,0.0,0.023590855097676475,0.0,94.55719168841681,1.8436333507362763,6.136752136752137,6.589743589743589
M3_ORACLE_REFRESHED_SHARED,11,106,106,1.0,0,0.0,0.01383132785567932,0.0,102.06106276980549,1.9678918846216038,6.5754716981132075,6.1415094339622645
M3_ORACLE_REFRESHED_SHARED,12,96,96,1.0,0,0.0,0.006722830507900739,0.0,109.63884753414902,2.148798801893312,7.09375,6.614583333333333
M3_ORACLE_REFRESHED_SHARED,13,86,86,1.0,0,0.0,0.0018265961958347755,0.0,117.99722344968627,2.3120096808456028,7.593023255813954,7.034883720930233
M3_ORACLE_REFRESHED_SHARED,14,77,77,1.0,0,0.0,0.00039006902747901754,0.0,125.78578019792221,2.4328627531668086,8.03896103896104,7.597402597402597
M3_ORACLE_REFRESHED_SHARED,15,68,68,1.0,0,0.0,0.0,0.0,132.6170069970794,2.5868330250147027,8.441176470588236,8.191176470588236
M3_ORACLE_REFRESHED_SHARED,16,59,59,1.0,0,0.0,0.0,0.0,140.5384733800677,2.6938099094785497,8.796610169491526,8.779661016949152
M3_ORACLE_REFRESHED_SHARED,17,50,50,1.0,0,0.0,0.0,0.0,147.86064116602893,2.9731695523657287,9.06,9.5
M3_ORACLE_REFRESHED_SHARED,18,41,41,1.0,0,0.0,0.0,0.0,155.18879630952745,3.075438002271737,9.24390243902439,10.390243902439025
M3_ORACLE_REFRESHED_SHARED,19,32,32,1.0,0,0.0,0.0,0.0,161.56781624496114,3.2650550051986142,9.28125,9.90625
M3_ORACLE_REFRESHED_SHARED,20,25,25,1.0,0,0.0,0.0,0.0,168.2024449881749,3.171846408770727,9.36,10.0
M3_ORACLE_REFRESHED_SHARED,21,19,19,1.0,0,0.0,0.0,0.0,174.632829101518,3.4663518954569508,9.842105263157896,11.578947368421053
M3_ORACLE_REFRESHED_SHARED,22,13,13,1.0,0,0.0,0.0,0.0,180.5915626489787,4.432473296775426,11.615384615384615,10.538461538461538
M3_ORACLE_REFRESHED_SHARED,23,8,8,1.0,0,0.0,0.0,0.0,214.3444803979575,3.8048159194224755,13.875,9.625
M3_ORACLE_REFRESHED_SHARED,24,4,4,1.0,0,0.0,0.0,0.0,226.17296561203977,3.9828823576292067,15.75,13.5
M4_ORACLE_REFRESHED_SHARED_RESIDUAL,1,243,227,0.934156378600823,227,1.0,0.9052158242890396,0.9323671497584541,1.4142135623730951,0.028971701781777184,0.8942731277533039,2.6916299559471364
M4_ORACLE_REFRESHED_SHARED_RESIDUAL,2,227,212,0.933920704845815,201,0.9481132075471698,0.8219980716315256,0.8657623411370824,3.0413812651491097,0.06209579389678557,1.5943396226415094,5.160377358490566
M4_ORACLE_REFRESHED_SHARED_RESIDUAL,3,212,197,0.9292452830188679,170,0.8629441624365483,0.7237388966576173,0.7748562037797864,5.533985905294664,0.11228361294222662,2.568527918781726,6.98984771573604
M4_ORACLE_REFRESHED_SHARED_RESIDUAL,4,197,182,0.9238578680203046,135,0.7417582417582418,0.6214715121852532,0.664266675285297,9.340770846134703,0.16579130016052912,3.3736263736263736,8.021978021978022
M4_ORACLE_REFRESHED_SHARED_RESIDUAL,5,182,168,0.9230769230769231,99,0.5892857142857143,0.5336559573577695,0.5845442503889011,13.17065479278964,0.2444594292427615,4.392857142857143,8.994047619047619
M4_ORACLE_REFRESHED_SHARED_RESIDUAL,6,168,155,0.9226190476190477,78,0.5032258064516129,0.46080586861007594,0.5003762227238525,17.240939649566666,0.3245228538094476,4.961290322580645,10.709677419354838
M4_ORACLE_REFRESHED_SHARED_RESIDUAL,7,155,142,0.9161290322580645,55,0.3873239436619718,0.39570621012893037,0.40857912483586245,21.635445401531094,0.4099543963816781,5.5,12.985915492957746
M4_ORACLE_REFRESHED_SHARED_RESIDUAL,8,142,129,0.9084507042253521,34,0.26356589147286824,0.3398066245721612,0.3320715246301738,26.890983619049713,0.5056377041392605,6.069767441860465,15.503875968992247
M4_ORACLE_REFRESHED_SHARED_RESIDUAL,9,129,117,0.9069767441860465,21,0.1794871794871795,0.2845301813689252,0.2666284403669725,31.544611267219636,0.5464244449698978,6.3076923076923075,15.94017094017094
M4_ORACLE_REFRESHED_SHARED_RESIDUAL,10,117,106,0.905982905982906,14,0.1320754716981132,0.23211311334693535,0.20030714820919482,37.67584546336167,0.6770509303630381,6.89622641509434,16.92452830188679
M4_ORACLE_REFRESHED_SHARED_RESIDUAL,11,106,96,0.9056603773584906,4,0.041666666666666664,0.1823152261035005,0.1284769949868214,44.212905062989435,0.815008382022679,7.364583333333333,20.40625
M4_ORACLE_REFRESHED_SHARED_RESIDUAL,12,96,86,0.8958333333333334,4,0.046511627906976744,0.13912130930792746,0.05656706298332217,50.8138851517042,0.9763044485911309,8.116279069767442,23.3953488372093
M4_ORACLE_REFRESHED_SHARED_RESIDUAL,13,86,77,0.8953488372093024,1,0.012987012987012988,0.10310242025778014,0.003925061938034128,59.942680954391754,1.217476899164826,8.61038961038961,27.493506493506494
M4_ORACLE_REFRESHED_SHARED_RESIDUAL,14,77,68,0.8831168831168831,0,0.0,0.06849901179684491,0.0,68.87214500607757,1.4208692296044356,9.411764705882353,32.19117647058823
M4_ORACLE_REFRESHED_SHARED_RESIDUAL,15,68,59,0.8676470588235294,0,0.0,0.03733681706538911,0.0,83.25337830983197,1.7074029733764695,10.084745762711865,39.28813559322034
M4_ORACLE_REFRESHED_SHARED_RESIDUAL,16,59,50,0.847457627118644,0,0.0,0.01387085645691465,0.0,98.48924475425179,2.1335292227845923,11.9,47.68
M4_ORACLE_REFRESHED_SHARED_RESIDUAL,17,50,41,0.82,0,0.0,0.004527558662021914,0.0,107.05606008068857,2.7257793325205184,11.878048780487806,59.90243902439025
M4_ORACLE_REFRESHED_SHARED_RESIDUAL,18,41,32,0.7804878048780488,0,0.0,0.0007502469578208758,0.0,119.16889699348332,3.6322425263117157,12.65625,53.78125
M4_ORACLE_REFRESHED_SHARED_RESIDUAL,19,32,25,0.78125,0,0.0,0.0,0.0,133.51521448883645,4.6901134806364375,15.04,68.64
M4_ORACLE_REFRESHED_SHARED_RESIDUAL,20,25,19,0.76,0,0.0,0.0,0.0,146.3456951877984,5.4322602842501215,17.526315789473685,91.36842105263158
M4_ORACLE_REFRESHED_SHARED_RESIDUAL,21,19,13,0.6842105263157895,0,0.0,0.0,0.0,152.37720466001468,5.942104099914062,19.0,60.53846153846154
M4_ORACLE_REFRESHED_SHARED_RESIDUAL,22,13,8,0.6153846153846154,0,0.0,0.0,0.0,164.78618964950763,6.646245767375626,26.375,89.25
M4_ORACLE_REFRESHED_SHARED_RESIDUAL,23,8,4,0.5,0,0.0,0.0,0.0,180.8067988059475,8.285502763813563,21.75,174.0
M4_ORACLE_REFRESHED_SHARED_RESIDUAL,24,4,0,0.0,0,,,,,,,
