target_class,start_frame,end_frame,update_id,donor_count,x,y,error_dx,error_dy,center_error,iou,valid,boundary
condor,0,1,condor:1,10,2740.0,1450.0,-6.0,-10.25,11.876973520219703,0.8238432226456178,1,0
condor,1,2,condor:2,9,2746.0,1521.0,-7.0,-12.0,13.892443989449804,0.7997507808327804,1,0
condor,2,3,condor:3,9,2752.5,1593.0,-7.0,-12.0,13.892443989449804,0.8010083604569532,1,0
condor,3,4,condor:4,10,2758.5,1666.0,-6.5,-13.5,14.983324063771697,0.7926113692907102,1,0
condor,4,5,condor:5,10,2765.0,1740.0,-6.5,-13.75,15.20896117425513,0.7921283560528055,1,0
condor,5,6,condor:6,10,2771.5,1815.0,-7.0,-14.5,16.101242188104617,0.7827419403298982,1,0
condor,6,7,condor:7,11,2778.5,1891.5,-5.5,-16.0,16.91892431568863,0.78379094979967,1,0
condor,7,8,condor:8,11,2785.0,1969.0,-5.5,-16.0,16.91892431568863,0.7858273407292307,1,0
condor,8,9,condor:9,10,2792.0,2047.5,-5.75,11.0,12.41219158730641,0.8218037661050545,1,1
condor,9,10,condor:10,10,2798.5,2099.0,-6.5,22.5,23.42007685726074,0.6338938591971521,1,1
hangar,19,20,hangar:20,8,252.0,3.0,12.0,42.75,44.40228034684705,0.0,0,1
hangar,20,21,hangar:21,9,241.0,29.0,10.0,41.5,42.68782027698299,0.3144533741548667,0,1
hangar,21,22,hangar:22,9,230.0,55.0,10.0,21.0,23.259406699226016,0.6375938731504202,1,1
hangar,22,23,hangar:23,8,219.0,100.0,11.75,15.25,19.251623308178456,0.70347380523563,1,0
hangar,23,24,hangar:24,7,208.0,153.5,10.0,17.0,19.72308292331602,0.6987030609848386,1,0
helicopter,0,1,helicopter:1,10,2287.5,893.5,-2.5,-1.75,3.0516389039334255,0.9186503466746765,1,0
helicopter,1,2,helicopter:2,9,2290.0,956.0,-3.5,-3.5,4.949747468305833,0.8689704823614111,1,0
helicopter,2,3,helicopter:3,9,2293.0,1019.5,-3.5,-3.5,4.949747468305833,0.8699186991869918,1,0
helicopter,3,4,helicopter:4,10,2295.5,1084.0,-2.5,-5.0,5.5901699437494745,0.8579516685845799,1,0
helicopter,4,5,helicopter:5,10,2298.0,1149.5,-2.5,-4.75,5.367727638395972,0.863481228668942,1,0
helicopter,5,6,helicopter:6,10,2300.5,1215.5,-3.0,-5.5,6.264982043070834,0.8432124075229521,1,0
helicopter,6,7,helicopter:7,11,2303.5,1283.0,-2.0,-6.5,6.800735254367722,0.8411182496961278,1,0
helicopter,7,8,helicopter:8,11,2306.5,1351.0,-1.0,-6.5,6.576473218982953,0.8566512045488553,1,0
helicopter,8,9,helicopter:9,10,2309.0,1420.0,-2.25,-9.75,10.00624804809475,0.7848060690244685,1,0
helicopter,9,10,helicopter:10,10,2312.0,1490.5,-2.5,-9.5,9.82344135219425,0.7876969842412607,1,0
helicopter,10,11,helicopter:11,9,2315.0,1562.0,-4.0,-9.5,10.307764064044152,0.7714685749844431,1,0
helicopter,11,12,helicopter:12,9,2318.0,1634.5,-3.5,-9.5,10.124228365658293,0.7786166913846568,1,0
helicopter,12,13,helicopter:13,8,2321.0,1707.5,-2.25,-10.5,10.738365797457265,0.7786899264580126,1,0
helicopter,13,14,helicopter:14,8,2324.0,1782.0,-3.0,-10.5,10.920164833920778,0.7724951248955335,1,0
helicopter,14,15,helicopter:15,9,2327.5,1858.0,0.0,-10.5,10.5,0.8047590895654745,1,0
helicopter,15,16,helicopter:16,9,2330.0,1934.5,-1.0,-12.0,12.041594578792296,0.7770790531487272,1,0
helicopter,16,17,helicopter:17,9,2333.5,2013.0,-1.5,-11.5,11.597413504743201,0.7801172896205751,1,0
helicopter,17,18,helicopter:18,9,2337.0,2092.0,-1.0,21.0,21.02379604162864,0.7500399552501199,1,1
jammer,0,1,jammer:1,10,1512.0,1268.5,4.0,-6.75,7.846177413237608,0.5863247863247864,1,0
jammer,1,2,jammer:2,9,1509.0,1336.0,4.0,-8.5,9.394147114027968,0.5432372505543237,1,0
jammer,2,3,jammer:3,9,1506.0,1404.5,4.0,-9.0,9.848857801796104,0.5288888888888889,1,0
jammer,3,4,jammer:4,10,1503.0,1474.5,4.5,-10.5,11.423659658795863,0.4809632718956007,0,0
jammer,4,5,jammer:5,10,1500.0,1545.5,4.25,-10.75,11.559628021696891,0.48191027496382055,0,0
jammer,5,6,jammer:6,10,1497.0,1617.5,5.25,-10.5,11.739356881873896,0.4662346079066753,0,0
jammer,6,7,jammer:7,11,1493.5,1690.0,5.0,-13.0,13.92838827718412,0.42340109072880516,0,0
jammer,7,8,jammer:8,11,1490.5,1764.5,5.5,-13.0,14.115594213493104,0.4143619602134886,0,0
jammer,8,9,jammer:9,10,1487.0,1840.0,6.25,-15.25,16.48104972384951,0.3619380359772471,0,0
jammer,9,10,jammer:10,10,1483.5,1916.0,6.0,-16.0,17.08800749063506,0.35353535353535354,0,0
jammer,10,11,jammer:11,9,1480.0,1994.0,5.5,-16.0,16.91892431568863,0.3637192342752963,0,0
jammer,11,12,jammer:12,9,1477.0,2073.0,5.5,-8.5,10.124228365658293,0.4751266011319631,0,1
jet_plane,3,4,jet_plane:4,10,2235.0,13.5,-2.0,35.5,35.556293395122054,0.17335037545933854,0,1
jet_plane,4,5,jet_plane:5,10,2237.0,41.5,-1.5,11.75,11.845357740482134,0.7048312375909993,1,0
jet_plane,5,6,jet_plane:6,10,2238.5,94.0,-2.5,11.75,12.013013776733963,0.6901024923414394,1,0
jet_plane,6,7,jet_plane:7,11,2241.0,147.0,-1.0,11.5,11.543396380615196,0.7214535502508742,1,0
jet_plane,7,8,jet_plane:8,11,2243.0,200.5,-0.5,10.5,10.51189802081432,0.7523489420212359,1,0
jet_plane,8,9,jet_plane:9,10,2245.0,255.0,-1.5,7.5,7.648529270389178,0.7947648830206162,1,0
jet_plane,9,10,jet_plane:10,10,2247.5,310.0,-1.0,7.0,7.0710678118654755,0.815079118833385,1,0
jet_plane,10,11,jet_plane:11,9,2249.5,366.0,-3.5,8.5,9.192388155425117,0.7396536542412679,1,0
jet_plane,11,12,jet_plane:12,9,2252.0,422.5,-2.5,8.5,8.860022573334675,0.760104872187022,1,0
jet_plane,12,13,jet_plane:13,8,2254.0,480.0,-1.5,8.0,8.139410298049853,0.7894736842105263,1,0
jet_plane,13,14,jet_plane:14,8,2256.5,538.0,-0.75,8.0,8.035079339994098,0.805797835764178,1,0
jet_plane,14,15,jet_plane:15,9,2258.5,597.0,0.0,6.5,6.5,0.8429638222286667,1,0
jet_plane,15,16,jet_plane:16,9,2261.0,657.0,1.0,7.5,7.566372975210778,0.8140186261466283,1,0
jet_plane,16,17,jet_plane:17,9,2263.5,717.5,1.5,6.5,6.670832032063167,0.8258944017715037,1,0
jet_plane,17,18,jet_plane:18,9,2265.5,779.0,1.0,7.0,7.0710678118654755,0.8267113451412159,1,0
jet_plane,18,19,jet_plane:19,8,2268.0,841.0,0.25,4.25,4.257346591481601,0.8935281837160751,1,0
jet_plane,19,20,jet_plane:20,8,2270.5,904.5,-5.25,4.75,7.079901129253148,0.7903898193520076,1,0
jet_plane,20,21,jet_plane:21,9,2273.5,968.5,-5.5,2.5,6.041522986797286,0.8264888073153944,1,0
jet_plane,21,22,jet_plane:22,9,2275.5,1033.5,-6.0,-0.5,6.020797289396148,0.8536649129113427,1,0
jet_plane,22,23,jet_plane:23,8,2278.0,1099.5,-6.75,1.75,6.9731628404906765,0.8177069731000262,1,0
jet_plane,23,24,jet_plane:24,7,2280.5,1166.5,-10.0,3.5,10.594810050208546,0.7309082291604952,1,0
large_launcher,0,1,large_launcher:1,10,3524.5,411.5,-10.5,5.25,11.739356881873896,0.7833173537871524,1,0
large_launcher,1,2,large_launcher:2,9,3535.0,468.5,-11.5,5.5,12.747548783981962,0.7707415783835257,1,0
large_launcher,2,3,large_launcher:3,9,3546.0,526.0,-12.0,5.0,13.0,0.7735359962295275,1,0
large_launcher,3,4,large_launcher:4,10,3557.0,584.0,-11.0,4.5,11.884864324004713,0.7919375812743823,1,0
large_launcher,4,5,large_launcher:5,10,3568.0,643.0,-11.5,4.75,12.442367138129304,0.7846778285134449,1,0
large_launcher,5,6,large_launcher:6,10,3579.5,702.5,-11.5,3.75,12.095970403402944,0.7996705487963471,1,0
large_launcher,6,7,large_launcher:7,11,3591.0,763.5,-10.5,3.5,11.067971810589327,0.8150282355652876,1,0
large_launcher,7,8,large_launcher:8,11,3602.5,825.0,-10.5,2.5,10.793516572461451,0.8308630714855775,1,0
large_launcher,8,9,large_launcher:9,10,3614.5,887.5,-11.25,-2.75,11.58123482190047,0.8199433607148511,1,0
large_launcher,9,10,large_launcher:10,10,3626.5,951.0,-11.5,-2.0,11.672617529928752,0.8285456289858344,1,0
large_launcher,10,11,large_launcher:11,9,3638.5,1015.0,-13.5,-2.0,13.647344063956181,0.8085642317380353,1,0
large_launcher,11,12,large_launcher:12,9,3651.0,1080.0,-13.0,-2.5,13.238202294873727,0.8082597857575962,1,0
large_launcher,12,13,large_launcher:13,8,3663.5,1146.0,-12.25,-3.0,12.61199825562944,0.8105302534368278,1,0
large_launcher,13,14,large_launcher:14,8,3676.5,1213.0,-12.0,-2.5,12.257650672131263,0.8212550741997737,1,0
large_launcher,14,15,large_launcher:15,9,3689.0,1281.0,-10.5,-3.5,11.067971810589327,0.8240504665527665,1,0
large_launcher,15,16,large_launcher:16,9,3702.0,1350.5,-11.0,-3.0,11.40175425099138,0.8273985704868875,1,0
large_launcher,16,17,large_launcher:17,9,3715.5,1420.0,-11.5,-3.5,12.020815280171307,0.8163701067615659,1,0
large_launcher,17,18,large_launcher:18,9,3729.0,1491.0,-11.0,-6.5,12.776932339180638,0.7815879780472998,1,0
large_launcher,18,19,large_launcher:19,8,3742.5,1563.0,-13.25,-8.75,15.878444508200417,0.7342599118025758,1,0
large_launcher,19,20,large_launcher:20,8,3756.5,1636.5,-9.25,-8.5,12.562344526401112,0.7703711557531948,1,1
large_launcher,20,21,large_launcher:21,9,3763.5,1710.5,-10.5,-11.0,15.20690632574555,0.7194484070375654,1,1
large_launcher,21,22,large_launcher:22,9,3770.5,1786.5,-10.0,-11.0,14.866068747318506,0.7153613367505032,1,1
large_launcher,22,23,large_launcher:23,8,3777.0,1863.0,-11.25,-10.75,15.560366319595435,0.6929282832970407,1,1
large_launcher,23,24,large_launcher:24,7,3784.0,1941.0,-14.5,-11.0,18.200274723201296,0.6335803159513491,1,1
large_tower,6,7,large_tower:7,11,3423.0,13.0,-9.0,33.0,34.20526275297414,0.14213197969543148,0,1
large_tower,7,8,large_tower:8,11,3433.0,45.0,-8.5,11.0,13.901438774457844,0.556893318859173,1,0
large_tower,8,9,large_tower:9,10,3443.0,99.0,-9.75,7.5,12.300914600142544,0.5890944498539435,1,0
large_tower,9,10,large_tower:10,10,3453.5,154.0,-9.5,7.5,12.103718436910205,0.5945945945945946,1,0
large_tower,10,11,large_tower:11,9,3463.5,209.5,-11.5,8.5,14.300349646075091,0.5427958666406707,1,0
large_tower,11,12,large_tower:12,9,3474.0,266.0,-11.5,9.0,14.603081866510234,0.5362234506837358,1,0
large_tower,12,13,large_tower:13,8,3485.0,323.0,-9.75,8.0,12.61199825562944,0.5837382250867625,1,0
large_tower,13,14,large_tower:14,8,3495.5,381.0,-11.0,8.5,13.901438774457844,0.5559633027522936,1,0
large_tower,14,15,large_tower:15,9,3507.0,439.5,-8.5,7.0,11.01135777277262,0.6250317468380149,1,0
large_tower,15,16,large_tower:16,9,3518.0,499.0,-9.0,7.5,11.715374513859981,0.6082577041986637,1,0
large_tower,16,17,large_tower:17,9,3529.5,559.5,-9.0,7.0,11.40175425099138,0.6173285198555957,1,0
large_tower,17,18,large_tower:18,9,3540.5,620.5,-9.0,7.0,11.40175425099138,0.6166902404526167,1,0
large_tower,18,19,large_tower:19,8,3552.0,682.5,-11.25,4.25,12.026013470805694,0.623603130509786,1,0
large_tower,19,20,large_tower:20,8,3564.0,746.0,-14.25,5.25,15.18634254848744,0.5554609687579808,1,0
large_tower,20,21,large_tower:21,9,3576.0,809.5,-15.5,2.5,15.700318468107582,0.5795203766367515,1,0
large_tower,21,22,large_tower:22,9,3588.0,874.5,-16.0,0.5,16.00781059358212,0.604066985645933,1,0
large_tower,22,23,large_tower:23,8,3600.5,940.0,-16.75,1.0,16.779824194549835,0.5863720528329835,1,0
large_tower,23,24,large_tower:24,7,3613.0,1007.5,-19.5,4.0,19.90602923739438,0.49976607092729486,0,0
medium_launcher,14,15,medium_launcher:15,9,3742.0,8.5,-9.0,28.0,29.410882339705484,0.034013605442176874,0,1
medium_launcher,15,16,medium_launcher:16,9,3753.5,47.0,-9.5,14.5,17.334935823359714,0.36788750817527793,0,0
medium_launcher,16,17,medium_launcher:17,9,3765.5,100.5,-10.0,14.0,17.204650534085253,0.37204022056438535,0,0
medium_launcher,17,18,medium_launcher:18,9,3777.5,154.5,-10.0,14.0,17.204650534085253,0.37349397590361444,0,0
medium_launcher,18,19,medium_launcher:19,8,3790.0,209.5,-12.25,12.25,17.324116139070416,0.3738819320214669,0,0
medium_launcher,19,20,medium_launcher:20,8,3803.0,265.0,-14.25,12.75,19.121323175972943,0.34069562247395685,0,1
medium_launcher,20,21,medium_launcher:21,9,3815.0,321.0,-10.0,10.5,14.5,0.4142050189832392,0,1
medium_launcher,21,22,medium_launcher:22,9,3821.5,378.0,-10.0,8.0,12.806248474865697,0.36633663366336633,0,1
medium_launcher,22,23,medium_launcher:23,8,3828.0,436.0,-10.75,9.75,14.512925273699992,0.13733114002293006,0,1
medium_plane,20,21,medium_plane:21,9,637.5,16.0,7.0,22.5,23.56374333589636,0.23595505617977527,0,1
medium_plane,21,22,medium_plane:22,9,629.5,61.0,7.5,12.5,14.577379737113251,0.4726477024070022,0,0
medium_plane,22,23,medium_plane:23,8,621.0,114.5,9.75,14.75,17.681204710086924,0.40576021004434626,0,0
medium_plane,23,24,medium_plane:24,7,612.0,168.5,7.0,16.5,17.92344832893492,0.40953350728695986,0,0
mine_roller,0,1,mine_roller:1,10,2005.5,2040.0,-1.0,-19.25,19.275956526201234,0.4996463098325867,0,0
small_launcher,0,1,small_launcher:1,10,1798.0,236.0,2.0,8.25,8.488963423174823,0.4842300556586271,0,0
small_launcher,1,2,small_launcher:2,9,1797.0,290.0,1.5,8.0,8.139410298049853,0.5147783251231527,1,0
small_launcher,2,3,small_launcher:3,9,1796.5,345.0,2.0,7.0,7.280109889280518,0.5309842041312273,1,0
small_launcher,3,4,small_launcher:4,10,1795.5,401.0,2.5,7.0,7.433034373659253,0.5137370753323486,1,0
small_launcher,4,5,small_launcher:5,10,1794.5,457.5,2.25,6.75,7.115124735378854,0.5328696432577967,1,0
small_launcher,5,6,small_launcher:6,10,1793.5,515.0,2.75,6.75,7.2886898685566255,0.507740632712587,1,0
small_launcher,6,7,small_launcher:7,11,1792.5,573.0,2.5,7.0,7.433034373659253,0.5123094958968347,1,0
small_launcher,7,8,small_launcher:8,11,1792.0,631.0,2.5,5.0,5.5901699437494745,0.5828220858895705,1,0
small_launcher,8,9,small_launcher:9,10,1791.5,691.0,3.75,2.5,4.5069390943299865,0.60381861575179,1,0
small_launcher,9,10,small_launcher:10,10,1790.5,751.0,3.5,1.0,3.640054944640259,0.6744186046511628,1,0
small_launcher,10,11,small_launcher:11,9,1789.5,813.0,3.5,3.0,4.6097722286464435,0.6,1,0
small_launcher,11,12,small_launcher:12,9,1788.5,875.0,2.5,3.0,3.905124837953327,0.6602316602316602,1,0
small_launcher,12,13,small_launcher:13,8,1788.0,938.0,3.75,3.0,4.802343178074636,0.5956482320942883,1,0
small_launcher,13,14,small_launcher:14,8,1787.0,1001.0,3.75,2.0,4.25,0.6316440049443758,1,0
small_launcher,14,15,small_launcher:15,9,1786.0,1066.0,4.0,0.5,4.031128874149275,0.6785825303077402,1,0
small_launcher,15,16,small_launcher:16,9,1784.5,1132.0,4.5,1.5,4.743416490252569,0.6174016686531585,1,0
small_launcher,16,17,small_launcher:17,9,1783.5,1198.5,4.5,0.5,4.527692569068709,0.6538695917123705,1,0
small_launcher,17,18,small_launcher:18,9,1782.5,1266.0,4.5,-3.5,5.70087712549569,0.5509974711997753,1,0
small_launcher,18,19,small_launcher:19,8,1781.5,1335.0,5.5,-4.75,7.267220926874317,0.46881342172913004,0,0
small_launcher,19,20,small_launcher:20,8,1780.5,1404.5,0.75,-5.0,5.055937104039171,0.6714395688991532,1,0
small_launcher,20,21,small_launcher:21,9,1779.5,1475.0,-2.5,-7.0,7.433034373659253,0.5189873417721519,1,0
small_launcher,21,22,small_launcher:22,9,1778.5,1547.0,-2.5,-7.0,7.433034373659253,0.5149316215461903,1,0
small_launcher,22,23,small_launcher:23,8,1777.5,1619.5,-1.5,-6.75,6.914658342969665,0.5590942293644996,1,0
small_launcher,23,24,small_launcher:24,7,1776.5,1693.5,-5.5,-7.0,8.902246907382429,0.4095139607032058,0,0
small_plane,0,1,small_plane:1,10,2048.5,1526.0,-1.0,-10.75,10.796411440844592,0.6120794487231456,1,0
small_plane,1,2,small_plane:2,9,2049.5,1597.5,-1.5,-13.0,13.0862523283024,0.5477657935285054,1,0
small_plane,2,3,small_plane:3,9,2050.5,1670.5,-2.0,-12.5,12.658988901172163,0.5524449421425905,1,0
small_plane,3,4,small_plane:4,10,2051.5,1744.0,-0.5,-14.5,14.508618128546908,0.5405284370801612,1,0
small_plane,4,5,small_plane:5,10,2052.5,1819.0,-0.75,-14.75,14.76905548774193,0.5298748082097352,1,0
small_plane,5,6,small_plane:6,10,2053.5,1895.0,-0.25,-15.5,15.502015997927495,0.5255993677000088,1,0
small_plane,6,7,small_plane:7,11,2054.5,1972.5,1.0,-17.0,17.029386365926403,0.48624161073825506,0,0
small_plane,7,8,small_plane:8,11,2055.5,2051.0,0.5,-17.5,17.507141400011598,0.487913172175629,0,0
small_tower,0,1,small_tower:1,10,2642.5,821.0,-4.5,-1.0,4.6097722286464435,0.8192122414281666,1,0
small_tower,1,2,small_tower:2,9,2647.0,883.0,-5.5,-3.0,6.264982043070834,0.7440452159870812,1,0
small_tower,2,3,small_tower:3,9,2652.0,946.0,-6.5,-2.0,6.800735254367722,0.7412140575079872,1,0
small_tower,3,4,small_tower:4,10,2657.5,1009.0,-5.0,-4.5,6.726812023536855,0.7254901960784313,1,0
small_tower,4,5,small_tower:5,10,2662.5,1074.0,-5.5,-4.25,6.950719387228922,0.7191201353637902,1,0
small_tower,5,6,small_tower:6,10,2668.0,1139.5,-5.5,-4.5,7.106335201775948,0.7135443694862481,1,0
small_tower,6,7,small_tower:7,11,2673.5,1206.0,-4.5,-6.0,7.5,0.7040381886208231,1,0
small_tower,7,8,small_tower:8,11,2679.0,1273.5,-4.0,-5.5,6.800735254367722,0.7279854856476382,1,0
small_tower,8,9,small_tower:9,10,2684.5,1341.5,-5.25,-9.25,10.636023693091325,0.6201616909805339,1,0
small_tower,9,10,small_tower:10,10,2690.5,1411.5,-5.0,-8.0,9.433981132056603,0.6518563603164942,1,0
small_tower,10,11,small_tower:11,9,2696.0,1481.5,-7.0,-8.5,11.01135777277262,0.6019830028328612,1,0
small_tower,11,12,small_tower:12,9,2702.0,1553.0,-6.0,-9.5,11.236102527122116,0.6005660711126836,1,0
small_tower,12,13,small_tower:13,8,2707.5,1626.0,-5.25,-9.0,10.419332992087353,0.6255566771569384,1,0
small_tower,13,14,small_tower:14,8,2713.5,1699.0,-6.0,-9.5,11.236102527122116,0.6024145336351501,1,0
small_tower,14,15,small_tower:15,9,2720.0,1774.0,-3.5,-10.0,10.594810050208546,0.6384180790960452,1,0
small_tower,15,16,small_tower:16,9,2726.0,1850.0,-4.0,-11.0,11.704699910719626,0.6067902303828165,1,0
small_tower,16,17,small_tower:17,9,2732.5,1927.5,-4.0,-10.5,11.236102527122116,0.6158940397350994,1,0
small_tower,17,18,small_tower:18,9,2738.5,2005.5,-4.0,-14.5,15.041608956491324,0.5350593902238765,1,0
small_tower,18,19,small_tower:19,8,2745.0,2085.5,-5.75,4.75,7.458216945088149,0.5144059566202654,1,1
spacecraft,0,1,spacecraft:1,10,1545.5,651.0,4.0,2.75,4.8541219597369,0.7410528619897122,1,0
spacecraft,1,2,spacecraft:2,9,1542.5,710.5,3.5,3.0,4.6097722286464435,0.753773178094006,1,0
spacecraft,2,3,spacecraft:3,9,1540.0,770.5,4.0,2.0,4.47213595499958,0.7665236051502146,1,0
spacecraft,3,4,spacecraft:4,10,1537.0,831.5,3.5,0.0,3.5,0.8461538461538461,1,0
spacecraft,4,5,spacecraft:5,10,1535.0,893.5,4.25,-0.5,4.2793106921559225,0.8012143755812046,1,0
spacecraft,5,6,spacecraft:6,10,1532.0,956.5,4.25,0.75,4.315669125408017,0.7956939990838295,1,0
spacecraft,6,7,spacecraft:7,11,1529.5,1019.5,5.0,-3.5,6.103277807866851,0.6957746478873239,1,0
spacecraft,7,8,spacecraft:8,11,1526.5,1084.5,4.5,-2.5,5.1478150704935,0.7403551745254133,1,0
spacecraft,8,9,spacecraft:9,10,1524.0,1149.5,5.75,-6.25,8.492643875731515,0.6108711387144224,1,0
spacecraft,9,10,spacecraft:10,10,1521.0,1216.5,5.5,-5.0,7.433034373659253,0.6470588235294118,1,0
spacecraft,10,11,spacecraft:11,9,1518.0,1283.5,5.5,-5.5,7.7781745930520225,0.6363636363636364,1,0
spacecraft,11,12,spacecraft:12,9,1515.0,1352.0,4.5,-6.0,7.5,0.6529080675422139,1,0
spacecraft,12,13,spacecraft:13,8,1512.5,1421.5,6.25,-6.0,8.663861725581729,0.609021199819576,1,0
spacecraft,13,14,spacecraft:14,8,1509.0,1491.5,5.75,-6.5,8.678277478854891,0.6115107913669064,1,0
spacecraft,14,15,spacecraft:15,9,1506.0,1563.5,5.5,-6.5,8.514693182963201,0.6192,1,0
spacecraft,15,16,spacecraft:16,9,1503.0,1636.0,7.0,-7.0,9.899494936611665,0.5740788236299906,1,0
spacecraft,16,17,spacecraft:17,9,1499.5,1709.5,6.5,-7.0,9.5524865872714,0.5871066768994628,1,0
spacecraft,17,18,spacecraft:18,9,1496.5,1784.0,6.5,-10.5,12.349089035228468,0.5160067736472865,1,0
spacecraft,18,19,spacecraft:19,8,1493.5,1860.0,8.0,-12.25,14.630874888399532,0.4575582064362702,0,0
spacecraft,19,20,spacecraft:20,8,1490.0,1937.0,4.5,-13.0,13.756816492197604,0.502660406885759,1,0
spacecraft,20,21,spacecraft:21,9,1486.5,2015.5,2.5,-14.5,14.713938969562161,0.504544030084613,1,0
spacecraft,21,22,spacecraft:22,9,1483.0,2095.0,2.5,6.0,6.5,0.3129251700680272,0,1
ta-ta,0,1,ta-ta:1,10,1112.5,302.5,6.0,7.25,9.410765112359355,0.32491734295160807,0,0
ta-ta,1,2,ta-ta:2,9,1107.5,357.5,6.5,7.5,9.924716620639604,0.301909307875895,0,0
ta-ta,2,3,ta-ta:3,9,1102.0,413.0,6.0,6.5,8.845903006477066,0.35036496350364965,0,0
ta-ta,3,4,ta-ta:4,10,1097.0,469.5,7.5,6.5,9.924716620639604,0.32751091703056767,0,0
ta-ta,4,5,ta-ta:5,10,1091.0,526.5,6.75,5.75,8.8670739254841,0.3669620540786185,0,0
ta-ta,5,6,ta-ta:6,10,1085.5,585.0,7.75,6.25,9.956153875869939,0.3303370786516854,0,0
ta-ta,6,7,ta-ta:7,11,1079.5,643.5,7.0,5.5,8.902246907382429,0.37365269461077844,0,0
ta-ta,7,8,ta-ta:8,11,1074.5,703.0,8.0,4.5,9.17877987534291,0.38040712468193383,0,0
ta-ta,8,9,ta-ta:9,10,1068.5,763.5,8.75,0.25,8.753570700005799,0.5351963211885391,1,0
ta-ta,9,10,ta-ta:10,10,1062.5,825.0,9.0,1.0,9.055385138137417,0.5089820359281437,1,0
ta-ta,10,11,ta-ta:11,9,1056.0,887.0,8.5,2.0,8.73212459828649,0.4845360824742268,0,0
ta-ta,11,12,ta-ta:12,9,1050.0,950.0,8.0,2.5,8.381527307120106,0.47368421052631576,0,0
ta-ta,12,13,ta-ta:13,8,1044.0,1013.5,8.75,0.0,8.75,0.5705521472392638,1,0
ta-ta,13,14,ta-ta:14,8,1038.0,1078.5,9.25,0.5,9.263503656824453,0.5317969156125455,1,0
ta-ta,14,15,ta-ta:15,9,1031.5,1144.5,9.0,-0.5,9.013878188659973,0.5497896213183731,1,0
ta-ta,15,16,ta-ta:16,9,1025.0,1211.0,10.0,-1.5,10.111874208078342,0.465982905982906,0,0
ta-ta,16,17,ta-ta:17,9,1018.5,1279.0,10.0,-0.5,10.012492197250394,0.5146591310490992,1,0
ta-ta,17,18,ta-ta:18,9,1012.0,1347.0,10.5,-4.5,11.423659658795863,0.3304799755426475,0,0
ta-ta,18,19,ta-ta:19,8,1005.0,1417.0,11.5,-5.75,12.85739087062379,0.262842593979332,0,0
ta-ta,19,20,ta-ta:20,8,998.0,1487.5,7.5,-6.5,9.924716620639604,0.2849162011173184,0,0
ta-ta,20,21,ta-ta:21,9,991.5,1559.5,6.0,-8.0,10.0,0.2396694214876033,0,0
ta-ta,21,22,ta-ta:22,9,984.5,1632.5,6.0,-8.0,10.0,0.22807017543859648,0,0
ta-ta,22,23,ta-ta:23,8,977.5,1706.0,8.25,-7.75,11.319231422671772,0.20676834357690266,0,0
ta-ta,23,24,ta-ta:24,7,970.0,1781.0,5.5,-9.0,10.547511554864494,0.1782583284628872,0,0
tank,0,1,tank:1,10,911.0,6.5,7.0,26.25,27.16730571845504,0.02721563154221912,0,1
tank,1,2,tank:2,9,905.0,42.5,7.5,10.5,12.90348790056394,0.466473359913012,0,0
tank,2,3,tank:3,9,898.5,95.0,8.0,10.0,12.806248474865697,0.4718861209964413,0,0
tank,3,4,tank:4,10,891.5,148.0,8.0,9.5,12.419742348374221,0.4837163900967255,0,0
tank,4,5,tank:5,10,885.0,202.0,8.25,10.25,13.157697366940766,0.4654263969296819,0,0
tank,5,6,tank:6,10,878.0,256.0,8.75,9.25,12.732831578246843,0.47900032456994485,0,0
tank,6,7,tank:7,11,871.0,311.5,9.0,9.0,12.727922061357855,0.48148148148148145,0,0
tank,7,8,tank:8,11,864.0,367.5,9.0,8.5,12.379418403139947,0.49333333333333335,0,0
tank,8,9,tank:9,10,857.0,424.0,10.25,5.5,11.632390124131842,0.5318199373471227,1,0
tank,9,10,tank:10,10,849.5,481.0,9.5,4.5,10.51189802081432,0.572463768115942,1,0
tank,10,11,tank:11,9,842.5,539.5,10.0,6.0,11.661903789690601,0.5338717652876216,1,0
tank,11,12,tank:12,9,835.0,598.5,9.0,6.0,10.816653826391969,0.5568068896985757,1,0
tank,12,13,tank:13,8,828.0,658.5,10.75,6.0,12.31107225224513,0.5206665048936342,1,0
tank,13,14,tank:14,8,820.0,718.5,10.25,5.5,11.632390124131842,0.5440064360418343,1,0
tank,14,15,tank:15,9,812.5,780.0,10.5,4.0,11.236102527122116,0.5730980205103744,1,0
tank,15,16,tank:16,9,804.5,842.5,11.5,5.0,12.539936203984453,0.5331288343558283,1,0
tank,16,17,tank:17,9,796.5,905.5,11.0,4.0,11.704699910719626,0.5652039075825709,1,0
tank,17,18,tank:18,9,789.0,969.5,12.0,3.5,12.5,0.5586206896551724,1,0
tank,18,19,tank:19,8,780.5,1035.0,12.5,0.5,12.509996003196804,0.6083756922843487,1,0
tank,19,20,tank:20,8,772.5,1101.0,10.0,0.25,10.003124511871277,0.6768172111049593,1,0
tank,20,21,tank:21,9,763.5,1168.0,7.0,-2.5,7.433034373659253,0.7020667726550079,1,0
tank,21,22,tank:22,9,755.5,1235.5,7.5,-3.5,8.276472678623424,0.6677872860635696,1,0
tank,22,23,tank:23,8,747.0,1304.5,9.75,-2.75,10.130399794677405,0.6329979431875035,1,0
tank,23,24,tank:24,7,738.0,1374.5,7.5,-3.5,8.276472678623424,0.6702702702702703,1,0
