model,horizon,origin_size_bin,eligible_count,available_count,availability_fraction,valid_count,valid_fraction,mean_iou,median_iou,median_center_error,median_normalized_center_error,mean_abs_width_error,mean_abs_height_error
M0_HOLD,1,16-32,63,63,1.0,0,0.0,0.1839006417803414,0.16587677725118483,65.11528238439882,0.7257948517921968,1.9523809523809523,3.2222222222222223
M0_HOLD,1,4-<8,42,42,1.0,0,0.0,0.0,0.0,63.00496005191722,3.080312533278933,0.6190476190476191,0.40476190476190477
M0_HOLD,1,8-<16,108,108,1.0,0,0.0,0.009692820422735478,0.0,66.07381777337875,1.3061863271250695,0.7129629629629629,1.75
M0_HOLD,1,<4,5,5,1.0,0,0.0,0.0,0.0,73.83258088405145,5.273755777432247,0.4,0.2
M0_HOLD,1,>32,9,9,1.0,0,0.0,0.375943844232793,0.3659060018599328,74.28492444635049,0.44217216932351483,1.3333333333333333,7.444444444444445
M0_HOLD,2,16-32,59,59,1.0,0,0.0,0.0027296767553642073,0.0,131.07726728918328,1.4523179113713296,3.694915254237288,2.6440677966101696
M0_HOLD,2,4-<8,40,40,1.0,0,0.0,0.0,0.0,126.53841174612842,6.137573342439043,0.45,0.475
M0_HOLD,2,8-<16,101,101,1.0,0,0.0,0.0011492506795833983,0.0,132.53112841894918,2.611068772222938,1.4653465346534653,2.198019801980198
M0_HOLD,2,<4,4,4,1.0,0,0.0,0.0,0.0,148.1868273901926,10.584773385013758,0.75,0.5
M0_HOLD,2,>32,8,8,1.0,0,0.0,0.05616833209557466,0.055843137405883175,148.54827212302015,0.8889635357187382,2.875,26.125
M0_HOLD,3,16-32,55,55,1.0,0,0.0,0.0,0.0,198.12369873389704,2.17741036314765,5.2727272727272725,3.309090909090909
M0_HOLD,3,4-<8,39,39,1.0,0,0.0,0.0,0.0,191.01636055584348,9.218314145763372,0.6410256410256411,0.46153846153846156
M0_HOLD,3,8-<16,93,93,1.0,0,0.0,0.0,0.0,199.18144993949613,3.8969707048833286,2.086021505376344,2.6451612903225805
M0_HOLD,3,<4,3,3,1.0,0,0.0,0.0,0.0,222.54100745705273,15.895786246932337,1.0,1.0
M0_HOLD,3,>32,7,7,1.0,0,0.0,0.0,0.0,222.81157959136684,1.3238899450900143,4.285714285714286,30.0
M0_HOLD,4,16-32,51,51,1.0,0,0.0,0.0,0.0,263.70912005465414,2.8972668369782135,6.647058823529412,3.6666666666666665
M0_HOLD,4,4-<8,38,38,1.0,0,0.0,0.0,0.0,255.85614987701405,12.30069586000356,0.8421052631578947,0.631578947368421
M0_HOLD,4,8-<16,85,85,1.0,0,0.0,0.0,0.0,265.3723798740178,5.209462544255405,2.541176470588235,3.070588235294118
M0_HOLD,4,<4,2,2,1.0,0,0.0,0.0,0.0,297.3450228755173,21.238930205394098,1.5,1.0
M0_HOLD,4,>32,6,6,1.0,0,0.0,0.0,0.0,297.3669920159622,1.7580633484350154,5.666666666666667,34.666666666666664
M0_HOLD,5,16-32,48,48,1.0,0,0.0,0.0,0.0,330.8040576993877,3.6196636110951697,7.791666666666667,4.270833333333333
M0_HOLD,5,4-<8,37,37,1.0,0,0.0,0.0,0.0,321.0003894078635,15.371102561327561,1.0,0.7027027027027027
M0_HOLD,5,8-<16,77,77,1.0,0,0.0,0.0,0.0,332.53721596236414,6.520337567889493,3.0,2.6363636363636362
M0_HOLD,5,<4,1,1,1.0,0,0.0,0.0,0.0,372.149499529423,26.5821071092445,2.0,1.0
M0_HOLD,5,>32,5,5,1.0,0,0.0,0.0,0.0,371.92270702391914,2.188388653315307,7.2,40.6
M0_HOLD,6,16-32,45,45,1.0,0,0.0,0.0,0.0,395.34447005111883,4.326016845222907,8.666666666666666,4.933333333333334
M0_HOLD,6,4-<8,36,36,1.0,0,0.0,0.0,0.0,386.6819896171515,18.93529351392049,1.2222222222222223,0.8333333333333334
M0_HOLD,6,8-<16,70,70,1.0,0,0.0,0.0,0.0,396.4380076522073,7.793592122474578,3.5285714285714285,3.0
M0_HOLD,6,>32,4,4,1.0,0,0.0,0.0,0.0,442.2689953494091,3.115314878201228,8.5,48.5
M0_HOLD,7,16-32,42,42,1.0,0,0.0,0.0,0.0,464.26028095359277,5.045694422091484,9.571428571428571,5.595238095238095
M0_HOLD,7,4-<8,34,34,1.0,0,0.0,0.0,0.0,451.33167773620573,22.258867043813694,1.411764705882353,0.9411764705882353
M0_HOLD,7,8-<16,63,63,1.0,0,0.0,0.0,0.0,462.379984428392,9.001030527527272,3.9365079365079363,3.3968253968253967
M0_HOLD,7,>32,3,3,1.0,0,0.0,0.0,0.0,508.086606790614,4.23405505658845,10.0,61.333333333333336
M0_HOLD,8,16-32,39,39,1.0,0,0.0,0.0,0.0,534.8368910237962,5.757461991474311,10.35897435897436,6.256410256410256
M0_HOLD,8,4-<8,32,32,1.0,0,0.0,0.0,0.0,516.4906430485285,25.253893422691316,1.65625,1.03125
M0_HOLD,8,8-<16,56,56,1.0,0,0.0,0.0,0.0,528.5266055284116,10.171639747928351,4.053571428571429,3.8214285714285716
M0_HOLD,8,>32,2,2,1.0,0,0.0,0.0,0.0,564.7216890034331,9.45752925399331,11.5,85.5
M0_HOLD,9,16-32,36,36,1.0,0,0.0,0.0,0.0,601.5189577385889,6.443115874623462,11.25,6.944444444444445
M0_HOLD,9,4-<8,30,30,1.0,0,0.0,0.0,0.0,581.3925824615004,28.42060618755192,1.9,1.2
M0_HOLD,9,8-<16,50,50,1.0,0,0.0,0.0,0.0,594.5471870056085,11.359807762238546,3.88,4.32
M0_HOLD,9,>32,1,1,1.0,0,0.0,0.0,0.0,621.3553733573083,15.932189060443802,13.0,125.0
M0_HOLD,10,16-32,33,33,1.0,0,0.0,0.0,0.0,668.2009428308224,7.1248012508030545,12.030303030303031,7.636363636363637
M0_HOLD,10,4-<8,28,28,1.0,0,0.0,0.0,0.0,645.551665039797,31.59173227653313,2.1785714285714284,1.3571428571428572
M0_HOLD,10,8-<16,45,45,1.0,0,0.0,0.0,0.0,660.5936723887082,12.587093742143585,4.333333333333333,4.8
M0_HOLD,11,16-32,30,30,1.0,0,0.0,0.0,0.0,735.3742262280875,7.782886048619535,12.966666666666667,8.3
M0_HOLD,11,4-<8,26,26,1.0,0,0.0,0.0,0.0,710.1578211189308,35.81011551322355,2.423076923076923,1.5
M0_HOLD,11,8-<16,40,40,1.0,0,0.0,0.0,0.0,721.6501920917458,13.80025060471491,4.825,5.4
M0_HOLD,12,16-32,27,27,1.0,0,0.0,0.0,0.0,802.547506382021,8.435708793011003,13.814814814814815,8.88888888888889
M0_HOLD,12,4-<8,24,24,1.0,0,0.0,0.0,0.0,775.3324757917057,39.09956524414713,2.625,1.625
M0_HOLD,12,8-<16,35,35,1.0,0,0.0,0.0,0.0,782.0390015849594,14.997043041879955,5.257142857142857,5.571428571428571
M0_HOLD,13,16-32,24,24,1.0,0,0.0,0.0,0.0,869.4751840208351,9.091134541868618,14.708333333333334,9.541666666666666
M0_HOLD,13,4-<8,22,22,1.0,0,0.0,0.0,0.0,839.9889346044213,42.39812919865075,2.8636363636363638,1.7727272727272727
M0_HOLD,13,8-<16,31,31,1.0,0,0.0,0.0,0.0,853.7805631425442,16.16766615029228,5.645161290322581,6.129032258064516
M0_HOLD,14,16-32,21,21,1.0,0,0.0,0.0,0.0,936.4028246433262,9.748285764975934,15.619047619047619,10.238095238095237
M0_HOLD,14,4-<8,20,20,1.0,0,0.0,0.0,0.0,904.4127221706584,47.28757784510673,3.05,1.9
M0_HOLD,14,8-<16,27,27,1.0,0,0.0,0.0,0.0,913.5778565617711,17.398911635655377,5.962962962962963,6.7407407407407405
M0_HOLD,15,16-32,18,18,1.0,0,0.0,0.0,0.0,1003.8217360008776,10.447533872700589,16.444444444444443,10.777777777777779
M0_HOLD,15,4-<8,18,18,1.0,0,0.0,0.0,0.0,969.795061984347,50.726789792524315,3.1666666666666665,2.0
M0_HOLD,15,8-<16,23,23,1.0,0,0.0,0.0,0.0,972.4943444565629,18.649564286500937,6.3478260869565215,7.478260869565218
M0_HOLD,16,16-32,15,15,1.0,0,0.0,0.0,0.0,1071.240635898396,11.146782896200365,17.333333333333332,11.266666666666667
M0_HOLD,16,4-<8,16,16,1.0,0,0.0,0.0,0.0,1034.9449658465019,54.16584101320662,3.3125,2.0625
M0_HOLD,16,8-<16,19,19,1.0,0,0.0,0.0,0.0,1029.9844659022776,19.8073935750438,6.631578947368421,8.31578947368421
M0_HOLD,17,16-32,12,12,1.0,0,0.0,0.0,0.0,1137.7725081213498,11.55175841406923,18.166666666666668,12.0
M0_HOLD,17,4-<8,14,14,1.0,0,0.0,0.0,0.0,1099.8548004571358,57.625134195855004,3.4285714285714284,2.2857142857142856
M0_HOLD,17,8-<16,15,15,1.0,0,0.0,0.0,0.0,1086.9163951288986,21.00564725151809,6.8,9.466666666666667
M0_HOLD,18,16-32,9,9,1.0,0,0.0,0.0,0.0,1204.3033255787348,11.411544466348015,19.11111111111111,8.88888888888889
M0_HOLD,18,4-<8,12,12,1.0,0,0.0,0.0,0.0,1165.2764432934698,63.46533138439656,3.6666666666666665,2.5
M0_HOLD,18,8-<16,11,11,1.0,0,0.0,0.0,0.0,1143.352198580997,22.10250359413604,6.636363636363637,11.181818181818182
M0_HOLD,19,16-32,7,7,1.0,0,0.0,0.0,0.0,1280.336088689216,11.962268504284422,19.857142857142858,9.0
M0_HOLD,19,4-<8,10,10,1.0,0,0.0,0.0,0.0,1230.6393015738886,67.12522655593108,3.9,2.5
M0_HOLD,19,8-<16,8,8,1.0,0,0.0,0.0,0.0,1190.4854352868665,23.116740836243384,6.625,9.75
M0_HOLD,20,16-32,5,5,1.0,0,0.0,0.0,0.0,1356.8087558679742,12.50777609369137,22.6,9.2
M0_HOLD,20,4-<8,8,8,1.0,0,0.0,0.0,0.0,1295.8098624862416,70.79816853910354,4.125,2.75
M0_HOLD,20,8-<16,6,6,1.0,0,0.0,0.0,0.0,1244.9056784731324,24.173538341970303,6.833333333333333,12.0
M0_HOLD,21,16-32,3,3,1.0,0,0.0,0.0,0.0,1434.875952826585,13.044326843878046,31.666666666666668,8.333333333333334
M0_HOLD,21,4-<8,6,6,1.0,0,0.0,0.0,0.0,1361.2026888491741,77.70243176633414,4.333333333333333,2.8333333333333335
M0_HOLD,21,8-<16,4,4,1.0,0,0.0,0.0,0.0,1298.8297954094533,25.220619602322124,7.5,16.0
M0_HOLD,22,16-32,2,2,1.0,0,0.0,0.0,0.0,1503.720496613815,14.756815335054245,38.5,8.5
M0_HOLD,22,4-<8,4,4,1.0,0,0.0,0.0,0.0,1426.8938493951132,81.59002921398003,4.75,2.75
M0_HOLD,22,8-<16,2,2,1.0,0,0.0,0.0,0.0,1352.0097321659086,26.25328444665611,7.5,8.0
M0_HOLD,23,16-32,1,1,1.0,0,0.0,0.0,0.0,1572.5598557765616,16.55326163975328,45.0,9.0
M0_HOLD,23,4-<8,2,2,1.0,0,0.0,0.0,0.0,1493.0526886723035,84.64269695359272,5.5,3.0
M0_HOLD,23,8-<16,1,1,1.0,0,0.0,0.0,0.0,1414.4922233791178,27.201773526521496,8.0,9.0
M1_INDEPENDENT_CV,1,16-32,63,63,1.0,63,1.0,0.9600180824494833,0.9721554116558742,1.118033988749895,0.011893978603722287,1.0952380952380953,3.746031746031746
M1_INDEPENDENT_CV,1,4-<8,42,42,1.0,42,1.0,0.902127614830749,0.903125,1.0590169943749475,0.04971495009263367,0.5476190476190477,0.7380952380952381
M1_INDEPENDENT_CV,1,8-<16,108,108,1.0,108,1.0,0.9299720235824762,0.9411764705882353,1.118033988749895,0.023787957207444574,0.9166666666666666,2.5555555555555554
M1_INDEPENDENT_CV,1,<4,5,5,1.0,5,1.0,0.8175258179693408,0.7906976744186046,1.5811388300841898,0.10540925533894599,0.8,0.6
M1_INDEPENDENT_CV,1,>32,9,9,1.0,9,1.0,0.9818244885883433,0.9823852955510687,1.118033988749895,0.0067351445105415355,0.8888888888888888,7.222222222222222
M1_INDEPENDENT_CV,2,16-32,59,59,1.0,58,0.9830508474576272,0.911540185752242,0.9311568488289567,3.0413812651491097,0.03185165681020485,2.0677966101694913,6.169491525423729
M1_INDEPENDENT_CV,2,4-<8,40,40,1.0,40,1.0,0.7564255371342254,0.7810632470119522,2.5495097567963922,0.14594325141111325,1.05,1.275
M1_INDEPENDENT_CV,2,8-<16,101,101,1.0,98,0.9702970297029703,0.8460298018853328,0.8691358024691358,3.0413812651491097,0.06202691063039891,1.5841584158415842,4.594059405940594
M1_INDEPENDENT_CV,2,<4,4,4,1.0,3,0.75,0.5846756334751285,0.6071323763955343,3.3618556388582634,0.23053461974190148,1.25,1.5
M1_INDEPENDENT_CV,2,>32,8,8,1.0,8,1.0,0.9458778564908572,0.9544212750272927,3.348905783050559,0.019638635085953877,1.125,26.125
M1_INDEPENDENT_CV,3,16-32,55,55,1.0,53,0.9636363636363636,0.853375979996736,0.8710700132100396,5.5901699437494745,0.059809196378005955,3.418181818181818,8.036363636363637
M1_INDEPENDENT_CV,3,4-<8,39,39,1.0,31,0.7948717948717948,0.5827893328220041,0.6176470588235294,5.5,0.28125,1.358974358974359,1.5128205128205128
M1_INDEPENDENT_CV,3,8-<16,93,93,1.0,88,0.946236559139785,0.7387784627986372,0.7637075718015666,6.020797289396148,0.12790697674418605,2.6774193548387095,7.139784946236559
M1_INDEPENDENT_CV,3,<4,3,3,1.0,0,0.0,0.3609332217826457,0.37383177570093457,6.519202405202649,0.46565731465733207,1.3333333333333333,1.3333333333333333
M1_INDEPENDENT_CV,3,>32,7,7,1.0,7,1.0,0.8992512111936307,0.9176112279820402,7.0178344238090995,0.04033238174602931,1.7142857142857142,29.714285714285715
M1_INDEPENDENT_CV,4,16-32,51,51,1.0,50,0.9803921568627451,0.7912611694193823,0.8038852913968547,9.340770846134703,0.0976621440265231,5.117647058823529,7.313725490196078
M1_INDEPENDENT_CV,4,4-<8,38,38,1.0,11,0.2894736842105263,0.4015524885745153,0.42055341606047636,8.930011286667337,0.45581751041181723,1.8421052631578947,2.1052631578947367
M1_INDEPENDENT_CV,4,8-<16,85,85,1.0,79,0.9294117647058824,0.6327274605920876,0.6495049504950495,9.5524865872714,0.19445911938612198,3.1058823529411765,9.352941176470589
M1_INDEPENDENT_CV,4,<4,2,2,1.0,0,0.0,0.09390403467855912,0.09390403467855912,11.146758286230725,0.7961970204450518,2.5,2.0
M1_INDEPENDENT_CV,4,>32,6,6,1.0,6,1.0,0.8554138404985113,0.8714297574156395,11.411955276646836,0.06539640312718847,2.3333333333333335,34.666666666666664
M1_INDEPENDENT_CV,5,16-32,48,48,1.0,47,0.9791666666666666,0.7154828117007517,0.7238602054653884,13.837927949363667,0.1476587770384173,7.375,9.0
M1_INDEPENDENT_CV,5,4-<8,37,37,1.0,1,0.02702702702702703,0.237059236215017,0.24155405405405406,13.5,0.6956521739130435,2.135135135135135,2.4324324324324325
M1_INDEPENDENT_CV,5,8-<16,77,77,1.0,51,0.6623376623376623,0.5192395271884024,0.5390796201607012,14.0089257261219,0.28743098055545313,3.7662337662337664,10.025974025974026
M1_INDEPENDENT_CV,5,<4,1,1,1.0,0,0.0,0.0,0.0,18.0,1.2857142857142858,2.0,4.0
M1_INDEPENDENT_CV,5,>32,5,5,1.0,5,1.0,0.7860658371074705,0.813544179397838,16.0,0.09204467514322717,2.6,42.6
M1_INDEPENDENT_CV,6,16-32,45,45,1.0,44,0.9777777777777777,0.6335842525219609,0.6443156369384798,19.557607215607945,0.20379721011381702,8.0,10.88888888888889
M1_INDEPENDENT_CV,6,4-<8,36,36,1.0,0,0.0,0.1193398861501224,0.08106355382619973,19.016437699594327,0.9673913043478262,2.7222222222222223,2.7777777777777777
M1_INDEPENDENT_CV,6,8-<16,70,70,1.0,10,0.14285714285714285,0.4060467133859281,0.41372041809751925,19.2901278678422,0.3980172984486381,4.242857142857143,12.542857142857143
M1_INDEPENDENT_CV,6,>32,4,4,1.0,4,1.0,0.732066894634585,0.7579929824444067,22.354579090514157,0.1281050431331708,3.5,48.0
M1_INDEPENDENT_CV,7,16-32,42,42,1.0,39,0.9285714285714286,0.551679652032137,0.5574356843638006,25.96772457366349,0.2719046261256395,8.833333333333334,13.214285714285714
M1_INDEPENDENT_CV,7,4-<8,34,34,1.0,0,0.0,0.0474729710919346,0.0,25.775447175374058,1.2747351395478304,3.2941176470588234,3.2058823529411766
M1_INDEPENDENT_CV,7,8-<16,63,63,1.0,0,0.0,0.2966940892721641,0.30548302872062666,25.22399651125888,0.5217106312867758,4.555555555555555,15.714285714285714
M1_INDEPENDENT_CV,7,>32,3,3,1.0,3,1.0,0.6746180623651638,0.6867335562987736,29.769951293208393,0.17011400738976226,3.6666666666666665,63.333333333333336
M1_INDEPENDENT_CV,8,16-32,39,39,1.0,11,0.28205128205128205,0.467520647505289,0.47164696953269003,33.0,0.35,9.743589743589743,15.846153846153847
M1_INDEPENDENT_CV,8,4-<8,32,32,1.0,0,0.0,0.009672511229678086,0.0,33.15270248338089,1.5996737132785,3.71875,3.53125
M1_INDEPENDENT_CV,8,8-<16,56,56,1.0,0,0.0,0.19813821890352723,0.20701799067569385,32.519221448142446,0.6568368273257201,4.910714285714286,19.035714285714285
M1_INDEPENDENT_CV,8,>32,2,2,1.0,1,0.5,0.5908881818435805,0.5908881818435805,20.24140019301077,0.424113429726966,4.5,101.5
M1_INDEPENDENT_CV,9,16-32,36,36,1.0,0,0.0,0.38716502501133276,0.38968067871172885,41.39730467465583,0.43631017507327935,10.527777777777779,18.694444444444443
M1_INDEPENDENT_CV,9,4-<8,30,30,1.0,0,0.0,0.0,0.0,40.04154736324004,1.9725160770651557,3.966666666666667,3.966666666666667
M1_INDEPENDENT_CV,9,8-<16,50,50,1.0,0,0.0,0.10971480956049938,0.10120394038507632,40.684621619644616,0.8044661861556007,4.7,18.6
M1_INDEPENDENT_CV,9,>32,1,1,1.0,0,0.0,0.4073226544622426,0.4073226544622426,21.224985276791124,0.5442303917125929,5.0,143.0
M1_INDEPENDENT_CV,10,16-32,33,33,1.0,0,0.0,0.308326783805331,0.30995745316115547,51.12973694436536,0.5368891878218447,11.424242424242424,21.393939393939394
M1_INDEPENDENT_CV,10,4-<8,28,28,1.0,0,0.0,0.0,0.0,48.31436438084239,2.4923742744913726,4.035714285714286,4.285714285714286
M1_INDEPENDENT_CV,10,8-<16,45,45,1.0,0,0.0,0.043430665164459994,0.024693836579000202,50.039984012787215,0.9942977212987475,5.355555555555555,21.511111111111113
M1_INDEPENDENT_CV,11,16-32,30,30,1.0,0,0.0,0.23342289157042861,0.22902038899726931,60.61061967244603,0.6389417803884923,11.933333333333334,25.4
M1_INDEPENDENT_CV,11,4-<8,26,26,1.0,0,0.0,0.0,0.0,57.857559155655764,3.072913780639577,4.615384615384615,4.884615384615385
M1_INDEPENDENT_CV,11,8-<16,40,40,1.0,0,0.0,0.011273841572399626,0.0,60.05203996810623,1.1909399039409745,5.725,26.75
M1_INDEPENDENT_CV,12,16-32,27,27,1.0,0,0.0,0.16388884356587946,0.15919456156957232,71.68856254661549,0.7520050533327244,12.703703703703704,29.40740740740741
M1_INDEPENDENT_CV,12,4-<8,24,24,1.0,0,0.0,0.0,0.0,67.25470005802481,3.504764685814079,5.041666666666667,5.708333333333333
M1_INDEPENDENT_CV,12,8-<16,35,35,1.0,0,0.0,0.0011517373602705479,0.0,69.14658342969665,1.3406237242464774,6.685714285714286,30.885714285714286
M1_INDEPENDENT_CV,13,16-32,24,24,1.0,0,0.0,0.09539220872060528,0.0896312791667406,83.21399108737171,0.8629207847352811,13.583333333333334,34.166666666666664
M1_INDEPENDENT_CV,13,4-<8,22,22,1.0,0,0.0,0.0,0.0,77.10195446468468,4.1030833020204724,5.136363636363637,6.2727272727272725
M1_INDEPENDENT_CV,13,8-<16,31,31,1.0,0,0.0,0.0,0.0,80.94751385929032,1.5566829588325062,7.225806451612903,37.38709677419355
M1_INDEPENDENT_CV,14,16-32,21,21,1.0,0,0.0,0.03859413858562256,0.027206320810971973,96.20940702446929,0.9819666476924294,15.428571428571429,41.0
M1_INDEPENDENT_CV,14,4-<8,20,20,1.0,0,0.0,0.0,0.0,89.00672420017617,4.90373242053351,5.95,7.0
M1_INDEPENDENT_CV,14,8-<16,27,27,1.0,0,0.0,0.0,0.0,95.72094859538323,1.7941545247281927,7.296296296296297,44.0
M1_INDEPENDENT_CV,15,16-32,18,18,1.0,0,0.0,0.008581282245068145,0.0,109.56880722910947,1.1076701756977851,16.944444444444443,50.166666666666664
M1_INDEPENDENT_CV,15,4-<8,18,18,1.0,0,0.0,0.0,0.0,102.27537017487198,5.627773126529268,6.111111111111111,8.166666666666666
M1_INDEPENDENT_CV,15,8-<16,23,23,1.0,0,0.0,0.0,0.0,106.51877768731671,2.1209716429172674,7.826086956521739,55.130434782608695
M1_INDEPENDENT_CV,16,16-32,15,15,1.0,0,0.0,0.0,0.0,123.51619327035625,1.238835217547245,21.6,61.53333333333333
M1_INDEPENDENT_CV,16,4-<8,16,16,1.0,0,0.0,0.0,0.0,115.96055108140689,6.384442555902869,6.9375,8.5625
M1_INDEPENDENT_CV,16,8-<16,19,19,1.0,0,0.0,0.0,0.0,127.89155562428662,2.318263564092918,8.421052631578947,69.6842105263158
M1_INDEPENDENT_CV,17,16-32,12,12,1.0,0,0.0,0.0,0.0,137.79120600401936,1.3478600431802816,21.916666666666668,79.33333333333333
M1_INDEPENDENT_CV,17,4-<8,14,14,1.0,0,0.0,0.0,0.0,130.05821149194026,7.090085776442622,6.571428571428571,9.071428571428571
M1_INDEPENDENT_CV,17,8-<16,15,15,1.0,0,0.0,0.0,0.0,132.29701432761058,2.9364785530359345,8.8,91.8
M1_INDEPENDENT_CV,18,16-32,9,9,1.0,0,0.0,0.0,0.0,158.38244852255568,1.5228968697955414,26.88888888888889,102.66666666666667
M1_INDEPENDENT_CV,18,4-<8,12,12,1.0,0,0.0,0.0,0.0,144.47611192309367,7.867984262360803,6.166666666666667,10.166666666666666
M1_INDEPENDENT_CV,18,8-<16,11,11,1.0,0,0.0,0.0,0.0,147.1674216666175,3.2397340532999173,8.090909090909092,61.36363636363637
M1_INDEPENDENT_CV,19,16-32,7,7,1.0,0,0.0,0.0,0.0,177.1383639983163,1.6103487636210572,32.857142857142854,136.28571428571428
M1_INDEPENDENT_CV,19,4-<8,10,10,1.0,0,0.0,0.0,0.0,161.75038819782174,8.812616661763318,7.2,10.4
M1_INDEPENDENT_CV,19,8-<16,8,8,1.0,0,0.0,0.0,0.0,164.63969963451612,3.3650514768715523,9.25,82.25
M1_INDEPENDENT_CV,20,16-32,5,5,1.0,0,0.0,0.0,0.0,197.03108891745993,1.7920393295566048,42.6,196.4
M1_INDEPENDENT_CV,20,4-<8,8,8,1.0,0,0.0,0.0,0.0,179.00352321225324,9.73146283816369,7.375,9.25
M1_INDEPENDENT_CV,20,8-<16,6,6,1.0,0,0.0,0.0,0.0,175.9224698473493,3.6637581723423933,10.166666666666666,113.33333333333333
M1_INDEPENDENT_CV,21,16-32,3,3,1.0,0,0.0,0.0,0.0,207.61803871532936,1.8874367155939034,52.666666666666664,10.0
M1_INDEPENDENT_CV,21,4-<8,6,6,1.0,0,0.0,0.0,0.0,195.30702882423128,11.218278783222829,8.666666666666666,8.5
M1_INDEPENDENT_CV,21,8-<16,4,4,1.0,0,0.0,0.0,0.0,190.3240943936433,6.755773326674374,9.25,176.5
M1_INDEPENDENT_CV,22,16-32,2,2,1.0,0,0.0,0.0,0.0,224.13345513944242,2.2019501269827964,71.5,11.5
M1_INDEPENDENT_CV,22,4-<8,4,4,1.0,0,0.0,0.0,0.0,215.3845060073877,12.372888653959942,11.25,6.25
M1_INDEPENDENT_CV,22,8-<16,2,2,1.0,0,0.0,0.0,0.0,369.4582057841114,7.206989076261265,11.5,333.0
M1_INDEPENDENT_CV,23,16-32,1,1,1.0,0,0.0,0.0,0.0,240.96732143591586,2.5364981203780617,68.0,9.0
M1_INDEPENDENT_CV,23,4-<8,2,2,1.0,0,0.0,0.0,0.0,236.92129344725714,13.403572833205043,5.5,3.0
M1_INDEPENDENT_CV,23,8-<16,1,1,1.0,0,0.0,0.0,0.0,576.7531967835115,11.091407630452144,8.0,681.0
M2_SHARED_OPEN_LOOP,1,16-32,63,63,1.0,63,1.0,0.7888569984295417,0.7970091279860168,11.180339887498949,0.11096108760152637,1.9523809523809523,3.2222222222222223
M2_SHARED_OPEN_LOOP,1,4-<8,42,42,1.0,26,0.6190476190476191,0.5112050292146114,0.5336383159998878,7.931304690920362,0.34961086516097484,0.6190476190476191,0.40476190476190477
M2_SHARED_OPEN_LOOP,1,8-<16,108,108,1.0,76,0.7037037037037037,0.559429049486273,0.5753157443723698,11.905862382940638,0.23314534499624168,0.7129629629629629,1.75
M2_SHARED_OPEN_LOOP,1,<4,5,5,1.0,0,0.0,0.1891442390662006,0.20689655172413793,11.510864433221338,0.8222046023729527,0.4,0.2
M2_SHARED_OPEN_LOOP,1,>32,9,9,1.0,9,1.0,0.7834685901263012,0.785296549190116,15.890248582070704,0.09659618571248052,1.3333333333333333,7.444444444444445
M2_SHARED_OPEN_LOOP,2,16-32,59,59,1.0,56,0.9491525423728814,0.6357924245498798,0.6361594609769792,22.360679774997898,0.21992673460732626,3.694915254237288,2.6440677966101696
M2_SHARED_OPEN_LOOP,2,4-<8,40,40,1.0,2,0.05,0.2756312654424729,0.2820289589442815,16.768813303255747,0.7450070872933277,0.45,0.475
M2_SHARED_OPEN_LOOP,2,8-<16,101,101,1.0,8,0.07920792079207921,0.32308712509225185,0.32716520412056466,23.753947040439407,0.4614007206322938,1.4653465346534653,2.198019801980198
M2_SHARED_OPEN_LOOP,2,<4,4,4,1.0,0,0.0,0.0,0.0,23.38290619073299,1.6702075850523566,0.75,0.5
M2_SHARED_OPEN_LOOP,2,>32,8,8,1.0,7,0.875,0.6114665410771605,0.6143814388375674,32.120525291638415,0.18837057945614077,2.875,26.125
M2_SHARED_OPEN_LOOP,3,16-32,55,55,1.0,32,0.5818181818181818,0.5169719415870864,0.5133524413187035,32.40852511300075,0.3250500115414209,5.2727272727272725,3.309090909090909
M2_SHARED_OPEN_LOOP,3,4-<8,39,39,1.0,0,0.0,0.1372323714725142,0.1108875025155967,25.004999500099974,1.1420391728054788,0.6410256410256411,0.46153846153846156
M2_SHARED_OPEN_LOOP,3,8-<16,93,93,1.0,3,0.03225806451612903,0.1819766011249771,0.1687158469945355,35.16390194503448,0.6853660062331658,2.086021505376344,2.6451612903225805
M2_SHARED_OPEN_LOOP,3,<4,3,3,1.0,0,0.0,0.0,0.0,35.67211796347394,2.5480084259624243,1.0,1.0
M2_SHARED_OPEN_LOOP,3,>32,7,7,1.0,2,0.2857142857142857,0.48371614443396094,0.47956154373144555,46.735960458730275,0.28259897348718693,4.285714285714286,30.0
M2_SHARED_OPEN_LOOP,4,16-32,51,51,1.0,13,0.2549019607843137,0.42494863475754097,0.41029885057471266,41.97618372363071,0.4354175220214417,6.647058823529412,3.6666666666666665
M2_SHARED_OPEN_LOOP,4,4-<8,38,38,1.0,0,0.0,0.06364910583533302,0.0026385866917806,32.00628660293279,1.4690309012966478,0.8421052631578947,0.631578947368421
M2_SHARED_OPEN_LOOP,4,8-<16,85,85,1.0,0,0.0,0.09844376992673005,0.0694541231126597,46.69047011971501,0.8972631811012493,2.541176470588235,3.070588235294118
M2_SHARED_OPEN_LOOP,4,<4,2,2,1.0,0,0.0,0.0,0.0,53.18614126657481,3.7990100904696287,1.5,1.0
M2_SHARED_OPEN_LOOP,4,>32,6,6,1.0,0,0.0,0.37753333355535484,0.37193299271455443,60.93767114080444,0.38849649668399544,5.666666666666667,34.666666666666664
M2_SHARED_OPEN_LOOP,5,16-32,48,48,1.0,5,0.10416666666666667,0.3475476158104757,0.33234640483484634,50.28792530658788,0.5219825324083462,7.791666666666667,4.270833333333333
M2_SHARED_OPEN_LOOP,5,4-<8,37,37,1.0,0,0.0,0.029543270456236777,0.0,39.53795644693843,2.042968335059444,1.0,0.7027027027027027
M2_SHARED_OPEN_LOOP,5,8-<16,77,77,1.0,0,0.0,0.050184647248754016,0.008046490835940992,56.60443887187647,1.1078006238589244,3.0,2.6363636363636362
M2_SHARED_OPEN_LOOP,5,<4,1,1,1.0,0,0.0,0.0,0.0,74.10676419868837,5.293340299906312,2.0,1.0
M2_SHARED_OPEN_LOOP,5,>32,5,5,1.0,0,0.0,0.28982158950858367,0.28249513693091166,74.24158201439407,0.4893811168721372,7.2,40.6
M2_SHARED_OPEN_LOOP,6,16-32,45,45,1.0,3,0.06666666666666667,0.2747430485992606,0.2581826775375162,62.24146527838174,0.637122437212817,8.666666666666666,4.933333333333334
M2_SHARED_OPEN_LOOP,6,4-<8,36,36,1.0,0,0.0,0.009776927673263415,0.0,46.98349059612355,2.306830019648318,1.2222222222222223,0.8333333333333334
M2_SHARED_OPEN_LOOP,6,8-<16,70,70,1.0,0,0.0,0.028276564188499793,0.0,67.03075689646153,1.345829069495394,3.5285714285714285,3.0
M2_SHARED_OPEN_LOOP,6,>32,4,4,1.0,0,0.0,0.22344591910405612,0.2234512498238116,86.71499069041562,0.6346786063171898,8.5,48.5
M2_SHARED_OPEN_LOOP,7,16-32,42,42,1.0,2,0.047619047619047616,0.2164841370635186,0.191660183314481,72.69370859455964,0.7514950977756969,9.571428571428571,5.595238095238095
M2_SHARED_OPEN_LOOP,7,4-<8,34,34,1.0,0,0.0,0.0028911913433147286,0.0,47.496030318582164,2.373512409300368,1.411764705882353,0.9411764705882353
M2_SHARED_OPEN_LOOP,7,8-<16,63,63,1.0,0,0.0,0.01594716294888225,0.0,77.47257579298626,1.498168046941431,3.9365079365079363,3.3968253968253967
M2_SHARED_OPEN_LOOP,7,>32,3,3,1.0,0,0.0,0.1702283955735028,0.1702264677471289,99.22827218086587,0.8269022681738822,10.0,61.333333333333336
M2_SHARED_OPEN_LOOP,8,16-32,39,39,1.0,1,0.02564102564102564,0.1680106417940548,0.13827527612574342,84.77175237070423,0.8592921848736382,10.35897435897436,6.256410256410256
M2_SHARED_OPEN_LOOP,8,4-<8,32,32,1.0,0,0.0,0.0005817497806240923,0.0,52.311809315352306,2.6075773205099293,1.65625,1.03125
M2_SHARED_OPEN_LOOP,8,8-<16,56,56,1.0,0,0.0,0.00965873572002374,0.0,87.29112822967669,1.6977846602829127,4.053571428571429,3.8214285714285716
M2_SHARED_OPEN_LOOP,8,>32,2,2,1.0,0,0.0,0.13919410868106039,0.13919410868106039,96.75567691921594,1.5642502414087307,11.5,85.5
M2_SHARED_OPEN_LOOP,9,16-32,36,36,1.0,1,0.027777777777777776,0.12872564565535435,0.08064183624735333,99.06231616728081,0.967024522204323,11.25,6.944444444444445
M2_SHARED_OPEN_LOOP,9,4-<8,30,30,1.0,0,0.0,0.00022837847145693762,0.0,57.90381593147932,2.920148990754232,1.9,1.2
M2_SHARED_OPEN_LOOP,9,8-<16,50,50,1.0,0,0.0,0.00520962173648618,0.0,97.7068911628168,1.8910438409069634,3.88,4.32
M2_SHARED_OPEN_LOOP,9,>32,1,1,1.0,0,0.0,0.10969148518343366,0.10969148518343366,93.21111789910043,2.390028664079498,13.0,125.0
M2_SHARED_OPEN_LOOP,10,16-32,33,33,1.0,0,0.0,0.09191924025251708,0.04898792311617622,110.51018052650171,1.0695575950589358,12.030303030303031,7.636363636363637
M2_SHARED_OPEN_LOOP,10,4-<8,28,28,1.0,0,0.0,6.098056752581511e-05,0.0,61.25421036783515,3.1388562435807783,2.1785714285714284,1.3571428571428572
M2_SHARED_OPEN_LOOP,10,8-<16,45,45,1.0,0,0.0,0.0023505647657499416,0.0,106.4377752492037,2.0890377614283584,4.333333333333333,4.8
M2_SHARED_OPEN_LOOP,11,16-32,30,30,1.0,0,0.0,0.06837240705634852,0.025574842963621745,125.89239421329292,1.169994583809963,12.966666666666667,8.3
M2_SHARED_OPEN_LOOP,11,4-<8,26,26,1.0,0,0.0,5.972288580984233e-05,0.0,68.90584443683497,3.545248235961321,2.423076923076923,1.5
M2_SHARED_OPEN_LOOP,11,8-<16,40,40,1.0,0,0.0,0.0006352773783247958,0.0,115.77508095155073,2.2697764595224292,4.825,5.4
M2_SHARED_OPEN_LOOP,12,16-32,27,27,1.0,0,0.0,0.04971958591677076,0.001014552487238832,137.87675656179326,1.2865643916587686,13.814814814814815,8.88888888888889
M2_SHARED_OPEN_LOOP,12,4-<8,24,24,1.0,0,0.0,0.0,0.0,75.46262615441819,3.9439717256100524,2.625,1.625
M2_SHARED_OPEN_LOOP,12,8-<16,35,35,1.0,0,0.0,0.0,0.0,127.06297651164952,2.4671038298356116,5.257142857142857,5.571428571428571
M2_SHARED_OPEN_LOOP,13,16-32,24,24,1.0,0,0.0,0.04548235169470747,0.0,146.02064279238152,1.4023107735994174,14.708333333333334,9.541666666666666
M2_SHARED_OPEN_LOOP,13,4-<8,22,22,1.0,0,0.0,0.0,0.0,84.12036706973551,4.361287827865684,2.8636363636363638,1.7727272727272727
M2_SHARED_OPEN_LOOP,13,8-<16,31,31,1.0,0,0.0,0.0,0.0,137.93114224133723,2.6263371477835,5.645161290322581,6.129032258064516
M2_SHARED_OPEN_LOOP,14,16-32,21,21,1.0,0,0.0,0.04706645421073096,0.0,160.68136170695095,1.5074753534969851,15.619047619047619,10.238095238095237
M2_SHARED_OPEN_LOOP,14,4-<8,20,20,1.0,0,0.0,0.0,0.0,93.3893679215956,4.926619262505404,3.05,1.9
M2_SHARED_OPEN_LOOP,14,8-<16,27,27,1.0,0,0.0,0.0,0.0,141.1523999087511,2.7485450696686784,5.962962962962963,6.7407407407407405
M2_SHARED_OPEN_LOOP,15,16-32,18,18,1.0,0,0.0,0.03226594690874213,0.0,169.0691678019762,1.567177136746921,16.444444444444443,10.777777777777779
M2_SHARED_OPEN_LOOP,15,4-<8,18,18,1.0,0,0.0,0.0,0.0,101.40171765056235,5.315894164093956,3.1666666666666665,2.0
M2_SHARED_OPEN_LOOP,15,8-<16,23,23,1.0,0,0.0,0.0,0.0,149.41761944295592,2.9042899304305,6.3478260869565215,7.478260869565218
M2_SHARED_OPEN_LOOP,16,16-32,15,15,1.0,0,0.0,0.010836014250222644,0.0,178.78828261382233,1.7240413004517268,17.333333333333332,11.266666666666667
M2_SHARED_OPEN_LOOP,16,4-<8,16,16,1.0,0,0.0,0.0,0.0,86.49795384207904,4.767511630801312,3.3125,2.0625
M2_SHARED_OPEN_LOOP,16,8-<16,19,19,1.0,0,0.0,0.0,0.0,153.85138933399335,3.0397203887281004,6.631578947368421,8.31578947368421
M2_SHARED_OPEN_LOOP,17,16-32,12,12,1.0,0,0.0,0.004489861590218744,0.0,200.91216395697472,1.880071941530307,18.166666666666668,12.0
M2_SHARED_OPEN_LOOP,17,4-<8,14,14,1.0,0,0.0,0.0,0.0,89.99086950365148,4.994479328048823,3.4285714285714284,2.2857142857142856
M2_SHARED_OPEN_LOOP,17,8-<16,15,15,1.0,0,0.0,0.0,0.0,158.411252756867,3.1702311026385552,6.8,9.466666666666667
M2_SHARED_OPEN_LOOP,18,16-32,9,9,1.0,0,0.0,0.0014008872285780996,0.0,220.32759700046657,2.002978154549696,19.11111111111111,8.88888888888889
M2_SHARED_OPEN_LOOP,18,4-<8,12,12,1.0,0,0.0,0.0,0.0,92.65388069940025,5.458746258848855,3.6666666666666665,2.5
M2_SHARED_OPEN_LOOP,18,8-<16,11,11,1.0,0,0.0,0.0,0.0,164.7118696390761,3.2722341511373054,6.636363636363637,11.181818181818182
M2_SHARED_OPEN_LOOP,19,16-32,7,7,1.0,0,0.0,0.0008247686065853747,0.0,234.5810094615504,2.13255463146864,19.857142857142858,9.0
M2_SHARED_OPEN_LOOP,19,4-<8,10,10,1.0,0,0.0,0.0,0.0,95.71684347206417,5.742651714264759,3.9,2.5
M2_SHARED_OPEN_LOOP,19,8-<16,8,8,1.0,0,0.0,0.0,0.0,169.42311663977318,3.3692262097422696,6.625,9.75
M2_SHARED_OPEN_LOOP,20,16-32,5,5,1.0,0,0.0,0.0024540848638378724,0.0,247.7927561491659,2.2193155813760197,22.6,9.2
M2_SHARED_OPEN_LOOP,20,4-<8,8,8,1.0,0,0.0,0.0,0.0,105.19388532665613,6.2094906801823395,4.125,2.75
M2_SHARED_OPEN_LOOP,20,8-<16,6,6,1.0,0,0.0,0.0,0.0,177.00081138954647,3.490957440014043,6.833333333333333,12.0
M2_SHARED_OPEN_LOOP,21,16-32,3,3,1.0,0,0.0,0.0,0.0,264.9834900517389,2.4089408186521717,31.666666666666668,8.333333333333334
M2_SHARED_OPEN_LOOP,21,4-<8,6,6,1.0,0,0.0,0.0,0.0,108.6905577616269,6.858132523058095,4.333333333333333,2.8333333333333335
M2_SHARED_OPEN_LOOP,21,8-<16,4,4,1.0,0,0.0,0.0,0.0,184.91302454248887,3.6399108786523766,7.5,16.0
M2_SHARED_OPEN_LOOP,22,16-32,2,2,1.0,0,0.0,0.0,0.0,273.88602876842754,2.6896167421980435,38.5,8.5
M2_SHARED_OPEN_LOOP,22,4-<8,4,4,1.0,0,0.0,0.0,0.0,112.91285517385953,7.210552614245473,4.75,2.75
M2_SHARED_OPEN_LOOP,22,8-<16,2,2,1.0,0,0.0,0.0,0.0,193.67824382210273,3.7609097279766353,7.5,8.0
M2_SHARED_OPEN_LOOP,23,16-32,1,1,1.0,0,0.0,0.0,0.0,283.07651350827393,2.9797527737713048,45.0,9.0
M2_SHARED_OPEN_LOOP,23,4-<8,2,2,1.0,0,0.0,0.0,0.0,122.9745463841684,7.818288324021352,5.5,3.0
M2_SHARED_OPEN_LOOP,23,8-<16,1,1,1.0,0,0.0,0.0,0.0,200.99518029047363,3.8652919286629546,8.0,9.0
M3_ORACLE_REFRESHED_SHARED,1,16-32,63,63,1.0,63,1.0,0.7862988783421111,0.7919375812743823,10.920164833920778,0.10807979194378474,1.9523809523809523,3.2222222222222223
M3_ORACLE_REFRESHED_SHARED,1,4-<8,42,42,1.0,27,0.6428571428571429,0.4976574096952766,0.5148549733346715,7.7862223358545535,0.3624404861337828,0.6190476190476191,0.40476190476190477
M3_ORACLE_REFRESHED_SHARED,1,8-<16,108,108,1.0,76,0.7037037037037037,0.5589739537136553,0.5568501042788744,11.710037212289803,0.24575515516088953,0.7129629629629629,1.75
M3_ORACLE_REFRESHED_SHARED,1,<4,5,5,1.0,0,0.0,0.22753649401666162,0.22807017543859648,10.0,0.7142857142857143,0.4,0.2
M3_ORACLE_REFRESHED_SHARED,1,>32,9,9,1.0,9,1.0,0.7842628805091046,0.7921283560528055,15.20896117425513,0.09415931104154747,1.3333333333333333,7.444444444444445
M3_ORACLE_REFRESHED_SHARED,2,16-32,59,59,1.0,54,0.9152542372881356,0.6330400979269852,0.6377390902183608,21.646304534492717,0.21236858409959175,3.694915254237288,2.6440677966101696
M3_ORACLE_REFRESHED_SHARED,2,4-<8,40,40,1.0,0,0.0,0.25875980963156253,0.2601755387469673,15.134495274033934,0.6964947070435452,0.45,0.475
M3_ORACLE_REFRESHED_SHARED,2,8-<16,101,101,1.0,12,0.1188118811881188,0.3225892758936313,0.3172240319986805,23.2768661980087,0.47121775724149156,1.4653465346534653,2.198019801980198
M3_ORACLE_REFRESHED_SHARED,2,<4,4,4,1.0,0,0.0,0.002562225475841874,0.0,20.619851693879724,1.4728465495628373,0.75,0.5
M3_ORACLE_REFRESHED_SHARED,2,>32,8,8,1.0,7,0.875,0.61873128827273,0.6279153264537121,30.751017923083033,0.18034981402105382,2.875,26.125
M3_ORACLE_REFRESHED_SHARED,3,16-32,55,55,1.0,31,0.5636363636363636,0.5132652054753801,0.519138551403406,31.730308854469097,0.31703549584022483,5.2727272727272725,3.309090909090909
M3_ORACLE_REFRESHED_SHARED,3,4-<8,39,39,1.0,0,0.0,0.1189481892579542,0.1092884061183773,22.80350850198276,1.03947047394967,0.6410256410256411,0.46153846153846156
M3_ORACLE_REFRESHED_SHARED,3,8-<16,93,93,1.0,2,0.021505376344086023,0.18284543159406194,0.16583796431705178,34.77157603560701,0.6952157938367052,2.086021505376344,2.6451612903225805
M3_ORACLE_REFRESHED_SHARED,3,<4,3,3,1.0,0,0.0,0.0,0.0,31.21097563358121,2.229355402398658,1.0,1.0
M3_ORACLE_REFRESHED_SHARED,3,>32,7,7,1.0,3,0.42857142857142855,0.4988404115353981,0.49829450193675207,44.05181608061125,0.2707206026090268,4.285714285714286,30.0
M3_ORACLE_REFRESHED_SHARED,4,16-32,51,51,1.0,8,0.1568627450980392,0.41940662222366726,0.43383775173512346,41.615051363659276,0.4198288341693553,6.647058823529412,3.6666666666666665
M3_ORACLE_REFRESHED_SHARED,4,4-<8,38,38,1.0,0,0.0,0.0479790041040765,0.01367013387650189,30.071874534497315,1.404879894400652,0.8421052631578947,0.631578947368421
M3_ORACLE_REFRESHED_SHARED,4,8-<16,85,85,1.0,0,0.0,0.09919994147174231,0.07887867051135491,46.24189118104925,0.8883993877880727,2.541176470588235,3.070588235294118
M3_ORACLE_REFRESHED_SHARED,4,<4,2,2,1.0,0,0.0,0.0,0.0,41.355553490028626,2.953968106430616,1.5,1.0
M3_ORACLE_REFRESHED_SHARED,4,>32,6,6,1.0,0,0.0,0.39872288424644325,0.3971634073807734,59.03877488279251,0.3593726725566505,5.666666666666667,34.666666666666664
M3_ORACLE_REFRESHED_SHARED,5,16-32,48,48,1.0,0,0.0,0.3386074442053859,0.34301582469580066,51.32829502796149,0.5281609911933102,7.791666666666667,4.270833333333333
M3_ORACLE_REFRESHED_SHARED,5,4-<8,37,37,1.0,0,0.0,0.01768353291806949,0.0,37.16517186829626,1.7697700889664887,1.0,0.7027027027027027
M3_ORACLE_REFRESHED_SHARED,5,8-<16,77,77,1.0,0,0.0,0.05110955874484969,0.018464315999671747,58.32934510175817,1.0888963400315144,3.0,2.6363636363636362
M3_ORACLE_REFRESHED_SHARED,5,<4,1,1,1.0,0,0.0,0.0,0.0,51.4404996087713,3.6743214006265212,2.0,1.0
M3_ORACLE_REFRESHED_SHARED,5,>32,5,5,1.0,0,0.0,0.31564113145539063,0.31438299397441927,74.02068967525229,0.45714508928026476,7.2,40.6
M3_ORACLE_REFRESHED_SHARED,6,16-32,45,45,1.0,0,0.0,0.2699056926904104,0.2776226515218517,60.530983801686226,0.6316094282241784,8.666666666666666,4.933333333333334
M3_ORACLE_REFRESHED_SHARED,6,4-<8,36,36,1.0,0,0.0,0.004334494732724124,0.0,48.14985405581071,2.4762589950453133,1.2222222222222223,0.8333333333333334
M3_ORACLE_REFRESHED_SHARED,6,8-<16,70,70,1.0,0,0.0,0.026038546268932025,0.0,69.04815112573226,1.2798881261859782,3.5285714285714285,3.0
M3_ORACLE_REFRESHED_SHARED,6,>32,4,4,1.0,0,0.0,0.2500413947989468,0.24432216096851192,81.75609250323885,0.5709769170698146,8.5,48.5
M3_ORACLE_REFRESHED_SHARED,7,16-32,42,42,1.0,0,0.0,0.20937802137810338,0.2131893004626205,68.880856838701,0.7368375772097927,9.571428571428571,5.595238095238095
M3_ORACLE_REFRESHED_SHARED,7,4-<8,34,34,1.0,0,0.0,0.001137501370904121,0.0,55.11139353724526,2.893431276821042,1.411764705882353,0.9411764705882353
M3_ORACLE_REFRESHED_SHARED,7,8-<16,63,63,1.0,0,0.0,0.013609013390818835,0.0,80.5640273323026,1.4648367206300297,3.9365079365079363,3.3968253968253967
M3_ORACLE_REFRESHED_SHARED,7,>32,3,3,1.0,0,0.0,0.199941449183921,0.1956410837773495,86.61192181218472,0.7217660151015394,10.0,61.333333333333336
M3_ORACLE_REFRESHED_SHARED,8,16-32,39,39,1.0,0,0.0,0.15602340605450918,0.16522005991020142,78.26237921249263,0.8394071062010545,10.35897435897436,6.256410256410256
M3_ORACLE_REFRESHED_SHARED,8,4-<8,32,32,1.0,0,0.0,0.00042518021673748033,0.0,61.47237037014765,3.2450770986544732,1.65625,1.03125
M3_ORACLE_REFRESHED_SHARED,8,8-<16,56,56,1.0,0,0.0,0.00555089318572477,0.0,90.80680502709444,1.6357490882657357,4.053571428571429,3.8214285714285716
M3_ORACLE_REFRESHED_SHARED,8,>32,2,2,1.0,0,0.0,0.16556836376491196,0.16556836376491196,86.49829705183643,1.3481558427496732,11.5,85.5
M3_ORACLE_REFRESHED_SHARED,9,16-32,36,36,1.0,0,0.0,0.11025140754614572,0.11408027563098483,85.82657224374609,0.9517545718713611,11.25,6.944444444444445
M3_ORACLE_REFRESHED_SHARED,9,4-<8,30,30,1.0,0,0.0,0.0,0.0,66.83948537561595,3.5320562022175315,1.9,1.2
M3_ORACLE_REFRESHED_SHARED,9,8-<16,50,50,1.0,0,0.0,0.0010899724755110952,0.0,98.73178964255054,1.8403558042431045,3.88,4.32
M3_ORACLE_REFRESHED_SHARED,9,>32,1,1,1.0,0,0.0,0.14441356079314727,0.14441356079314727,86.0559411080955,2.206562592515269,13.0,125.0
M3_ORACLE_REFRESHED_SHARED,10,16-32,33,33,1.0,0,0.0,0.07253996039781203,0.07239536364384976,94.40901704816125,1.0523394077197008,12.030303030303031,7.636363636363637
M3_ORACLE_REFRESHED_SHARED,10,4-<8,28,28,1.0,0,0.0,0.0,0.0,73.37797185623752,3.8929769363469355,2.1785714285714284,1.3571428571428572
M3_ORACLE_REFRESHED_SHARED,10,8-<16,45,45,1.0,0,0.0,2.653072826849097e-05,0.0,105.89883143831192,2.044900250518086,4.333333333333333,4.8
M3_ORACLE_REFRESHED_SHARED,11,16-32,30,30,1.0,0,0.0,0.043125678764031956,0.03695729141982451,102.00928318958921,1.148271379273202,12.966666666666667,8.3
M3_ORACLE_REFRESHED_SHARED,11,4-<8,26,26,1.0,0,0.0,0.0,0.0,79.48241556753823,4.255064209787944,2.423076923076923,1.5
M3_ORACLE_REFRESHED_SHARED,11,8-<16,40,40,1.0,0,0.0,0.0,0.0,115.0706231465912,2.2562867283645334,4.825,5.4
M3_ORACLE_REFRESHED_SHARED,12,16-32,27,27,1.0,0,0.0,0.020571564426395822,0.013531502124063849,108.41586599755591,1.2482768735585965,13.814814814814815,8.88888888888889
M3_ORACLE_REFRESHED_SHARED,12,4-<8,24,24,1.0,0,0.0,0.0,0.0,86.13737795547456,4.609175486264013,2.625,1.625
M3_ORACLE_REFRESHED_SHARED,12,8-<16,35,35,1.0,0,0.0,0.0,0.0,124.49523083234956,2.48321427405667,5.257142857142857,5.571428571428571
M3_ORACLE_REFRESHED_SHARED,13,16-32,24,24,1.0,0,0.0,0.005465472548086908,0.0,117.13262004484301,1.349918038992648,14.708333333333334,9.541666666666666
M3_ORACLE_REFRESHED_SHARED,13,4-<8,22,22,1.0,0,0.0,0.0,0.0,92.00232696553395,4.956431020370842,2.8636363636363638,1.7727272727272727
M3_ORACLE_REFRESHED_SHARED,13,8-<16,31,31,1.0,0,0.0,0.0,0.0,132.2651220087896,2.6908371513644966,5.645161290322581,6.129032258064516
M3_ORACLE_REFRESHED_SHARED,14,16-32,21,21,1.0,0,0.0,0.0014302531007563976,0.0,125.39238413875063,1.4466369586440118,15.619047619047619,10.238095238095237
M3_ORACLE_REFRESHED_SHARED,14,4-<8,20,20,1.0,0,0.0,0.0,0.0,97.70757591657386,5.397107293146837,3.05,1.9
M3_ORACLE_REFRESHED_SHARED,14,8-<16,27,27,1.0,0,0.0,0.0,0.0,142.13659803161184,2.9146269024999794,5.962962962962963,6.7407407407407405
M3_ORACLE_REFRESHED_SHARED,15,16-32,18,18,1.0,0,0.0,0.0,0.0,151.3040227679482,1.5484786380105695,16.444444444444443,10.777777777777779
M3_ORACLE_REFRESHED_SHARED,15,4-<8,18,18,1.0,0,0.0,0.0,0.0,103.93247666957987,5.750309456635336,3.1666666666666665,2.0
M3_ORACLE_REFRESHED_SHARED,15,8-<16,23,23,1.0,0,0.0,0.0,0.0,152.3665399620271,3.1348719503878812,6.3478260869565215,7.478260869565218
M3_ORACLE_REFRESHED_SHARED,16,16-32,15,15,1.0,0,0.0,0.0,0.0,184.64239085323825,1.6523300864550616,17.333333333333332,11.266666666666667
M3_ORACLE_REFRESHED_SHARED,16,4-<8,16,16,1.0,0,0.0,0.0,0.0,110.07318903219715,6.104843346144971,3.3125,2.0625
M3_ORACLE_REFRESHED_SHARED,16,8-<16,19,19,1.0,0,0.0,0.0,0.0,163.59477375515394,3.361765992485987,6.631578947368421,8.31578947368421
M3_ORACLE_REFRESHED_SHARED,17,16-32,12,12,1.0,0,0.0,0.0,0.0,196.61329974091922,1.7528942837166008,18.166666666666668,12.0
M3_ORACLE_REFRESHED_SHARED,17,4-<8,14,14,1.0,0,0.0,0.0,0.0,113.8456375212034,6.3774881538213455,3.4285714285714284,2.2857142857142856
M3_ORACLE_REFRESHED_SHARED,17,8-<16,15,15,1.0,0,0.0,0.0,0.0,174.4505660638566,3.5890655848556503,6.8,9.466666666666667
M3_ORACLE_REFRESHED_SHARED,18,16-32,9,9,1.0,0,0.0,0.0,0.0,209.4528586579806,1.8535651208670851,19.11111111111111,8.88888888888889
M3_ORACLE_REFRESHED_SHARED,18,4-<8,12,12,1.0,0,0.0,0.0,0.0,117.23627458489122,6.915044254925218,3.6666666666666665,2.5
M3_ORACLE_REFRESHED_SHARED,18,8-<16,11,11,1.0,0,0.0,0.0,0.0,185.64751546950473,3.8184292279091094,6.636363636363637,11.181818181818182
M3_ORACLE_REFRESHED_SHARED,19,16-32,7,7,1.0,0,0.0,0.0,0.0,220.37808420984152,1.943581350019292,19.857142857142858,9.0
M3_ORACLE_REFRESHED_SHARED,19,4-<8,10,10,1.0,0,0.0,0.0,0.0,119.52010242107926,7.0690926001845575,3.9,2.5
M3_ORACLE_REFRESHED_SHARED,19,8-<16,8,8,1.0,0,0.0,0.0,0.0,199.7095767433463,4.005863646620648,6.625,9.75
M3_ORACLE_REFRESHED_SHARED,20,16-32,5,5,1.0,0,0.0,0.0,0.0,232.2035744772246,2.04386465397887,22.6,9.2
M3_ORACLE_REFRESHED_SHARED,20,4-<8,8,8,1.0,0,0.0,0.0,0.0,119.40551456715329,7.173738569584499,4.125,2.75
M3_ORACLE_REFRESHED_SHARED,20,8-<16,6,6,1.0,0,0.0,0.0,0.0,210.9307309495222,4.229536668671643,6.833333333333333,12.0
M3_ORACLE_REFRESHED_SHARED,21,16-32,3,3,1.0,0,0.0,0.0,0.0,245.51807469104997,2.2319824971913635,31.666666666666668,8.333333333333334
M3_ORACLE_REFRESHED_SHARED,21,4-<8,6,6,1.0,0,0.0,0.0,0.0,119.8099574909187,7.623731007366303,4.333333333333333,2.8333333333333335
M3_ORACLE_REFRESHED_SHARED,21,8-<16,4,4,1.0,0,0.0,0.0,0.0,222.1703376282984,4.455945958211406,7.5,16.0
M3_ORACLE_REFRESHED_SHARED,22,16-32,2,2,1.0,0,0.0,0.0,0.0,258.9150748530996,2.5420165095215306,38.5,8.5
M3_ORACLE_REFRESHED_SHARED,22,4-<8,4,4,1.0,0,0.0,0.0,0.0,120.91987775075341,7.770420953374229,4.75,2.75
M3_ORACLE_REFRESHED_SHARED,22,8-<16,2,2,1.0,0,0.0,0.0,0.0,233.5458272617439,4.535874325752083,7.5,8.0
M3_ORACLE_REFRESHED_SHARED,23,16-32,1,1,1.0,0,0.0,0.0,0.0,272.0847753917885,2.8640502672819843,45.0,9.0
M3_ORACLE_REFRESHED_SHARED,23,4-<8,2,2,1.0,0,0.0,0.0,0.0,119.96090248849177,7.766650574673868,5.5,3.0
M3_ORACLE_REFRESHED_SHARED,23,8-<16,1,1,1.0,0,0.0,0.0,0.0,241.73642671306283,4.64877743678967,8.0,9.0
M4_ORACLE_REFRESHED_SHARED_RESIDUAL,1,16-32,63,63,1.0,63,1.0,0.9464118590131341,0.9619012561542355,1.4142135623730951,0.01510856741553912,1.0952380952380953,3.746031746031746
M4_ORACLE_REFRESHED_SHARED_RESIDUAL,1,4-<8,42,42,1.0,42,1.0,0.8431379177777794,0.8712612106165514,1.118033988749895,0.06051928223693656,0.5476190476190477,0.7380952380952381
M4_ORACLE_REFRESHED_SHARED_RESIDUAL,1,8-<16,108,108,1.0,108,1.0,0.9045878413246519,0.9232041611916657,1.5509147313293723,0.031135075692262416,0.9166666666666666,2.5555555555555554
M4_ORACLE_REFRESHED_SHARED_RESIDUAL,1,<4,5,5,1.0,5,1.0,0.7919320792430546,0.7574257425742574,2.2638462845343543,0.16170330603816815,0.8,0.6
M4_ORACLE_REFRESHED_SHARED_RESIDUAL,1,>32,9,9,1.0,9,1.0,0.9770116877600109,0.9781420765027322,1.5811388300841898,0.009411540655263034,0.8888888888888888,7.222222222222222
M4_ORACLE_REFRESHED_SHARED_RESIDUAL,2,16-32,59,59,1.0,58,0.9830508474576272,0.894580857046332,0.9155990957045969,3.2015621187164243,0.03510964227401667,2.0677966101694913,6.169491525423729
M4_ORACLE_REFRESHED_SHARED_RESIDUAL,2,4-<8,40,40,1.0,34,0.85,0.7120216066250142,0.7552447263869961,2.4358541225631423,0.13030430998711717,1.05,1.275
M4_ORACLE_REFRESHED_SHARED_RESIDUAL,2,8-<16,101,101,1.0,98,0.9702970297029703,0.8202021980331982,0.8464474639560211,3.132491021535417,0.06611698402498065,1.5841584158415842,4.594059405940594
M4_ORACLE_REFRESHED_SHARED_RESIDUAL,2,<4,4,4,1.0,3,0.75,0.6435201387864802,0.675297377346773,3.2532434858268195,0.23237453470191566,1.25,1.5
M4_ORACLE_REFRESHED_SHARED_RESIDUAL,2,>32,8,8,1.0,8,1.0,0.9484942248312898,0.9560436694895436,3.715748250666568,0.022122911791049648,1.125,26.125
M4_ORACLE_REFRESHED_SHARED_RESIDUAL,3,16-32,55,55,1.0,53,0.9636363636363636,0.8342093050461501,0.8591437527278498,5.900211860602973,0.06523901306357058,3.418181818181818,8.036363636363637
M4_ORACLE_REFRESHED_SHARED_RESIDUAL,3,4-<8,39,39,1.0,24,0.6153846153846154,0.5558230272363893,0.6287878787878788,4.808846015417836,0.23109012636379675,1.358974358974359,1.5128205128205128
M4_ORACLE_REFRESHED_SHARED_RESIDUAL,3,8-<16,93,93,1.0,85,0.9139784946236559,0.7215458137876721,0.7594339622641509,5.75,0.12559492160768732,2.6774193548387095,7.139784946236559
M4_ORACLE_REFRESHED_SHARED_RESIDUAL,3,<4,3,3,1.0,1,0.3333333333333333,0.5066653240277127,0.4962124510230736,4.808846015417836,0.343489001101274,1.3333333333333333,1.3333333333333333
M4_ORACLE_REFRESHED_SHARED_RESIDUAL,3,>32,7,7,1.0,7,1.0,0.9134565924937906,0.9239434563635921,5.836308764964376,0.03413046061382676,1.7142857142857142,29.714285714285715
M4_ORACLE_REFRESHED_SHARED_RESIDUAL,4,16-32,51,51,1.0,48,0.9411764705882353,0.7702910429013662,0.7820197968835458,9.414085191881366,0.09909563359875122,5.117647058823529,7.313725490196078
M4_ORACLE_REFRESHED_SHARED_RESIDUAL,4,4-<8,38,38,1.0,15,0.39473684210526316,0.4053103433809293,0.45385676607831205,8.342109541730334,0.39389773432987873,1.8421052631578947,2.1052631578947367
M4_ORACLE_REFRESHED_SHARED_RESIDUAL,4,8-<16,85,85,1.0,66,0.7764705882352941,0.6207948950813788,0.619458756904795,9.25,0.20478276368296056,3.1058823529411765,9.352941176470589
M4_ORACLE_REFRESHED_SHARED_RESIDUAL,4,<4,2,2,1.0,0,0.0,0.2106405894431644,0.2106405894431644,13.806932476713696,0.9862094626224068,2.5,2.0
M4_ORACLE_REFRESHED_SHARED_RESIDUAL,4,>32,6,6,1.0,6,1.0,0.8720552867445952,0.8831341709807227,10.372707875622805,0.06033537350301456,2.3333333333333335,34.666666666666664
M4_ORACLE_REFRESHED_SHARED_RESIDUAL,5,16-32,48,48,1.0,44,0.9166666666666666,0.7085600671613049,0.7198687829056101,13.132432641461467,0.14028115987796572,7.375,9.0
M4_ORACLE_REFRESHED_SHARED_RESIDUAL,5,4-<8,37,37,1.0,9,0.24324324324324326,0.286568388031929,0.2860423577443225,13.285330255586423,0.603878647981201,2.135135135135135,2.4324324324324325
M4_ORACLE_REFRESHED_SHARED_RESIDUAL,5,8-<16,77,77,1.0,41,0.5324675324675324,0.5316243019024652,0.5164555265098197,12.562344526401112,0.2841792757927822,3.7662337662337664,10.025974025974026
M4_ORACLE_REFRESHED_SHARED_RESIDUAL,5,<4,1,1,1.0,0,0.0,0.019477578136796014,0.019477578136796014,26.42560311516087,1.887543079654348,2.0,4.0
M4_ORACLE_REFRESHED_SHARED_RESIDUAL,5,>32,5,5,1.0,5,1.0,0.8171476861109305,0.8166395167185546,15.041608956491324,0.08796262547655745,2.6,42.6
M4_ORACLE_REFRESHED_SHARED_RESIDUAL,6,16-32,45,45,1.0,40,0.8888888888888888,0.6506168756739624,0.6628718599529693,17.72004514666935,0.1818605602439122,8.0,10.88888888888889
M4_ORACLE_REFRESHED_SHARED_RESIDUAL,6,4-<8,36,36,1.0,6,0.16666666666666666,0.19981320444177822,0.1249317626933713,17.222795091825958,0.920856728507333,2.7222222222222223,2.7777777777777777
M4_ORACLE_REFRESHED_SHARED_RESIDUAL,6,8-<16,70,70,1.0,28,0.4,0.4549458265235716,0.44706060703681516,16.467540191012233,0.34220942936456644,4.242857142857143,12.542857142857143
M4_ORACLE_REFRESHED_SHARED_RESIDUAL,6,>32,4,4,1.0,4,1.0,0.7769167531698553,0.7926265690559935,17.435123399590882,0.1033691886854727,3.5,48.0
M4_ORACLE_REFRESHED_SHARED_RESIDUAL,7,16-32,42,42,1.0,33,0.7857142857142857,0.5970901252193769,0.5991605704473435,22.005269867392222,0.24115470137939607,8.833333333333334,13.214285714285714
M4_ORACLE_REFRESHED_SHARED_RESIDUAL,7,4-<8,34,34,1.0,4,0.11764705882352941,0.13706674799973856,0.005166471069262936,20.982349048031686,1.162625514114729,3.2941176470588234,3.2058823529411766
M4_ORACLE_REFRESHED_SHARED_RESIDUAL,7,8-<16,63,63,1.0,15,0.23809523809523808,0.38588546540856894,0.36275615963894936,21.536306554281772,0.4306211627235978,4.555555555555555,15.714285714285714
M4_ORACLE_REFRESHED_SHARED_RESIDUAL,7,>32,3,3,1.0,3,1.0,0.7138142754544435,0.7217638691322902,26.1725046566048,0.14955716946631314,3.6666666666666665,63.333333333333336
M4_ORACLE_REFRESHED_SHARED_RESIDUAL,8,16-32,39,39,1.0,22,0.5641025641025641,0.5451276045971817,0.5240613078107221,26.443335644354704,0.2939633255849718,9.743589743589743,15.846153846153847
M4_ORACLE_REFRESHED_SHARED_RESIDUAL,8,4-<8,32,32,1.0,3,0.09375,0.09795905233641601,0.0,26.86675975122555,1.4258808443307065,3.71875,3.53125
M4_ORACLE_REFRESHED_SHARED_RESIDUAL,8,8-<16,56,56,1.0,7,0.125,0.3239837779407546,0.27276262532565543,27.146154508514794,0.5432872239669033,4.910714285714286,19.035714285714285
M4_ORACLE_REFRESHED_SHARED_RESIDUAL,8,>32,2,2,1.0,2,1.0,0.6486483755355748,0.6486483755355748,24.807431979695174,0.5885902865945314,4.5,101.5
M4_ORACLE_REFRESHED_SHARED_RESIDUAL,9,16-32,36,36,1.0,14,0.3888888888888889,0.49148134549899,0.4609791953312634,32.079520028482584,0.34446391412778776,10.527777777777779,18.694444444444443
M4_ORACLE_REFRESHED_SHARED_RESIDUAL,9,4-<8,30,30,1.0,1,0.03333333333333333,0.05971407230279873,0.0,31.849698251447183,1.7500247984923973,3.966666666666667,3.966666666666667
M4_ORACLE_REFRESHED_SHARED_RESIDUAL,9,8-<16,50,50,1.0,6,0.12,0.267070089054158,0.19964720027125726,31.530240142929244,0.6119640352845673,4.7,18.6
M4_ORACLE_REFRESHED_SHARED_RESIDUAL,9,>32,1,1,1.0,0,0.0,0.4517761604087338,0.4517761604087338,28.187985029086416,0.7227688468996517,5.0,143.0
M4_ORACLE_REFRESHED_SHARED_RESIDUAL,10,16-32,33,33,1.0,8,0.24242424242424243,0.4334909484818381,0.4033642982676375,38.77015604817706,0.3904939176255605,11.424242424242424,21.393939393939394
M4_ORACLE_REFRESHED_SHARED_RESIDUAL,10,4-<8,28,28,1.0,0,0.0,0.03738680932920622,0.0,38.98885983982471,2.1416017391683604,4.035714285714286,4.285714285714286
M4_ORACLE_REFRESHED_SHARED_RESIDUAL,10,8-<16,45,45,1.0,6,0.13333333333333333,0.20559906785903806,0.16461290048440555,37.25335555356054,0.7279776944012133,5.355555555555555,21.511111111111113
M4_ORACLE_REFRESHED_SHARED_RESIDUAL,11,16-32,30,30,1.0,3,0.1,0.3804838299458784,0.33859967551559694,44.95355560428262,0.4563899634231357,11.933333333333334,25.4
M4_ORACLE_REFRESHED_SHARED_RESIDUAL,11,4-<8,26,26,1.0,0,0.0,0.015271289699230715,0.0,45.28124199957177,2.387364716950177,4.615384615384615,4.884615384615385
M4_ORACLE_REFRESHED_SHARED_RESIDUAL,11,8-<16,40,40,1.0,1,0.025,0.14226733188449242,0.10753330297498313,42.79161358755289,0.8323882858720946,5.725,26.75
M4_ORACLE_REFRESHED_SHARED_RESIDUAL,12,16-32,27,27,1.0,3,0.1111111111111111,0.3205572257167616,0.3056379821958457,50.00999900019995,0.5356810468120403,12.703703703703704,29.40740740740741
M4_ORACLE_REFRESHED_SHARED_RESIDUAL,12,4-<8,24,24,1.0,0,0.0,0.0015299495428885447,0.0,52.28334816741401,2.797765225920613,5.041666666666667,5.708333333333333
M4_ORACLE_REFRESHED_SHARED_RESIDUAL,12,8-<16,35,35,1.0,1,0.02857142857142857,0.09350482048856774,0.029422448238285506,50.08991914547278,1.0129680083316328,6.685714285714286,30.885714285714286
M4_ORACLE_REFRESHED_SHARED_RESIDUAL,13,16-32,24,24,1.0,1,0.041666666666666664,0.25816293123982753,0.2388960883637842,57.210972111077574,0.6250985647275868,13.583333333333334,34.166666666666664
M4_ORACLE_REFRESHED_SHARED_RESIDUAL,13,4-<8,22,22,1.0,0,0.0,0.0,0.0,60.0155786935328,3.039699776880707,5.136363636363637,6.2727272727272725
M4_ORACLE_REFRESHED_SHARED_RESIDUAL,13,8-<16,31,31,1.0,0,0.0,0.05622503258365197,0.0,60.85433427456092,1.217476899164826,7.225806451612903,37.38709677419355
M4_ORACLE_REFRESHED_SHARED_RESIDUAL,14,16-32,21,21,1.0,0,0.0,0.18778915137192773,0.1532458838051005,66.45487190567746,0.7151954307358291,15.428571428571429,41.0
M4_ORACLE_REFRESHED_SHARED_RESIDUAL,14,4-<8,20,20,1.0,0,0.0,0.0,0.0,68.87214500607757,3.6095344922153947,5.95,7.0
M4_ORACLE_REFRESHED_SHARED_RESIDUAL,14,8-<16,27,27,1.0,0,0.0,0.026457800865739664,0.0,71.36613342475547,1.3993359495050093,7.296296296296297,44.0
M4_ORACLE_REFRESHED_SHARED_RESIDUAL,15,16-32,18,18,1.0,0,0.0,0.1125489155519239,0.08154165400218952,79.90842380407534,0.8755526174132113,16.944444444444443,50.166666666666664
M4_ORACLE_REFRESHED_SHARED_RESIDUAL,15,4-<8,18,18,1.0,0,0.0,0.0,0.0,80.342484169593,4.177459240085488,6.111111111111111,8.166666666666666
M4_ORACLE_REFRESHED_SHARED_RESIDUAL,15,8-<16,23,23,1.0,0,0.0,0.007695292474927281,0.0,86.47868234426332,1.706292556237959,7.826086956521739,55.130434782608695
M4_ORACLE_REFRESHED_SHARED_RESIDUAL,16,16-32,15,15,1.0,0,0.0,0.04623618818971549,0.01950932995978855,100.51989852760497,1.0041872344049727,21.6,61.53333333333333
M4_ORACLE_REFRESHED_SHARED_RESIDUAL,16,4-<8,16,16,1.0,0,0.0,0.0,0.0,95.32531272631294,5.13089437636764,6.9375,8.5625
M4_ORACLE_REFRESHED_SHARED_RESIDUAL,16,8-<16,19,19,1.0,0,0.0,0.0,0.0,98.64709828474429,1.8970595823989287,8.421052631578947,69.6842105263158
M4_ORACLE_REFRESHED_SHARED_RESIDUAL,17,16-32,12,12,1.0,0,0.0,0.015469158761908205,0.0,112.18814056486676,1.128817366764198,21.916666666666668,79.33333333333333
M4_ORACLE_REFRESHED_SHARED_RESIDUAL,17,4-<8,14,14,1.0,0,0.0,0.0,0.0,106.03635934253701,5.706083402843838,6.571428571428571,9.071428571428571
M4_ORACLE_REFRESHED_SHARED_RESIDUAL,17,8-<16,15,15,1.0,0,0.0,0.0,0.0,107.05606008068857,2.423134753011066,8.8,91.8
M4_ORACLE_REFRESHED_SHARED_RESIDUAL,18,16-32,9,9,1.0,0,0.0,0.0026675447389186693,0.0,130.92173234417578,1.1842866368188791,26.88888888888889,102.66666666666667
M4_ORACLE_REFRESHED_SHARED_RESIDUAL,18,4-<8,12,12,1.0,0,0.0,0.0,0.0,118.74944916018029,6.27779969620825,6.166666666666667,10.166666666666666
M4_ORACLE_REFRESHED_SHARED_RESIDUAL,18,8-<16,11,11,1.0,0,0.0,0.0,0.0,112.20739726060845,2.7275460359950334,8.090909090909092,61.36363636363637
M4_ORACLE_REFRESHED_SHARED_RESIDUAL,19,16-32,7,7,1.0,0,0.0,0.0,0.0,147.03230937450448,1.289757099776355,32.857142857142854,136.28571428571428
M4_ORACLE_REFRESHED_SHARED_RESIDUAL,19,4-<8,10,10,1.0,0,0.0,0.0,0.0,128.33579254028643,6.705613971964141,7.2,10.4
M4_ORACLE_REFRESHED_SHARED_RESIDUAL,19,8-<16,8,8,1.0,0,0.0,0.0,0.0,139.04675434784343,2.771141625079424,9.25,82.25
M4_ORACLE_REFRESHED_SHARED_RESIDUAL,20,16-32,5,5,1.0,0,0.0,0.0,0.0,162.7901256219185,1.4799102329265317,42.6,196.4
M4_ORACLE_REFRESHED_SHARED_RESIDUAL,20,4-<8,8,8,1.0,0,0.0,0.0,0.0,135.81867463278138,7.285749751293006,7.375,9.25
M4_ORACLE_REFRESHED_SHARED_RESIDUAL,20,8-<16,6,6,1.0,0,0.0,0.0,0.0,141.39172865866414,2.849954757127503,10.166666666666666,113.33333333333333
M4_ORACLE_REFRESHED_SHARED_RESIDUAL,21,16-32,3,3,1.0,0,0.0,0.0,0.0,172.77188718075635,1.5706535198250577,52.666666666666664,10.0
M4_ORACLE_REFRESHED_SHARED_RESIDUAL,21,4-<8,6,6,1.0,0,0.0,0.0,0.0,146.63149732240348,8.419223604149666,8.666666666666666,8.5
M4_ORACLE_REFRESHED_SHARED_RESIDUAL,21,8-<16,4,4,1.0,0,0.0,0.0,0.0,144.97637695028584,5.615183861533514,9.25,176.5
M4_ORACLE_REFRESHED_SHARED_RESIDUAL,22,16-32,2,2,1.0,0,0.0,0.0,0.0,178.80216525152906,1.761299706922099,71.5,11.5
M4_ORACLE_REFRESHED_SHARED_RESIDUAL,22,4-<8,4,4,1.0,0,0.0,0.0,0.0,161.16382438928036,9.114239913859604,11.25,6.25
M4_ORACLE_REFRESHED_SHARED_RESIDUAL,22,8-<16,2,2,1.0,0,0.0,0.0,0.0,307.54325439463423,6.003251683634896,11.5,333.0
M4_ORACLE_REFRESHED_SHARED_RESIDUAL,23,16-32,1,1,1.0,0,0.0,0.0,0.0,184.96705787788267,1.9470216618724492,68.0,9.0
M4_ORACLE_REFRESHED_SHARED_RESIDUAL,23,4-<8,2,2,1.0,0,0.0,0.0,0.0,171.45766783198815,9.772738239041358,5.5,3.0
M4_ORACLE_REFRESHED_SHARED_RESIDUAL,23,8-<16,1,1,1.0,0,0.0,0.0,0.0,501.4432295883553,9.643139030545294,8.0,681.0
