frame_index,filename,sha256,size_bytes,decoded,width,height,channels,expected_width,expected_height,dimensions_match
0,00000.png,8079fc270d9c33ebb478a7492083c8bb89bb89a8eeed7f6c1f0ec1501f6e5422,1116912,True,960,540,3,960,540,True
5,00005.png,7152d97e65e17c4ec1c172c00d1d84cad718364cf6090dc0922125218bfcd03b,1122322,True,960,540,3,960,540,True
10,00010.png,4b0d4751cbd5099b38d3fda2006d80fa1b276a60fa222e231bdf8c31da876c96,1119313,True,960,540,3,960,540,True
15,00015.png,6ce0ce07d50159b010cd62e7fb5da749dd3c691e956d6b1acd935ba72637a770,1132097,True,960,540,3,960,540,True
20,00020.png,32ba47fcf3c0a5db6a590454b5a7514567bab18c85d1e00526a64864075065cf,1140364,True,960,540,3,960,540,True
25,00025.png,1c684f6f862e700c5c2c6c243c773a70582ac981c9381b458b333ca2baa822e1,1140129,True,960,540,3,960,540,True
30,00030.png,f6616e0b382e2983c911fc3aa06629e4fe73423a1c030db68d4b8188f3bf460d,1140295,True,960,540,3,960,540,True
35,00035.png,0036c1af7561feb3d748d5ce76c2c3fc8323342a410bcf753526152fb3a0a827,1143788,True,960,540,3,960,540,True
40,00040.png,f02706ffa1141aee76e17fe00dc8ac4e28391daaa604beec6924566059ae6657,1155448,True,960,540,3,960,540,True
45,00045.png,44a4e6c8f644d19fb8f2593a3f405f9e5039e41a1e5675ff67587572abe83428,1158310,True,960,540,3,960,540,True
50,00050.png,7044140a7b22b8da806db27e5b0fb6149fb4771234e9e8f2476e894ef3e2106d,1155908,True,960,540,3,960,540,True
55,00055.png,12b3a48de348a3dc695365d762a03cae98349b147be282527f3a816899fa2c2f,1158970,True,960,540,3,960,540,True
60,00060.png,36f2a34a27c3a610d4cf67c9a72ea6adb305d2806b617c222b2907964e165851,1153589,True,960,540,3,960,540,True
65,00065.png,b49407e4b8a2d275209f447c9b067f28bf5058a464c23428ccd4ea98ee6c3bf4,1158711,True,960,540,3,960,540,True
70,00070.png,03be0c382b0ad60556a2a2abf73c27f0886f71d8e75a907263bfaebbfbd6aef2,1160690,True,960,540,3,960,540,True
75,00075.png,0a87b6d6bb765cd8e140ee054184b4ff1156396d03a6a4778739cef82e2434cf,1135485,True,960,540,3,960,540,True
80,00080.png,10617d0fe875f4e170a689ed6191d414ac28f537df6047396575171b868f5b90,1118117,True,960,540,3,960,540,True
85,00085.png,bb197910ae4281f271e04a057e6856dd46d1303ce851b6494769d6bcdaccd1e8,1116330,True,960,540,3,960,540,True
90,00090.png,52063f99fcd2955e7ec8f4ccbf05553df33f538d7b29896f51fd2e577497d907,1104830,True,960,540,3,960,540,True
95,00095.png,103555740ff0edcd8fc525c950ee8567e762f3c90e4a126c57e5627e6a0ec60a,1077277,True,960,540,3,960,540,True
100,00100.png,f7d583b5a1d1e6d7d6f987a497270f0f7588f077de9cb358bce2de29c087830c,987249,True,960,540,3,960,540,True
105,00105.png,7593d7dda4c78fe0b7388bed6d27e0f229a639fbeaff45b2be476fb4ba038618,924170,True,960,540,3,960,540,True
110,00110.png,c7c3dcc996af0adc971fd78dcd6e8ce10cf285aed936390416280f9433f2df6b,920600,True,960,540,3,960,540,True
115,00115.png,a024e0e4e39de4cd8db1c7362786a1ab2e278c69079357c1712174f42b6e1c89,905992,True,960,540,3,960,540,True
120,00120.png,ce50ac7270ee5b50dd39c1eba85f4776b378e58c4b70033b797ac6685b458f1c,889141,True,960,540,3,960,540,True
125,00125.png,8395c813902bf86ef022dffd337cb49a1e4a6b248cfd6776cbf580507dce7248,855402,True,960,540,3,960,540,True
130,00130.png,e11bae953c8ce2e972fa22c5bdd6ef3c626c4a2f2222950693e4cf122e9b799b,937055,True,960,540,3,960,540,True
135,00135.png,fd4b2aa2bd494116da01c1b84ccb1be0438b4152210a878ae802a1db4a77bad4,1056720,True,960,540,3,960,540,True
140,00140.png,0652495f829485b2114e90b2c7c9ae447fcd94cbec653a7d72c25afa5bc6101f,1069814,True,960,540,3,960,540,True
145,00145.png,28a249bf9287296987d216eb9e3723b70192227b11b36deb4f62638a19c38174,1070988,True,960,540,3,960,540,True
150,00150.png,7e3e30e7d6333dd08f60366583c4bab6fc7066d2dd475818ae07c4e868ba43ad,1074579,True,960,540,3,960,540,True
155,00155.png,0e366382a7a8f724a8ae3af7894732d5ad30eefbdbe82a1b8bdb2637fa628513,1086839,True,960,540,3,960,540,True
160,00160.png,e30744133c2b927ed2c0ae1147c10e0781ff9fbcd0386042b83f5c0ee1501f3e,1105705,True,960,540,3,960,540,True
165,00165.png,028999ce36fd6fb5e27b2c012a89744c59c8e42c09db4b1d164906a0efc5b0be,1120771,True,960,540,3,960,540,True
170,00170.png,48ebe9cd3a86e2e68b2fbc681998640efb1a22162413160f0b5f302b4184da3a,1137483,True,960,540,3,960,540,True
175,00175.png,2df51578a84bea46554b64dfcd53b19dd253d70cf849c8a6439f09f1562bcd38,1147673,True,960,540,3,960,540,True
180,00180.png,df715f081ead900a9a48376f39ec95e43cb10323c01ebc3c05e91fad0d52ad47,1163265,True,960,540,3,960,540,True
185,00185.png,8ab3593d6a54d50848f84898257d86c5d05d58c0e040f7c6c1209d7e721722a6,1167449,True,960,540,3,960,540,True
190,00190.png,967df7b49d8a3f62264185b7765ec0f4a62d10d6d066fb6ca0b2369ec262fc53,1188099,True,960,540,3,960,540,True
195,00195.png,d7b8d39c689b49b5055339ba9f87b0ff444135c0c92e59e92812f6475d06cc99,1194500,True,960,540,3,960,540,True
200,00200.png,2fa0cf67ff5acbcbde488d9a464009c524efbf3c515362afcc0ca51d08f09231,1196573,True,960,540,3,960,540,True
205,00205.png,6bf74c827e76847e8c59c912738d20a4c77f4eeed99b6cd17ec55e30bed5be7f,1199883,True,960,540,3,960,540,True
210,00210.png,b83332d784a7c51eb539c887a9b874bc33e632af4084b856aa372c55e8720e02,1204468,True,960,540,3,960,540,True
215,00215.png,bb32971ef436117401a5f977b4fffcb0a375f32a6a3267bc9607127101d5d31b,1198218,True,960,540,3,960,540,True
220,00220.png,3600f81b4436c71b83b1dd598f8a86745281780219d9ad38d3f7e2f74ce47f3d,1195041,True,960,540,3,960,540,True
225,00225.png,0f2084b4e3f97b4249046ba9f8aafbb81df5445663397287bcda7975da015760,1199685,True,960,540,3,960,540,True
230,00230.png,9b36709ab598a718d09cdb5f612f3407d5bc9e4582aa51773da3abf9d20127d7,1192248,True,960,540,3,960,540,True
235,00235.png,02021188630e012b6501eb9e92c9ea4dc7e885266cdb56fa0c4e79c98570bc3b,1176327,True,960,540,3,960,540,True
240,00240.png,f0d508ba8b09848d427e4532cd4539820463f4f1cb5315f433dcafa678a8480e,1170309,True,960,540,3,960,540,True
245,00245.png,03dbb979ff2c934363bce12af674e71779eeff57c0eeecbfd3ff8417f2f459e8,1153614,True,960,540,3,960,540,True
