model,horizon,eligible_count,available_count,availability_fraction,valid_count,valid_fraction,mean_iou,median_iou,mean_center_error,median_center_error,median_normalized_center_error,mean_abs_width_error,mean_abs_height_error
CV,1,227,227,1.0,227,1.0,0.932738004631093,0.9534492428491307,2.062231097950492,1.118033988749895,0.021922235073527353,0.8942731277533039,2.6916299559471364
CV,2,212,212,1.0,207,0.9764150943396226,0.8461916406650816,0.8762755102040816,4.84632976884784,3.0413812651491097,0.05636087530152925,1.5943396226415094,5.160377358490566
CV,3,197,197,1.0,179,0.9086294416243654,0.7398396856033261,0.7732609658839167,8.292501840949111,5.70087712549569,0.11206896551724138,2.568527918781726,6.98984771573604
CV,4,182,182,1.0,146,0.8021978021978022,0.63030461246646,0.6639107584465793,12.065094933381001,9.420385423067351,0.19113583475782056,3.3736263736263736,8.021978021978022
CV,5,168,168,1.0,104,0.6190476190476191,0.5180127350037861,0.5573903910901288,16.599001520516552,13.779423451842657,0.27413160420919047,4.392857142857143,8.994047619047619
CV,6,155,155,1.0,58,0.3741935483870968,0.4139294501964255,0.4447555459832005,22.38476231478573,19.235384061671343,0.3853663620436631,4.961290322580645,10.709677419354838
CV,7,142,142,1.0,42,0.29577464788732394,0.3204240015050518,0.3269714256163005,29.164686766572192,25.5049014897137,0.5044115271165763,5.5,12.985915492957746
CV,8,129,129,1.0,12,0.09302325581395349,0.23891738166155546,0.21475837176659315,36.938215991807624,32.65348373451139,0.6314324164562065,6.069767441860465,15.503875968992247
CV,9,117,117,1.0,0,0.0,0.16949576096491617,0.11766835626357712,44.992146546067865,40.792156108742276,0.7861861007534003,6.3076923076923075,15.94017094017094
CV,10,106,106,1.0,0,0.0,0.1144260735658172,0.034871836426005456,54.99740535290871,50.039984012787215,0.9760012666838567,6.89622641509434,16.92452830188679
CV,11,96,96,1.0,0,0.0,0.0776420876042588,0.0,65.80863509536316,59.96456113478469,1.1613290247008992,7.364583333333333,20.40625
CV,12,86,86,1.0,0,0.0,0.05192220446381646,0.0,77.35352733124503,69.45254772755592,1.340501515484517,8.116279069767442,23.3953488372093
CV,13,77,77,1.0,0,0.0,0.029732636484344502,0.0,90.24403872222707,80.94751385929032,1.620615221060445,8.61038961038961,27.493506493506494
CV,14,68,68,1.0,0,0.0,0.011918778092618728,0.0,104.42225968079057,92.52769835591172,1.9105678058741322,9.411764705882353,32.19117647058823
CV,15,59,59,1.0,0,0.0,0.0026180183120546887,0.0,120.06315107624158,104.06848706500926,2.3086846088110238,10.084745762711865,39.28813559322034
CV,16,50,50,1.0,0,0.0,0.0,0.0,137.52769702494967,118.931084591829,2.6861713259768996,11.9,47.68
CV,17,41,41,1.0,0,0.0,0.0,0.0,156.7446280245295,131.4201278343618,3.0957134622373847,11.878048780487806,59.90243902439025
CV,18,32,32,1.0,0,0.0,0.0,0.0,168.36591129894327,147.4454905302535,4.724037097264717,12.65625,53.78125
CV,19,25,25,1.0,0,0.0,0.0,0.0,191.98204967127003,164.5007598766644,6.708365683151812,15.04,68.64
CV,20,19,19,1.0,0,0.0,0.0,0.0,220.10891273639768,183.4972751841291,7.541695441934054,17.526315789473685,91.36842105263158
CV,21,13,13,1.0,0,0.0,0.0,0.0,221.05243343449376,195.5057543910153,8.42317668590904,19.0,60.53846153846154
CV,22,8,8,1.0,0,0.0,0.0,0.0,257.054053148595,217.37269273509804,9.138188611003333,26.375,89.25
CV,23,4,4,1.0,0,0.0,0.0,0.0,322.8907762784854,239.15389708748742,10.472831193464724,21.75,174.0
S_FIXED,1,227,227,1.0,220,0.9691629955947136,0.8381353033203108,0.8661134520188729,4.328007908549613,3.570017697316304,0.06788400100918694,1.0572687224669606,2.1013215859030843
S_FIXED,2,212,212,1.0,196,0.9245283018867925,0.7246928614343445,0.7615100366120878,7.817763593363761,6.916137264168986,0.12981872259835997,1.933962264150943,2.867924528301889
S_FIXED,3,197,197,1.0,152,0.7715736040609137,0.6375426626813038,0.6678679127910702,10.925642726408148,10.231570791457953,0.19505009150316227,2.751269035532995,3.34517766497462
S_FIXED,4,182,182,1.0,115,0.6318681318681318,0.5690183533284405,0.5864789473287411,13.746114359095607,12.98968807273635,0.2513372399065156,3.4285714285714284,3.747252747252751
S_FIXED,5,168,168,1.0,90,0.5357142857142857,0.5126358430014635,0.5422774914937308,16.17501169807063,15.959997099593608,0.2933163868341911,4.0476190476190474,3.79761904761905
S_FIXED,6,155,155,1.0,75,0.4838709677419355,0.4629318627429222,0.47601604164117206,18.70455757073881,17.857587970190302,0.3441812357607411,4.612903225806452,4.232258064516129
S_FIXED,7,142,142,1.0,59,0.4154929577464789,0.4201203575419806,0.45121478465867276,21.03319920803035,19.6458457620813,0.36696892180592716,5.126760563380282,4.683098591549296
S_FIXED,8,129,129,1.0,40,0.31007751937984496,0.3833002386480417,0.4025002954544498,23.115633536689373,21.900516518721574,0.4090697306634286,5.48062015503876,5.131782945736434
S_FIXED,9,117,117,1.0,29,0.24786324786324787,0.3467752654656026,0.35528289709473926,25.308088648845736,23.716291997432617,0.4523038044904881,5.717948717948718,5.358974358974357
S_FIXED,10,106,106,1.0,20,0.18867924528301888,0.3123634573092687,0.33032963482213346,27.77220017493808,25.988088679911577,0.48794982867118064,6.160377358490566,4.7735849056603765
S_FIXED,11,96,96,1.0,13,0.13541666666666666,0.28290991953102423,0.29886571249884974,30.03074459279794,28.77838328990853,0.521143514750153,6.71875,5.2499999999999964
S_FIXED,12,86,86,1.0,6,0.06976744186046512,0.2579883250543469,0.2582536869380976,32.22893171142644,30.896081267990837,0.5541259471012296,7.209302325581396,5.511627906976744
S_FIXED,13,77,77,1.0,4,0.05194805194805195,0.23216373455055828,0.23166633315622565,34.66194619140779,33.557584789342,0.5942341153456233,7.675324675324675,5.948051948051945
S_FIXED,14,68,68,1.0,2,0.029411764705882353,0.20911048664022297,0.2028400471695022,37.0835984676389,35.79487386539603,0.6227216975310335,8.088235294117647,6.397058823529412
S_FIXED,15,59,59,1.0,2,0.03389830508474576,0.18885231008807118,0.17401374635532427,39.45661353757301,37.65731024634295,0.6955972322013714,8.457627118644067,6.813559322033898
S_FIXED,16,50,50,1.0,1,0.02,0.16983325033185762,0.1515743899250766,41.84508696619364,41.02156804254848,0.7485197907971717,8.78,7.199999999999996
S_FIXED,17,41,41,1.0,1,0.024390243902439025,0.15317804681995034,0.11652839450592646,44.18537751882067,43.27719222505402,0.8388859340994003,8.975609756097562,7.7560975609756095
S_FIXED,18,32,32,1.0,0,0.0,0.13468575094646815,0.10055397024548943,47.21869091786618,43.17014268214255,0.9337555773016608,9.03125,7.28125
S_FIXED,19,25,25,1.0,0,0.0,0.12256608754769989,0.08236098967782715,50.18181706964021,43.523641397483,0.9214593129758134,9.24,6.64
S_FIXED,20,19,19,1.0,0,0.0,0.10959157034541164,0.06479826914317309,52.612794359760024,44.48362922544051,0.9722367118707901,9.842105263157896,7.368421052631579
S_FIXED,21,13,13,1.0,0,0.0,0.09660621425833048,0.01977175760136324,54.535062795577495,45.8298838790589,1.2508573830784482,11.615384615384615,8.153846153846153
S_FIXED,22,8,8,1.0,0,0.0,0.08551913255856275,0.06413025117072639,59.00011281348661,58.34635372205922,1.207992544624994,13.875,5.5
S_FIXED,23,4,4,1.0,0,0.0,0.06074482439696367,0.031714880760745294,61.86436898683805,60.653069992307195,1.273629150083154,16.0,6.0
S_RES_CV,1,227,227,1.0,227,1.0,0.9190217209904776,0.9409889464270701,2.2498625483637116,1.1587058099031118,0.021911048704194434,0.8942731277533041,2.6916299559471377
S_RES_CV,2,212,212,1.0,205,0.9669811320754716,0.8567867631077382,0.9036980300382939,4.508904924076692,2.036153185349659,0.042003102044633076,1.5943396226415094,5.160377358490566
S_RES_CV,3,197,197,1.0,181,0.9187817258883249,0.7915021166970654,0.8468480964600426,6.91275768139786,3.4190152119125723,0.06970682656083768,2.568527918781726,6.989847715736043
S_RES_CV,4,182,182,1.0,162,0.8901098901098901,0.7293444333545186,0.7925755841658535,9.035256862405571,5.421065816547767,0.10322772484129403,3.3736263736263736,8.021978021978024
S_RES_CV,5,168,168,1.0,140,0.8333333333333334,0.6773272894885475,0.7374737893277049,11.233389593282398,7.019239913318432,0.14484050343315463,4.392857142857143,8.994047619047619
S_RES_CV,6,155,155,1.0,117,0.7548387096774194,0.6256668775247735,0.6691284304594242,13.68240497854008,8.94646774556713,0.18361626196882053,4.961290322580645,10.709677419354838
S_RES_CV,7,142,142,1.0,92,0.647887323943662,0.5686382010242467,0.615334050716832,16.872623988871975,11.123064090865359,0.22927311205747702,5.5,12.98591549295775
S_RES_CV,8,129,129,1.0,72,0.5581395348837209,0.5149644258289583,0.5645482040042943,19.977379218168107,13.231184505241442,0.2666433396249889,6.069767441860465,15.503875968992247
S_RES_CV,9,117,117,1.0,54,0.46153846153846156,0.4596161566839942,0.480190127172907,22.772008318054596,17.17847353275921,0.3380504481654206,6.3076923076923075,15.94017094017094
S_RES_CV,10,106,106,1.0,38,0.3584905660377358,0.4053537405711528,0.4182904644779921,26.798520377690718,18.863342239653626,0.4034092464037604,6.89622641509434,16.924528301886795
S_RES_CV,11,96,96,1.0,28,0.2916666666666667,0.35772305020564693,0.34439315930624,31.271738558661713,22.539923348455513,0.4715711882689113,7.364583333333333,20.40625
S_RES_CV,12,86,86,1.0,16,0.18604651162790697,0.3136783925985964,0.29842686266999807,36.36203724466944,23.938677639105414,0.5193031749933568,8.116279069767442,23.3953488372093
S_RES_CV,13,77,77,1.0,10,0.12987012987012986,0.26445977189827563,0.23525774316293963,42.36841620002978,28.555589412550976,0.5864275401906679,8.61038961038961,27.493506493506494
S_RES_CV,14,68,68,1.0,9,0.1323529411764706,0.2283498735430931,0.19214039320064313,48.35660572853043,31.78225578023843,0.6977050666633394,9.411764705882353,32.19117647058823
S_RES_CV,15,59,59,1.0,3,0.05084745762711865,0.1851743084775691,0.14019273470830926,55.92811393466993,33.262880108714015,0.7994180326540549,10.084745762711865,39.28813559322034
S_RES_CV,16,50,50,1.0,0,0.0,0.13544033872696568,0.08277840146027808,65.3701284363019,38.67538093495578,0.8938828367889279,11.9,47.68
S_RES_CV,17,41,41,1.0,1,0.024390243902439025,0.1129428122352492,0.04152838961553409,72.95094970283053,39.158489184508774,0.998928478956349,11.878048780487806,59.90243902439025
S_RES_CV,18,32,32,1.0,0,0.0,0.09764064415096191,0.01975656249232663,72.51282285175517,38.791135815817555,1.1144555085206458,12.65625,53.78125
S_RES_CV,19,25,25,1.0,1,0.04,0.07846839931517041,0.0,83.99951278604505,41.82320279539699,1.299138306372964,15.04,68.64
S_RES_CV,20,19,19,1.0,1,0.05263157894736842,0.07975916296405422,0.0,99.47681682610319,43.130763569471924,1.863863606594325,17.526315789473685,91.36842105263158
S_RES_CV,21,13,13,1.0,1,0.07692307692307693,0.06910474104558352,0.0,87.70214680859984,46.12241728959396,2.187595457806405,19.0,60.53846153846154
S_RES_CV,22,8,8,1.0,1,0.125,0.0653111003976367,0.0,113.45512444024243,53.189788601367056,2.2420546515582283,26.375,89.25000000000001
S_RES_CV,23,4,4,1.0,0,0.0,0.0,0.0,172.0648198211381,107.21312359871436,3.055984627934831,21.75,174.0
S_RES_SCALE,1,227,227,1.0,225,0.9911894273127754,0.9153276743323525,0.9443935698959902,2.2498625483637147,1.1587058099031118,0.021911048704194434,0.9918823401839483,2.21912366094756
S_RES_SCALE,2,212,212,1.0,201,0.9481132075471698,0.854061156795452,0.909810417572859,4.5089049240766945,2.036153185349659,0.042003102044633076,1.382134516222343,2.9630691038010424
S_RES_SCALE,3,197,197,1.0,182,0.9238578680203046,0.7899867382435296,0.8514047785515999,6.912757681397858,3.4190152119125723,0.06970682656083768,1.7941339488650985,3.3949798159089264
S_RES_SCALE,4,182,182,1.0,161,0.8846153846153846,0.7338066081223609,0.8026332791089215,9.035256862405571,5.421065816547767,0.10322772484129403,2.097475977726027,3.8722087004582404
S_RES_SCALE,5,168,168,1.0,141,0.8392857142857143,0.6872685216684634,0.750719045834686,11.233389593282398,7.019239913318432,0.14484050343315463,2.3545995473854373,3.966128345038302
S_RES_SCALE,6,155,155,1.0,120,0.7741935483870968,0.6382557947574239,0.6935504547654071,13.68240497854008,8.94646774556713,0.18361626196882053,2.552193815286755,4.5267958741605545
S_RES_SCALE,7,142,142,1.0,92,0.647887323943662,0.5826031367759807,0.6306974045162537,16.87262398887198,11.123064090865359,0.22927311205747702,2.6271637007686874,5.075061858405818
S_RES_SCALE,8,129,129,1.0,76,0.5891472868217055,0.5310927319468641,0.5631233114285547,19.977379218168107,13.231184505241442,0.2666433396249889,2.662881564793763,5.753604604245464
S_RES_SCALE,9,117,117,1.0,57,0.48717948717948717,0.47983795496560433,0.4938279435774052,22.772008318054596,17.17847353275921,0.3380504481654206,2.549155862233431,5.962251846990222
S_RES_SCALE,10,106,106,1.0,38,0.3584905660377358,0.42200185399767864,0.43698856888475157,26.79852037769072,18.863342239653626,0.4034092464037604,2.7474926671871684,5.295497148833281
S_RES_SCALE,11,96,96,1.0,32,0.3333333333333333,0.3744075222848795,0.3694472432678795,31.271738558661713,22.539923348455513,0.4715711882689113,2.9458860172498995,5.883403584580129
S_RES_SCALE,12,86,86,1.0,18,0.20930232558139536,0.3283215408791574,0.323705288657533,36.36203724466944,23.938677639105414,0.5193031749933568,3.284556765740976,6.177138817694507
S_RES_SCALE,13,77,77,1.0,12,0.15584415584415584,0.2776465002511819,0.2592888075699323,42.36841620002977,28.555589412550976,0.5864275401906679,3.6264542565389717,6.714229306521244
S_RES_SCALE,14,68,68,1.0,10,0.14705882352941177,0.24124374561991702,0.21602521777546102,48.35660572853043,31.78225578023843,0.6977050666633394,4.042081620760556,7.26285772750739
S_RES_SCALE,15,59,59,1.0,5,0.0847457627118644,0.19507506677869338,0.17053077041145503,55.92811393466994,33.262880108714015,0.7994180326540549,4.622436467239056,7.890929659217007
S_RES_SCALE,16,50,50,1.0,1,0.02,0.14863122590512223,0.11210790175940438,65.3701284363019,38.67538093495578,0.8938828367889279,5.359870874215319,8.524434578674265
S_RES_SCALE,17,41,41,1.0,1,0.024390243902439025,0.12412390483386466,0.07531200169452588,72.95094970283053,39.158489184508774,0.998928478956349,6.395802069271712,9.30785624186968
S_RES_SCALE,18,32,32,1.0,1,0.03125,0.1035435684381924,0.0333619506223483,72.51282285175517,38.791135815817555,1.1144555085206458,7.799138783451063,8.390538666361124
S_RES_SCALE,19,25,25,1.0,0,0.0,0.07812203885369838,0.0063556724469977285,83.99951278604505,41.82320279539699,1.299138306372964,9.969005498045409,7.83112023317156
S_RES_SCALE,20,19,19,1.0,1,0.05263157894736842,0.08513745761497656,0.0,99.47681682610319,43.130763569471924,1.863863606594325,12.078387305583826,8.890015740139294
S_RES_SCALE,21,13,13,1.0,1,0.07692307692307693,0.06994411713859947,0.0,87.70214680859984,46.12241728959396,2.187595457806405,14.698759780836737,10.610243535079952
S_RES_SCALE,22,8,8,1.0,0,0.0,0.06338581355966885,0.0,113.45512444024243,53.189788601367056,2.2420546515582283,18.11743022012881,7.609976451305641
S_RES_SCALE,23,4,4,1.0,0,0.0,0.0008505946324884928,0.0,172.0648198211381,107.21312359871436,3.055984627934831,19.853753851981025,7.860191862974688
S_SCALE,1,227,227,1.0,220,0.9691629955947136,0.8389897066285373,0.865744403456533,4.328007908549611,3.570017697316304,0.06788400100918694,0.9918823401839574,2.2191236609475657
S_SCALE,2,212,212,1.0,196,0.9245283018867925,0.7272493024634515,0.7657154744359742,7.817763593363758,6.916137264168986,0.12981872259835997,1.3821345162223402,2.9630691038010424
S_SCALE,3,197,197,1.0,152,0.7715736040609137,0.6416976438587015,0.6711569507311304,10.925642726408148,10.231570791457953,0.19505009150316227,1.7941339488650956,3.3949798159089286
S_SCALE,4,182,182,1.0,116,0.6373626373626373,0.5741995429960226,0.5887837130369875,13.746114359095607,12.98968807273635,0.2513372399065156,2.0974759777260226,3.872208700458241
S_SCALE,5,168,168,1.0,92,0.5476190476190477,0.5197341041453389,0.5469301451191177,16.17501169807063,15.959997099593608,0.2933163868341911,2.3545995473854306,3.966128345038305
S_SCALE,6,155,155,1.0,76,0.49032258064516127,0.47173570808438187,0.48437461164318624,18.70455757073881,17.857587970190302,0.3441812357607411,2.552193815286756,4.526795874160558
S_SCALE,7,142,142,1.0,60,0.4225352112676056,0.4311144547173506,0.4614172739292887,21.03319920803035,19.6458457620813,0.36696892180592716,2.627163700768686,5.075061858405815
S_SCALE,8,129,129,1.0,43,0.3333333333333333,0.3955424396155008,0.4150218163307872,23.115633536689373,21.900516518721574,0.4090697306634286,2.662881564793762,5.753604604245468
S_SCALE,9,117,117,1.0,32,0.27350427350427353,0.3611622338192625,0.3697176370725991,25.308088648845736,23.716291997432617,0.4523038044904881,2.5491558622334343,5.962251846990226
S_SCALE,10,106,106,1.0,24,0.22641509433962265,0.3287583330236205,0.34711526966397244,27.77220017493808,25.988088679911577,0.48794982867118064,2.7474926671871662,5.29549714883328
S_SCALE,11,96,96,1.0,16,0.16666666666666666,0.3019812489279274,0.31684328864208927,30.03074459279793,28.77838328990853,0.521143514750153,2.9458860172498986,5.883403584580133
S_SCALE,12,86,86,1.0,9,0.10465116279069768,0.279116104343241,0.2781381870134866,32.22893171142644,30.896081267990837,0.5541259471012296,3.2845567657409735,6.177138817694512
S_SCALE,13,77,77,1.0,5,0.06493506493506493,0.25492007083955476,0.2515391374121499,34.66194619140779,33.557584789342,0.5942341153456233,3.626454256538961,6.71422930652124
S_SCALE,14,68,68,1.0,4,0.058823529411764705,0.23320790359446325,0.22651549117884354,37.0835984676389,35.79487386539603,0.6227216975310335,4.0420816207605546,7.26285772750738
S_SCALE,15,59,59,1.0,3,0.05084745762711865,0.21424173980522965,0.1981516836525123,39.45661353757301,37.65731024634295,0.6955972322013714,4.622436467239059,7.890929659217011
S_SCALE,16,50,50,1.0,3,0.06,0.19750241021265322,0.17557392768832267,41.84508696619364,41.02156804254848,0.7485197907971717,5.359870874215317,8.524434578674253
S_SCALE,17,41,41,1.0,2,0.04878048780487805,0.18117766161216378,0.1390831516903035,44.18537751882067,43.27719222505402,0.8388859340994003,6.395802069271717,9.30785624186968
S_SCALE,18,32,32,1.0,2,0.0625,0.16640239876340032,0.13376143492669967,47.21869091786618,43.17014268214255,0.9337555773016608,7.799138783451063,8.390538666361103
S_SCALE,19,25,25,1.0,1,0.04,0.15584409144696415,0.11506272224294152,50.18181706964021,43.523641397483,0.9214593129758134,9.969005498045409,7.83112023317155
S_SCALE,20,19,19,1.0,0,0.0,0.1436104775629147,0.0943403378311972,52.612794359760024,44.48362922544051,0.9722367118707901,12.078387305583826,8.890015740139294
S_SCALE,21,13,13,1.0,0,0.0,0.13610508568420968,0.06629012602057455,54.535062795577495,45.8298838790589,1.2508573830784482,14.698759780836745,10.6102435350799
S_SCALE,22,8,8,1.0,0,0.0,0.12890574992552112,0.09864357768826788,59.00011281348661,58.34635372205922,1.207992544624994,18.117430220128796,7.609976451305613
S_SCALE,23,4,4,1.0,0,0.0,0.10873453345695544,0.10716375192196975,61.86436898683805,60.653069992307195,1.273629150083154,19.853753851981025,7.860191862974602
T_FIXED,1,227,227,1.0,175,0.7709251101321586,0.6123509953237649,0.609021199819576,10.988146884256318,10.920164833920778,0.20006249023742556,1.0572687224669604,2.101321585903084
T_FIXED,2,212,212,1.0,73,0.3443396226415094,0.40208195394479523,0.38042203379926787,21.239237589054103,21.66145567747198,0.3913335027595144,1.9339622641509433,2.8679245283018866
T_FIXED,3,197,197,1.0,36,0.18274111675126903,0.2708886989908714,0.2339085182141879,31.12461088125667,31.664254294077416,0.5821022034029862,2.751269035532995,3.3451776649746194
T_FIXED,4,182,182,1.0,8,0.04395604395604396,0.18701797923043237,0.12252699026109412,40.67259241113523,41.932236048447805,0.7621937418783737,3.4285714285714284,3.7472527472527473
T_FIXED,5,168,168,1.0,0,0.0,0.13345886738367546,0.055803002857453765,49.74101123336579,51.91625956449914,0.9602654282789016,4.0476190476190474,3.7976190476190474
T_FIXED,6,155,155,1.0,0,0.0,0.09757846322237139,0.009514271407110666,58.757061454254526,60.530983801686226,1.1506488467795208,4.612903225806452,4.232258064516129
T_FIXED,7,142,142,1.0,0,0.0,0.0724629868708763,0.0,67.3266129685957,69.60520643346162,1.3220627067514368,5.126760563380282,4.683098591549296
T_FIXED,8,129,129,1.0,0,0.0,0.05225197944954937,0.0,75.38736482649645,78.14449756700724,1.487567125928108,5.48062015503876,5.131782945736434
T_FIXED,9,117,117,1.0,0,0.0,0.03562361415581153,0.0,83.46933503332006,86.0559411080955,1.6671588750193442,5.717948717948718,5.358974358974359
T_FIXED,10,106,106,1.0,0,0.0,0.02259445826320641,0.0,91.94877724532257,94.48310436828902,1.830698776831987,6.160377358490566,4.773584905660377
T_FIXED,11,96,96,1.0,0,0.0,0.013476774613759984,0.0,100.18980419823201,102.06106276980549,1.9678918846216038,6.71875,5.25
T_FIXED,12,86,86,1.0,0,0.0,0.006458514412938223,0.0,108.19778504784828,109.63884753414902,2.148798801893312,7.209302325581396,5.511627906976744
T_FIXED,13,77,77,1.0,0,0.0,0.0017035239110920234,0.0,116.47898137162838,118.30178570080842,2.320440736996309,7.675324675324675,5.9480519480519485
T_FIXED,14,68,68,1.0,0,0.0,0.00044169581052771106,0.0,124.48385793021947,125.81111579708454,2.4856131233155994,8.088235294117647,6.397058823529412
T_FIXED,15,59,59,1.0,0,0.0,0.0,0.0,132.13405514384152,133.02560843687203,2.6282642186429337,8.457627118644067,6.813559322033898
T_FIXED,16,50,50,1.0,0,0.0,0.0,0.0,139.27807153891902,141.03513596362467,2.7928522235409847,8.78,7.2
T_FIXED,17,41,41,1.0,0,0.0,0.0,0.0,145.52868688960882,148.4303287741424,3.0093632736875406,8.975609756097562,7.7560975609756095
T_FIXED,18,32,32,1.0,0,0.0,0.0,0.0,151.28377295511865,155.132099482176,3.1198475607143643,9.03125,7.28125
T_FIXED,19,25,25,1.0,0,0.0,0.0,0.0,158.2621226480222,161.17633976486746,3.08274382033369,9.24,6.64
T_FIXED,20,19,19,1.0,0,0.0,0.0,0.0,165.38696958213026,167.69037688549693,3.171846408770727,9.842105263157896,7.368421052631579
T_FIXED,21,13,13,1.0,0,0.0,0.0,0.0,173.10716426232563,174.3554200476716,4.2145230029045795,11.615384615384615,8.153846153846153
T_FIXED,22,8,8,1.0,0,0.0,0.0,0.0,182.10537754240636,205.54008704065046,3.5966860613389633,13.875,5.5
T_FIXED,23,4,4,1.0,0,0.0,0.0,0.0,188.43575177045875,213.8824091816849,3.756413852035827,16.0,6.0
T_RES_CV,1,227,227,1.0,227,1.0,0.9052158242890396,0.9323671497584541,2.5822430262423817,1.4142135623730951,0.028971701781777184,0.8942731277533039,2.6916299559471364
T_RES_CV,2,212,212,1.0,201,0.9481132075471698,0.8219980716315256,0.8657623411370824,5.320976115712219,3.0413812651491097,0.06209579389678557,1.5943396226415094,5.160377358490566
T_RES_CV,3,197,197,1.0,170,0.8629441624365483,0.7237388966576173,0.7748562037797864,8.605956172419747,5.533985905294664,0.11228361294222662,2.568527918781726,6.98984771573604
T_RES_CV,4,182,182,1.0,135,0.7417582417582418,0.6214715121852532,0.664266675285297,12.087152445544627,9.340770846134703,0.16579130016052912,3.3736263736263736,8.021978021978022
T_RES_CV,5,168,168,1.0,99,0.5892857142857143,0.5336559573577695,0.5845442503889011,16.03088567061873,13.17065479278964,0.2444594292427615,4.392857142857143,8.994047619047619
T_RES_CV,6,155,155,1.0,78,0.5032258064516129,0.46080586861007594,0.5003762227238525,20.372565278585622,17.240939649566666,0.3245228538094476,4.961290322580645,10.709677419354838
T_RES_CV,7,142,142,1.0,55,0.3873239436619718,0.39570621012893037,0.40857912483586245,25.273696742515362,21.635445401531094,0.4099543963816781,5.5,12.985915492957746
T_RES_CV,8,129,129,1.0,34,0.26356589147286824,0.3398066245721612,0.3320715246301738,30.393628135426727,26.890983619049713,0.5056377041392605,6.069767441860465,15.503875968992247
T_RES_CV,9,117,117,1.0,21,0.1794871794871795,0.2845301813689252,0.2666284403669725,35.308727531921114,31.544611267219636,0.5464244449698978,6.3076923076923075,15.94017094017094
T_RES_CV,10,106,106,1.0,14,0.1320754716981132,0.23211311334693535,0.20030714820919482,41.95153477491967,37.67584546336167,0.6770509303630381,6.89622641509434,16.92452830188679
T_RES_CV,11,96,96,1.0,4,0.041666666666666664,0.1823152261035005,0.1284769949868214,49.36855220986482,44.212905062989435,0.815008382022679,7.364583333333333,20.40625
T_RES_CV,12,86,86,1.0,4,0.046511627906976744,0.13912130930792746,0.05656706298332217,57.88303319137898,50.8138851517042,0.9763044485911309,8.116279069767442,23.3953488372093
T_RES_CV,13,77,77,1.0,1,0.012987012987012988,0.10310242025778014,0.003925061938034128,67.624806004547,59.942680954391754,1.217476899164826,8.61038961038961,27.493506493506494
T_RES_CV,14,68,68,1.0,0,0.0,0.06849901179684491,0.0,79.6111797663302,68.87214500607757,1.4208692296044356,9.411764705882353,32.19117647058823
T_RES_CV,15,59,59,1.0,0,0.0,0.03733681706538911,0.0,95.01286693631995,83.25337830983197,1.7074029733764695,10.084745762711865,39.28813559322034
T_RES_CV,16,50,50,1.0,0,0.0,0.01387085645691465,0.0,114.73070575086643,98.48924475425179,2.1335292227845923,11.9,47.68
T_RES_CV,17,41,41,1.0,0,0.0,0.004527558662021914,0.0,130.28352992423407,107.05606008068857,2.7257793325205184,11.878048780487806,59.90243902439025
T_RES_CV,18,32,32,1.0,0,0.0,0.0007502469578208758,0.0,138.56671783366986,119.16889699348332,3.6322425263117157,12.65625,53.78125
T_RES_CV,19,25,25,1.0,0,0.0,0.0,0.0,157.1689875176175,133.51521448883645,4.6901134806364375,15.04,68.64
T_RES_CV,20,19,19,1.0,0,0.0,0.0,0.0,178.58435838492323,146.3456951877984,5.4322602842501215,17.526315789473685,91.36842105263158
T_RES_CV,21,13,13,1.0,0,0.0,0.0,0.0,173.76316117826295,152.37720466001468,5.942104099914062,19.0,60.53846153846154
T_RES_CV,22,8,8,1.0,0,0.0,0.0,0.0,203.23117821583224,164.78618964950763,6.646245767375626,26.375,89.25
T_RES_CV,23,4,4,1.0,0,0.0,0.0,0.0,257.3314057825536,180.8067988059475,8.285502763813563,21.75,174.0
