dataset,frame_index,record_present,sequence_id,request_frame,resolution_level,center_x,center_y,camera_decision_reason,camera_requested_level,camera_requested_center_x,camera_requested_center_y,camera_feedback_present,camera_feedback_reason,proposal_count,crops,rejected_as_background,rejection_fraction,mean_objectness,mean_margin,observation_count,observation_top_posterior_mean,bank_tracks,bank_matched,bank_created,bank_removed,confirmed_tracks,tentative_tracks,track_age_mean,track_age_max,track_identity_confidence_mean,track_posterior_gap_mean,output_candidates,output_emitted,output_dropped_invalid,output_distinct_classes,output_secondary_guesses,gmc_model,gmc_ok,gmc_reason,gmc_quality,gmc_inliers,gmc_candidates,gmc_inlier_ratio,gmc_translation_x,gmc_translation_y,gmc_translation_magnitude,total_latency_ms
hosted,0,True,c6ae6aa777ba4e949a81d31e46a5f55f,1,0,1920,1080,hold-current-view,,,,False,,0,0,,,,,0,,0,0,0,0,0,0,,,,,0,0,0,0,0,identity,False,no-previous-frame,0.0,0,0,0.0,0.0,0.0,0.0,86.03
hosted,1,False,,,,,,,,,,,,,,,,,,,,,,,,,,,,,,,,,,,,,,,,,,,,,
hosted,2,True,c6ae6aa777ba4e949a81d31e46a5f55f,3,0,1920,1080,hold-current-view,,,,False,,0,0,,,,,0,,0,0,0,0,0,0,,,,,0,0,0,0,0,affine,True,accepted,0.9929,281,283,0.9929,-28.54,104.96,108.77101268260768,92.99
hosted,3,True,c6ae6aa777ba4e949a81d31e46a5f55f,4,0,1920,1080,hold-current-view,,,,False,,1,1,0,0.0,0.963,0.0014,1,0.1741,1,0,1,0,0,1,0.0,0,0.0743,0.00020000000000000573,3,3,0,3,2,affine,True,accepted,0.9897,287,290,0.9897,-14.13,52.02,53.904891243745226,114.11
hosted,4,True,c6ae6aa777ba4e949a81d31e46a5f55f,5,0,1920,1080,hold-current-view,,,,False,,1,1,0,0.0,0.973,0.0043,1,0.1794,1,1,0,0,1,0,0.0,0,0.0853,0.000899999999999998,3,3,0,3,2,affine,True,accepted,0.9899,293,296,0.9899,-14.22,52.21,54.111851751718866,113.5
hosted,5,True,c6ae6aa777ba4e949a81d31e46a5f55f,6,0,1920,1080,hold-current-view,,,,False,,0,0,,,,,0,,1,0,0,0,1,0,1.0,1,0.0853,0.000899999999999998,3,3,0,3,2,affine,True,accepted,0.9899,295,298,0.9899,-14.23,52.02,53.931190418903235,91.73
hosted,6,True,c6ae6aa777ba4e949a81d31e46a5f55f,7,0,1920,1080,hold-current-view,,,,False,,1,1,0,0.0,0.993,0.0158,1,0.2587,2,0,1,0,1,1,1.0,2,0.08295,0.0017000000000000001,6,6,0,5,4,affine,True,accepted,1.0,295,295,1.0,-13.83,52.27,54.06867669917584,113.33
hosted,7,True,c6ae6aa777ba4e949a81d31e46a5f55f,8,0,1920,1080,hold-current-view,,,,False,,0,0,,,,,0,,1,0,0,1,0,1,1.0,1,0.0806,0.0025000000000000022,3,3,0,3,2,affine,True,accepted,0.9932,293,295,0.9932,-14.2,52.14,54.03905624638536,91.5
hosted,8,True,c6ae6aa777ba4e949a81d31e46a5f55f,9,0,1920,1080,hold-current-view,,,,False,,0,0,,,,,0,,1,0,0,0,0,1,2.0,2,0.0806,0.0025000000000000022,3,3,0,3,2,affine,True,accepted,1.0,300,300,1.0,0.03,0.06,0.0670820393249937,91.2
hosted,9,True,c6ae6aa777ba4e949a81d31e46a5f55f,10,0,1920,1080,hold-current-view,,,,False,,1,1,0,0.0,0.8405,0.0341,1,0.228,1,0,1,1,0,1,0.0,0,0.0796,0.005400000000000002,3,3,0,3,2,affine,True,accepted,0.9965,281,282,0.9965,-28.23,105.27,108.98947563870558,113.05
hosted,10,True,c6ae6aa777ba4e949a81d31e46a5f55f,11,0,1920,1080,hold-current-view,,,,False,,0,0,,,,,0,,1,0,0,0,0,1,1.0,1,0.0796,0.005400000000000002,3,3,0,3,2,affine,True,accepted,1.0,296,296,1.0,-14.05,52.23,54.08673959483969,92.21
hosted,11,True,c6ae6aa777ba4e949a81d31e46a5f55f,12,0,1920,1080,hold-current-view,,,,False,,1,1,0,0.0,0.9883,0.0519,1,0.2702,2,0,1,0,0,2,1.0,2,0.08395,0.008100000000000003,6,6,0,4,4,affine,True,accepted,0.9899,294,297,0.9899,-14.05,52.03,53.893630421414365,113.53
hosted,12,True,c6ae6aa777ba4e949a81d31e46a5f55f,13,0,1920,1080,hold-current-view,,,,False,,1,1,0,0.0,0.9117,0.0258,1,0.2724,2,0,1,1,0,2,0.5,1,0.0853,0.0075,6,6,0,5,4,affine,True,accepted,0.9966,292,293,0.9966,-14.44,52.11,54.07370617962116,115.43
hosted,13,True,c6ae6aa777ba4e949a81d31e46a5f55f,14,0,1920,1080,hold-current-view,,,,False,,1,1,0,0.0,0.9978,0.0341,1,0.2504,3,0,1,0,0,3,1.0,2,0.0848,0.0070999999999999995,9,9,0,7,6,affine,True,accepted,0.9866,294,298,0.9866,-14.45,52.4,54.35588744561163,116.94
hosted,14,True,c6ae6aa777ba4e949a81d31e46a5f55f,15,0,1920,1080,hold-current-view,,,,False,,1,1,0,0.0,0.991,0.0482,1,0.2887,3,0,1,1,0,3,1.0,2,0.08473333333333333,0.0067666666666666665,9,9,0,8,6,affine,True,accepted,0.9899,294,297,0.9899,-14.36,52.2,54.139168815193315,114.64
hosted,15,True,c6ae6aa777ba4e949a81d31e46a5f55f,16,0,1920,1080,hold-current-view,,,,False,,0,0,,,,,0,,2,0,0,1,0,2,1.5,2,0.08595,0.008050000000000002,6,6,0,6,4,affine,True,accepted,0.9966,295,296,0.9966,-14.26,52.38,54.286388717615026,91.95
hosted,16,True,c6ae6aa777ba4e949a81d31e46a5f55f,17,0,1920,1080,hold-current-view,,,,False,,1,1,0,0.0,0.9982,0.0391,1,0.3403,2,0,1,1,0,2,1.0,2,0.08990000000000001,0.008900000000000005,6,6,0,5,4,affine,True,accepted,0.9966,293,294,0.9966,-14.48,52.36,54.325316381959524,114.5
hosted,17,True,c6ae6aa777ba4e949a81d31e46a5f55f,18,0,1920,1080,hold-current-view,,,,False,,1,1,0,0.0,0.9799,0.0038,1,0.2086,2,1,0,0,1,1,0.5,1,0.09595000000000001,0.00895,6,6,0,5,4,affine,True,accepted,0.9899,295,298,0.9899,-14.49,52.41,54.37617309079409,115.2
hosted,18,True,c6ae6aa777ba4e949a81d31e46a5f55f,19,0,1920,1080,hold-current-view,,,,False,,2,2,0,0.0,0.9962,0.0352,2,0.28195000000000003,3,1,1,0,1,2,0.6666666666666666,2,0.1003,0.01223333333333334,9,9,0,5,6,affine,True,accepted,1.0,295,295,1.0,-14.38,52.26,54.20232467339385,110.51
hosted,19,True,c6ae6aa777ba4e949a81d31e46a5f55f,20,0,1920,1080,hold-current-view,,,,False,,1,1,0,0.0,0.9917,0.0366,1,0.2472,2,1,0,1,1,1,0.5,1,0.11285,0.020200000000000003,6,6,0,5,4,affine,True,accepted,0.9897,288,291,0.9897,-14.46,52.46,54.416387237669504,114.12
hosted,20,True,c6ae6aa777ba4e949a81d31e46a5f55f,21,0,1920,1080,hold-current-view,,,,False,,1,1,0,0.0,0.9894,0.0425,1,0.2678,2,1,0,0,1,1,1.0,2,0.12154999999999999,0.0252,6,6,0,5,4,affine,True,accepted,0.9933,297,299,0.9933,-14.35,52.34,54.27152199818981,114.35
hosted,21,True,c6ae6aa777ba4e949a81d31e46a5f55f,22,0,1920,1080,hold-current-view,,,,False,,1,1,0,0.0,0.9151,0.0327,1,0.2098,1,1,0,1,1,0,0.0,0,0.1632,0.05340000000000002,3,3,0,3,2,affine,True,accepted,0.9966,291,292,0.9966,-14.72,52.61,54.63049057074264,113.99
hosted,22,True,c6ae6aa777ba4e949a81d31e46a5f55f,23,0,1920,1080,hold-current-view,,,,False,,1,1,0,0.0,0.9886,0.034,1,0.2286,1,1,0,0,1,0,0.0,0,0.1706,0.056400000000000006,3,3,0,3,2,affine,True,accepted,0.9933,296,298,0.9933,-14.64,52.21,54.223737421907764,112.77
hosted,23,True,c6ae6aa777ba4e949a81d31e46a5f55f,24,0,1920,1080,hold-current-view,,,,False,,1,1,0,0.0,0.9774,0.0135,1,0.1968,1,1,0,0,1,0,0.0,0,0.165,0.04310000000000001,3,3,0,3,2,affine,True,accepted,0.9863,289,293,0.9863,-14.45,52.4,54.35588744561163,113.12
hosted,24,True,c6ae6aa777ba4e949a81d31e46a5f55f,25,0,1920,1080,hold-current-view,,,,False,,1,1,0,0.0,0.9681,0.006,1,0.1841,1,1,0,0,1,0,0.0,0,0.1615,0.0369,3,3,0,3,2,affine,True,accepted,0.9896,285,288,0.9896,-14.6,52.56,54.550101741426666,114.49
hosted,25,True,c6ae6aa777ba4e949a81d31e46a5f55f,26,0,1920,1080,hold-current-view,,,,False,,2,2,0,0.0,0.832,0.0085,2,0.1789,2,1,1,0,1,1,0.0,0,0.1164,0.01745,6,6,0,6,4,affine,True,accepted,0.9898,291,294,0.9898,-14.52,52.3,54.27817609315921,110.51
hosted,26,True,c6ae6aa777ba4e949a81d31e46a5f55f,27,0,1920,1080,hold-current-view,,,,False,,2,2,0,0.0,0.8881,0.012,2,0.18785000000000002,2,2,0,0,2,0,0.0,0,0.12,0.017400000000000006,6,6,0,6,4,affine,True,accepted,0.9897,289,292,0.9897,-14.53,52.17,54.155607281240975,108.25
hosted,27,True,c6ae6aa777ba4e949a81d31e46a5f55f,28,0,1920,1080,hold-current-view,,,,False,,2,2,0,0.0,0.8528,0.0105,2,0.15460000000000002,3,1,1,0,2,1,0.3333333333333333,1,0.10303333333333332,0.011333333333333334,9,9,0,7,6,affine,True,accepted,0.9932,292,294,0.9932,-14.55,52.19,54.18024178609763,108.12
hosted,28,True,c6ae6aa777ba4e949a81d31e46a5f55f,29,0,1920,1080,hold-current-view,,,,False,,1,1,0,0.0,0.7139,0.0124,1,0.1551,3,1,0,0,2,1,1.0,2,0.10103333333333335,0.010700000000000006,9,9,0,7,6,affine,True,accepted,0.9932,290,292,0.9932,-14.64,52.24,54.25262389967881,113.86
hosted,29,True,c6ae6aa777ba4e949a81d31e46a5f55f,30,0,1920,1080,hold-current-view,,,,False,,1,1,0,0.0,0.9553,0.0001,1,0.1645,2,1,0,1,1,1,1.0,2,0.10735,0.012350000000000014,5,5,0,4,3,affine,True,accepted,0.9931,287,289,0.9931,-14.5,52.84,54.79339011231191,114.29
hosted,30,True,c6ae6aa777ba4e949a81d31e46a5f55f,31,0,1920,1080,hold-current-view,,,,False,,0,0,,,,,0,,1,0,0,1,1,0,1.0,1,0.1448,0.02440000000000002,3,3,0,3,2,affine,True,accepted,0.9896,285,288,0.9896,-14.56,52.53,54.51049898872694,92.37
hosted,31,True,c6ae6aa777ba4e949a81d31e46a5f55f,32,0,1920,1080,hold-current-view,,,,False,,0,0,,,,,0,,1,0,0,0,1,0,2.0,2,0.1448,0.02440000000000002,3,3,0,3,2,affine,True,accepted,1.0,292,292,1.0,-14.64,52.59,54.58972156001531,92.3
hosted,32,True,c6ae6aa777ba4e949a81d31e46a5f55f,33,0,1920,1080,hold-current-view,,,,False,,1,1,0,0.0,0.9617,0.0162,1,0.21,1,1,0,0,1,0,0.0,0,0.1493,0.024999999999999994,3,3,0,3,2,affine,True,accepted,0.9899,293,296,0.9899,-14.47,52.56,54.51545193795976,115.45
hosted,33,True,c6ae6aa777ba4e949a81d31e46a5f55f,34,0,1920,1080,hold-current-view,,,,False,,1,1,0,0.0,0.8794,0.0109,1,0.1614,1,1,0,0,1,0,0.0,0,0.1432,0.017499999999999988,3,3,0,3,2,affine,True,accepted,0.9865,293,297,0.9865,-14.55,52.4,54.38255694613853,113.83
hosted,34,True,c6ae6aa777ba4e949a81d31e46a5f55f,35,0,1920,1080,hold-current-view,,,,False,,0,0,,,,,0,,1,0,0,0,1,0,1.0,1,0.1432,0.017499999999999988,3,3,0,3,2,affine,True,accepted,0.9932,294,296,0.9932,-14.36,52.6,54.52494475008663,92.08
hosted,35,True,c6ae6aa777ba4e949a81d31e46a5f55f,36,0,1920,1080,hold-current-view,,,,False,,3,3,0,0.0,0.829,0.0145,3,0.22083333333333333,4,0,3,0,1,3,0.5,2,0.09522499999999999,0.006124999999999995,12,12,0,7,8,affine,True,accepted,1.0,299,299,1.0,-14.3,52.53,54.44162837388316,113.35
hosted,36,True,c6ae6aa777ba4e949a81d31e46a5f55f,37,0,1920,1080,hold-current-view,,,,False,,1,1,0,0.0,0.9243,0.0141,1,0.1612,4,0,1,1,0,4,0.75,1,0.07785,0.002224999999999998,12,12,0,6,8,affine,True,accepted,0.9899,293,296,0.9899,-14.43,52.32,54.27344930995265,114.49
hosted,37,True,c6ae6aa777ba4e949a81d31e46a5f55f,38,0,1920,1080,hold-current-view,,,,False,,3,3,0,0.0,0.8414,0.0185,3,0.19126666666666667,5,2,1,0,2,3,0.8,2,0.08202,0.00368,14,14,0,8,9,affine,True,accepted,0.9932,294,296,0.9932,-14.25,52.55,54.447819056414005,111.33
hosted,38,True,c6ae6aa777ba4e949a81d31e46a5f55f,39,0,1920,1080,hold-current-view,,,,False,,0,0,,,,,0,,3,0,0,2,2,1,1.0,1,0.08343333333333332,0.004833333333333333,9,9,0,7,6,affine,True,accepted,1.0,294,294,1.0,-14.45,52.36,54.31732780614304,91.91
hosted,39,True,c6ae6aa777ba4e949a81d31e46a5f55f,40,0,1920,1080,hold-current-view,,,,False,,0,0,,,,,0,,3,0,0,0,2,1,2.0,2,0.08343333333333332,0.004833333333333333,9,9,0,7,6,affine,True,accepted,1.0,293,293,1.0,-14.48,52.54,54.498825675421664,92.44
hosted,40,True,c6ae6aa777ba4e949a81d31e46a5f55f,41,0,1920,1080,hold-current-view,,,,False,,0,0,,,,,0,,0,0,0,3,0,0,,,,,0,0,0,0,0,affine,True,accepted,0.9966,295,296,0.9966,-14.38,52.54,54.47234160562588,93.36
hosted,41,True,c6ae6aa777ba4e949a81d31e46a5f55f,42,0,1920,1080,hold-current-view,,,,False,,3,3,0,0.0,0.92,0.0121,3,0.2085,3,0,3,0,0,3,0.0,0,0.07736666666666667,0.0018000000000000006,9,9,0,7,6,affine,True,accepted,0.9967,299,300,0.9967,-14.36,52.61,54.534591774395814,111.81
hosted,42,True,c6ae6aa777ba4e949a81d31e46a5f55f,43,0,1920,1080,hold-current-view,,,,False,,3,3,0,0.0,0.932,0.0265,3,0.24206666666666665,4,2,1,0,2,2,0.25,1,0.086725,0.004275000000000001,12,12,0,7,8,affine,True,accepted,1.0,293,293,1.0,-14.46,52.52,54.474232440668686,111.72
hosted,43,True,c6ae6aa777ba4e949a81d31e46a5f55f,44,0,1920,1080,hold-current-view,,,,False,,2,2,0,0.0,0.9362,0.0458,2,0.27065,5,1,1,0,3,2,0.6,1,0.09062,0.00796,15,15,0,8,10,affine,True,accepted,0.9899,293,296,0.9899,-14.19,52.73,54.60594290001776,110.94
hosted,44,True,c6ae6aa777ba4e949a81d31e46a5f55f,45,0,1920,1080,hold-current-view,,,,False,,4,4,0,0.0,0.9324,0.0254,4,0.24905,5,3,1,1,4,1,0.4,2,0.10184,0.012639999999999998,15,15,0,11,10,affine,True,accepted,0.9966,297,298,0.9966,-14.36,52.36,54.293454485784935,116.81
hosted,45,True,c6ae6aa777ba4e949a81d31e46a5f55f,46,0,1920,1080,hold-current-view,,,,False,,4,4,0,0.0,0.9654,0.0217,4,0.26295,6,3,1,0,4,2,0.3333333333333333,1,0.10661666666666665,0.012899999999999995,18,18,0,10,12,affine,True,accepted,0.9966,294,295,0.9966,-14.61,51.99,54.003816531797085,114.07
hosted,46,True,c6ae6aa777ba4e949a81d31e46a5f55f,47,0,1920,1080,hold-current-view,,,,False,,3,3,0,0.0,0.958,0.038,3,0.23529999999999998,5,3,0,1,4,1,0.6,2,0.11657999999999999,0.020339999999999997,15,15,0,9,10,affine,True,accepted,0.9863,287,291,0.9863,-14.1,52.88,54.727546994178354,112.76
hosted,47,True,c6ae6aa777ba4e949a81d31e46a5f55f,48,0,1920,1080,hold-current-view,,,,False,,2,2,0,0.0,0.9888,0.0248,2,0.25725,4,2,0,1,4,0,0.75,2,0.12915,0.026375,12,12,0,7,8,affine,True,accepted,1.0,294,294,1.0,-14.61,52.31,54.31195264396227,108.65
hosted,48,True,c6ae6aa777ba4e949a81d31e46a5f55f,49,0,1920,1080,hold-current-view,,,,False,,5,5,0,0.0,0.9605,0.0213,5,0.27438,5,3,2,1,3,2,0.0,0,0.12368000000000001,0.0199,15,15,0,9,10,affine,True,accepted,0.993,285,287,0.993,-14.27,52.59,54.49165991232053,119.04
hosted,49,True,c6ae6aa777ba4e949a81d31e46a5f55f,50,0,1920,1080,hold-current-view,,,,False,,5,5,0,0.0,0.9497,0.0202,5,0.23066,6,4,1,0,4,2,0.16666666666666666,1,0.12440000000000001,0.021583333333333326,18,18,0,9,12,affine,True,accepted,0.9966,294,295,0.9966,-14.41,52.49,54.43205121984657,116.8
hosted,50,True,c6ae6aa777ba4e949a81d31e46a5f55f,51,0,1920,1080,hold-current-view,,,,False,,3,3,0,0.0,0.8982,0.0159,3,0.21643333333333334,7,2,1,0,4,3,0.7142857142857143,2,0.12028571428571429,0.019428571428571424,21,21,0,9,14,affine,True,accepted,0.9932,294,296,0.9932,-14.19,52.29,54.181179389156895,111.57
hosted,51,True,c6ae6aa777ba4e949a81d31e46a5f55f,52,0,1920,1080,hold-current-view,,,,False,,2,2,0,0.0,0.9874,0.0291,2,0.27849999999999997,6,2,0,1,4,2,0.8333333333333334,2,0.13083333333333333,0.023433333333333334,18,18,0,8,12,affine,True,accepted,0.9826,282,287,0.9826,-14.28,52.51,54.41707912043791,109.18
hosted,52,True,c6ae6aa777ba4e949a81d31e46a5f55f,53,0,1920,1080,hold-current-view,,,,False,,2,2,0,0.0,0.9566,0.0151,2,0.22505,5,2,0,1,4,1,1.0,2,0.14243999999999998,0.02622000000000001,15,15,0,8,10,affine,True,accepted,0.9797,289,295,0.9797,-14.4,52.59,54.52584799890782,108.53
hosted,53,True,c6ae6aa777ba4e949a81d31e46a5f55f,54,0,1920,1080,hold-current-view,,,,False,,3,3,0,0.0,0.9833,0.0578,3,0.36600000000000005,4,2,1,2,3,1,0.25,1,0.17222500000000002,0.05180000000000001,12,12,0,6,8,affine,True,accepted,0.9933,296,298,0.9933,-14.47,52.59,54.5443764287392,111.74
hosted,54,True,c6ae6aa777ba4e949a81d31e46a5f55f,55,0,1920,1080,hold-current-view,,,,False,,2,2,0,0.0,0.8984,0.0288,2,0.19815,4,2,0,0,3,1,0.5,1,0.17167500000000002,0.05180000000000001,12,12,0,6,8,affine,True,accepted,0.9966,294,295,0.9966,-14.14,52.36,54.235681981514716,110.36
hosted,55,True,c6ae6aa777ba4e949a81d31e46a5f55f,56,0,1920,1080,hold-current-view,,,,False,,3,3,0,0.0,0.9862,0.0457,3,0.33180000000000004,5,2,1,0,3,2,0.6,2,0.16448000000000002,0.05016000000000002,14,14,0,8,9,affine,True,accepted,0.9832,292,297,0.9832,-14.35,52.66,54.58019879040383,111.41
hosted,56,True,c6ae6aa777ba4e949a81d31e46a5f55f,57,0,1920,1080,hold-current-view,,,,False,,3,3,0,0.0,0.9201,0.0279,3,0.23293333333333333,5,2,1,1,3,2,0.6,2,0.16594000000000003,0.052660000000000005,15,15,0,8,10,affine,True,accepted,0.9932,293,295,0.9932,-14.42,52.67,54.60828966374977,111.66
hosted,57,True,c6ae6aa777ba4e949a81d31e46a5f55f,58,0,1920,1080,hold-current-view,,,,False,,5,5,0,0.0,0.9467,0.0322,5,0.30613999999999997,7,3,2,0,4,3,0.2857142857142857,1,0.14578571428571427,0.03504285714285714,21,21,0,10,14,affine,True,accepted,0.9933,297,299,0.9933,-14.48,52.53,54.48918516549867,116.85
hosted,58,True,c6ae6aa777ba4e949a81d31e46a5f55f,59,0,1920,1080,hold-current-view,,,,False,,4,4,1,0.25,0.7857,0.0587,3,0.3483,7,3,0,0,5,2,0.7142857142857143,2,0.15807142857142858,0.04571428571428571,20,20,0,10,13,affine,True,accepted,0.9966,296,297,0.9966,-14.52,52.37,54.3456281590341,114.42
hosted,59,True,c6ae6aa777ba4e949a81d31e46a5f55f,60,0,1920,1080,hold-current-view,,,,False,,1,1,0,0.0,0.9985,0.0526,1,0.3194,6,1,0,1,5,1,1.3333333333333333,2,0.17186666666666664,0.05291666666666665,18,18,0,9,12,affine,True,accepted,0.9933,296,298,0.9933,-14.55,52.43,54.41146386562303,114.2
hosted,60,True,c6ae6aa777ba4e949a81d31e46a5f55f,61,0,1920,1080,hold-current-view,,,,False,,1,1,0,0.0,0.9998,0.0644,1,0.5596,3,1,0,3,3,0,1.3333333333333333,2,0.22553333333333334,0.08889999999999999,9,9,0,5,6,affine,True,accepted,0.9896,285,288,0.9896,-14.5,52.55,54.51378266090145,114.0
hosted,61,True,c6ae6aa777ba4e949a81d31e46a5f55f,62,0,1920,1080,hold-current-view,,,,False,,2,2,0,0.0,0.9857,0.0252,2,0.37675000000000003,2,2,0,1,2,0,0.0,0,0.29085,0.12299999999999998,6,6,0,4,4,affine,True,accepted,0.9898,290,293,0.9898,-14.79,52.58,54.62051354573664,109.54
hosted,62,True,c6ae6aa777ba4e949a81d31e46a5f55f,63,0,1920,1080,hold-current-view,,,,False,,1,1,0,0.0,0.9769,0.0104,1,0.2086,2,1,0,0,2,0,0.5,1,0.2899,0.12,6,6,0,4,4,affine,True,accepted,0.9932,292,294,0.9932,-14.69,52.61,54.62241481296849,114.61
hosted,63,True,c6ae6aa777ba4e949a81d31e46a5f55f,64,0,1920,1080,hold-current-view,,,,False,,0,0,,,,,0,,1,0,0,1,1,0,1.0,1,0.1567,0.01100000000000001,3,3,0,3,2,affine,True,accepted,0.9897,288,291,0.9897,-14.69,52.19,54.21800623409164,92.32
hosted,64,True,c6ae6aa777ba4e949a81d31e46a5f55f,65,0,1920,1080,hold-current-view,,,,False,,1,1,0,0.0,0.9692,0.0724,1,0.4454,2,0,1,0,1,1,1.0,2,0.13625,0.016100000000000003,6,6,0,6,4,affine,True,accepted,0.9898,291,294,0.9898,-14.61,52.44,54.43717204264013,114.32
hosted,65,True,c6ae6aa777ba4e949a81d31e46a5f55f,66,0,1920,1080,hold-current-view,,,,False,,2,2,0,0.0,0.9904,0.0234,2,0.2112,3,1,1,0,1,2,0.3333333333333333,1,0.1198,0.01446666666666666,9,9,0,8,6,affine,True,accepted,0.9932,291,293,0.9932,-14.75,52.46,54.49416574276553,108.56
hosted,66,True,c6ae6aa777ba4e949a81d31e46a5f55f,67,0,1920,1080,hold-current-view,,,,False,,0,0,,,,,0,,3,0,0,0,1,2,1.3333333333333333,2,0.1198,0.01446666666666666,9,9,0,8,6,affine,True,accepted,0.9966,290,291,0.9966,-14.55,52.57,54.546378431569586,92.18
hosted,67,True,c6ae6aa777ba4e949a81d31e46a5f55f,68,0,1920,1080,hold-current-view,,,,False,,2,2,0,0.0,0.9653,0.0211,2,0.293,4,1,1,0,2,2,1.0,2,0.117825,0.015824999999999995,12,12,0,8,8,affine,True,accepted,0.9897,287,290,0.9897,-14.9,52.58,54.65040164536762,109.05
hosted,68,True,c6ae6aa777ba4e949a81d31e46a5f55f,69,0,1920,1080,hold-current-view,,,,False,,0,0,,,,,0,,2,0,0,2,1,1,1.0,1,0.11385,0.02055,6,6,0,6,4,affine,True,accepted,0.9933,295,297,0.9933,-14.42,52.71,54.64687090767412,92.27
hosted,69,True,c6ae6aa777ba4e949a81d31e46a5f55f,70,0,1920,1080,hold-current-view,,,,False,,2,2,0,0.0,0.9256,0.0416,2,0.27454999999999996,3,1,1,0,2,1,0.6666666666666666,2,0.11116666666666668,0.018933333333333333,9,9,0,8,6,affine,True,accepted,0.9932,294,296,0.9932,-14.43,52.43,54.3794979748802,109.12
hosted,70,True,c6ae6aa777ba4e949a81d31e46a5f55f,71,0,1920,1080,hold-current-view,,,,False,,1,1,0,0.0,0.9108,0.0131,1,0.1661,2,1,0,1,1,1,0.5,1,0.09545000000000001,0.009500000000000001,6,6,0,5,4,affine,True,accepted,0.9966,290,291,0.9966,-14.8,52.56,54.6039705516,116.03
hosted,71,True,c6ae6aa777ba4e949a81d31e46a5f55f,72,0,1920,1080,hold-current-view,,,,False,,1,1,0,0.0,0.9571,0.0305,1,0.2359,2,1,0,0,1,1,1.0,2,0.1032,0.012950000000000003,6,6,0,5,4,affine,True,accepted,0.9831,291,296,0.9831,-14.45,52.34,54.298048767888524,114.72
hosted,72,True,c6ae6aa777ba4e949a81d31e46a5f55f,73,0,1920,1080,hold-current-view,,,,False,,1,1,0,0.0,0.9271,0.0038,1,0.2041,1,1,0,1,1,0,0.0,0,0.1214,0.01029999999999999,3,3,0,3,2,affine,True,accepted,0.9898,290,293,0.9898,-14.41,52.67,54.6056498908309,116.09
hosted,73,True,c6ae6aa777ba4e949a81d31e46a5f55f,74,0,1920,1080,hold-current-view,,,,False,,1,1,0,0.0,0.9344,0.0049,1,0.2495,1,1,0,0,1,0,0.0,0,0.1315,0.010300000000000004,3,3,0,3,2,affine,True,accepted,0.9863,287,291,0.9863,-14.77,52.23,54.27822583688601,113.78
hosted,74,True,c6ae6aa777ba4e949a81d31e46a5f55f,75,0,1920,1080,hold-current-view,,,,False,,0,0,,,,,0,,1,0,0,0,1,0,1.0,1,0.1315,0.010300000000000004,3,3,0,3,2,affine,True,accepted,0.9863,288,292,0.9863,-14.58,52.2,54.19793723011975,94.22
hosted,75,True,c6ae6aa777ba4e949a81d31e46a5f55f,76,0,1920,1080,hold-current-view,,,,False,,1,1,0,0.0,0.9369,0.0063,1,0.2095,2,0,1,0,1,1,1.0,2,0.10365,0.005550000000000006,6,6,0,5,4,affine,True,accepted,0.9898,290,293,0.9898,-14.56,52.14,54.13476886438142,114.69
hosted,76,True,c6ae6aa777ba4e949a81d31e46a5f55f,77,0,1920,1080,hold-current-view,,,,False,,1,1,0,0.0,0.7625,0.0126,1,0.1755,1,1,0,1,1,0,0.0,0,0.0851,0.002599999999999991,3,3,0,3,2,affine,True,accepted,0.9932,293,295,0.9932,-14.75,52.23,54.27278691941294,113.7
hosted,77,True,c6ae6aa777ba4e949a81d31e46a5f55f,78,0,1920,1080,hold-current-view,,,,False,,0,0,,,,,0,,1,0,0,0,1,0,1.0,1,0.0851,0.002599999999999991,3,3,0,3,2,affine,True,accepted,0.9729,287,295,0.9729,-14.93,52.02,54.1201007020497,92.24
hosted,78,True,c6ae6aa777ba4e949a81d31e46a5f55f,79,0,1920,1080,hold-current-view,,,,False,,0,0,,,,,0,,1,0,0,0,1,0,2.0,2,0.0851,0.002599999999999991,3,3,0,3,2,affine,True,accepted,0.9896,286,289,0.9896,-15.05,52.33,54.45118364186402,93.76
hosted,79,True,c6ae6aa777ba4e949a81d31e46a5f55f,80,0,1920,1080,hold-current-view,,,,False,,1,1,0,0.0,0.9989,0.0309,1,0.3124,1,0,1,1,0,1,0.0,0,0.088,0.0058,3,3,0,3,2,affine,True,accepted,0.9898,291,294,0.9898,-14.72,52.16,54.19726930390497,113.97
hosted,80,True,c6ae6aa777ba4e949a81d31e46a5f55f,81,0,1920,1080,hold-current-view,,,,False,,1,1,0,0.0,0.8984,0.0525,1,0.2288,2,0,1,0,0,2,0.5,1,0.08465,0.00775,6,6,0,5,4,affine,True,accepted,0.9897,289,292,0.9897,-14.9,52.18,54.26566501942089,113.92
hosted,81,True,c6ae6aa777ba4e949a81d31e46a5f55f,82,0,1920,1080,hold-current-view,,,,False,,0,0,,,,,0,,2,0,0,0,0,2,1.5,2,0.08465,0.00775,6,6,0,5,4,affine,True,accepted,0.9932,293,295,0.9932,-15.3,52.09,54.290497326880335,92.69
hosted,82,True,c6ae6aa777ba4e949a81d31e46a5f55f,83,0,1920,1080,hold-current-view,,,,False,,0,0,,,,,0,,1,0,0,1,0,1,2.0,2,0.0813,0.0097,3,3,0,3,2,affine,True,accepted,0.9829,287,292,0.9829,-15.1,52.23,54.368951617628234,92.54
hosted,83,True,c6ae6aa777ba4e949a81d31e46a5f55f,84,0,1920,1080,hold-current-view,,,,False,,0,0,,,,,0,,0,0,0,1,0,0,,,,,0,0,0,0,0,affine,True,accepted,0.9965,287,288,0.9965,-15.13,51.96,54.11800532170416,92.31
hosted,84,True,c6ae6aa777ba4e949a81d31e46a5f55f,85,0,1920,1080,hold-current-view,,,,False,,0,0,,,,,0,,0,0,0,0,0,0,,,,,0,0,0,0,0,affine,True,accepted,0.9933,295,297,0.9933,-14.7,51.92,53.96087842131557,92.62
hosted,85,True,c6ae6aa777ba4e949a81d31e46a5f55f,86,0,1920,1080,hold-current-view,,,,False,,0,0,,,,,0,,0,0,0,0,0,0,,,,,0,0,0,0,0,affine,True,accepted,0.9861,283,287,0.9861,-14.36,52.54,54.467065278019156,92.82
hosted,86,True,c6ae6aa777ba4e949a81d31e46a5f55f,87,0,1920,1080,hold-current-view,,,,False,,1,1,0,0.0,0.9488,0.0352,1,0.3122,1,0,1,0,0,1,0.0,0,0.0858,0.006400000000000003,3,3,0,3,2,affine,True,accepted,0.9825,281,286,0.9825,-14.32,52.59,54.50477502017599,115.96
hosted,87,True,c6ae6aa777ba4e949a81d31e46a5f55f,88,0,1920,1080,hold-current-view,,,,False,,0,0,,,,,0,,1,0,0,0,0,1,1.0,1,0.0858,0.006400000000000003,3,3,0,3,2,affine,True,accepted,0.9896,286,289,0.9896,-14.37,52.66,54.58546051834682,92.62
hosted,88,True,c6ae6aa777ba4e949a81d31e46a5f55f,89,0,1920,1080,hold-current-view,,,,False,,1,1,0,0.0,0.6872,0.0052,1,0.2801,1,0,1,1,0,1,0.0,0,0.0776,0.0006000000000000033,3,3,0,3,2,affine,True,accepted,0.9895,282,285,0.9895,-14.53,52.4,54.37720938040127,114.07
hosted,89,True,c6ae6aa777ba4e949a81d31e46a5f55f,90,0,1920,1080,hold-current-view,,,,False,,0,0,,,,,0,,1,0,0,0,0,1,1.0,1,0.0776,0.0006000000000000033,3,3,0,3,2,affine,True,accepted,0.9864,291,295,0.9864,-14.6,52.46,54.45375652790173,92.57
hosted,90,True,c6ae6aa777ba4e949a81d31e46a5f55f,91,0,1920,1080,hold-current-view,,,,False,,0,0,,,,,0,,1,0,0,0,0,1,2.0,2,0.0776,0.0006000000000000033,2,2,0,2,1,affine,True,accepted,0.9898,291,294,0.9898,-14.77,52.06,54.114660675273576,92.91
hosted,91,True,c6ae6aa777ba4e949a81d31e46a5f55f,92,0,1920,1080,hold-current-view,,,,False,,0,0,,,,,0,,0,0,0,1,0,0,,,,,0,0,0,0,0,affine,True,accepted,0.9898,291,294,0.9898,-14.31,52.59,54.5021485815009,92.98
hosted,92,True,c6ae6aa777ba4e949a81d31e46a5f55f,93,0,1920,1080,hold-current-view,,,,False,,0,0,,,,,0,,0,0,0,0,0,0,,,,,0,0,0,0,0,affine,True,accepted,0.9826,282,287,0.9826,-14.76,52.26,54.30437551431744,92.99
hosted,93,True,c6ae6aa777ba4e949a81d31e46a5f55f,94,0,1920,1080,hold-current-view,,,,False,,0,0,,,,,0,,0,0,0,0,0,0,,,,,0,0,0,0,0,affine,True,accepted,0.993,285,287,0.993,-14.4,52.58,54.51620309596038,93.21
hosted,94,True,c6ae6aa777ba4e949a81d31e46a5f55f,95,0,1920,1080,hold-current-view,,,,False,,0,0,,,,,0,,0,0,0,0,0,0,,,,,0,0,0,0,0,affine,True,accepted,0.9931,288,290,0.9931,-14.56,52.76,54.73217700767986,92.85
hosted,95,True,c6ae6aa777ba4e949a81d31e46a5f55f,96,0,1920,1080,hold-current-view,,,,False,,1,1,0,0.0,0.8416,0.0158,1,0.2078,1,0,1,0,0,1,0.0,0,0.0759,0.0021999999999999936,3,3,0,3,2,affine,True,accepted,0.9898,291,294,0.9898,-14.34,52.78,54.69336339995923,113.74
hosted,96,True,c6ae6aa777ba4e949a81d31e46a5f55f,97,0,1920,1080,hold-current-view,,,,False,,0,0,,,,,0,,1,0,0,0,0,1,1.0,1,0.0759,0.0021999999999999936,3,3,0,3,2,affine,True,accepted,0.9932,290,292,0.9932,-14.97,52.47,54.56374070754313,92.43
hosted,97,True,c6ae6aa777ba4e949a81d31e46a5f55f,98,0,1920,1080,hold-current-view,,,,False,,1,1,0,0.0,0.5651,0.0181,1,0.1739,1,1,0,0,1,0,0.0,0,0.0839,0.004299999999999998,3,3,0,3,2,affine,True,accepted,0.976,285,292,0.976,-14.36,52.43,54.36096485530771,113.67
hosted,98,True,c6ae6aa777ba4e949a81d31e46a5f55f,99,0,1920,1080,hold-current-view,,,,False,,1,1,0,0.0,0.6312,0.0302,1,0.2351,1,1,0,0,1,0,0.0,0,0.088,9.999999999998899e-05,3,3,0,3,2,affine,True,accepted,0.9829,288,293,0.9829,-14.65,51.77,53.80293114691801,115.97
hosted,99,True,c6ae6aa777ba4e949a81d31e46a5f55f,100,0,1920,1080,hold-current-view,,,,False,,1,1,0,0.0,0.6834,0.0094,1,0.1871,1,1,0,0,1,0,0.0,0,0.0953,0.0012999999999999956,3,3,0,3,2,affine,True,accepted,0.9966,293,294,0.9966,-14.45,52.1,54.06674116312172,112.35
hosted,100,True,c6ae6aa777ba4e949a81d31e46a5f55f,101,0,1920,1080,hold-current-view,,,,False,,2,2,1,0.5,0.5406,0.001,1,0.2081,2,0,1,0,1,1,0.5,1,0.08629999999999999,0.0006999999999999923,6,6,0,5,4,affine,True,accepted,0.9861,283,287,0.9861,-14.36,51.84,53.79214812591147,108.26
hosted,101,True,c6ae6aa777ba4e949a81d31e46a5f55f,102,0,1920,1080,hold-current-view,,,,False,,1,1,0,0.0,0.9975,0.0482,1,0.4132,2,1,0,0,2,0,1.0,2,0.10469999999999999,0.007149999999999997,6,6,0,5,4,affine,True,accepted,0.9966,292,293,0.9966,-14.32,52.37,54.292534477587246,112.92
hosted,102,True,c6ae6aa777ba4e949a81d31e46a5f55f,103,0,1920,1080,hold-current-view,,,,False,,3,3,0,0.0,0.9762,0.0403,3,0.3776333333333333,3,2,1,0,2,1,0.0,0,0.12576666666666667,0.0232,9,9,0,5,6,affine,True,accepted,0.9691,282,291,0.9691,-14.38,52.2,54.14447709600676,110.68
hosted,103,True,c6ae6aa777ba4e949a81d31e46a5f55f,104,0,1920,1080,hold-current-view,,,,False,,1,1,0,0.0,0.9825,0.0237,1,0.307,3,1,0,0,2,1,0.6666666666666666,1,0.13063333333333335,0.02669999999999999,9,9,0,5,6,affine,True,accepted,0.9898,290,293,0.9898,-14.38,52.27,54.21196639119449,112.19
hosted,104,True,c6ae6aa777ba4e949a81d31e46a5f55f,105,0,1920,1080,hold-current-view,,,,False,,1,1,0,0.0,0.991,0.0571,1,0.3358,3,1,0,0,2,1,1.3333333333333333,2,0.1388,0.03339999999999999,9,9,0,5,6,affine,True,accepted,1.0,295,295,1.0,-14.6,52.47,54.463390456342324,112.66
hosted,105,True,c6ae6aa777ba4e949a81d31e46a5f55f,106,0,1920,1080,hold-current-view,,,,False,,1,1,0,0.0,0.9929,0.0579,1,0.3221,1,1,0,2,1,0,0.0,0,0.2379,0.09309999999999999,3,3,0,3,2,affine,True,accepted,0.9931,287,289,0.9931,-14.88,52.53,54.596843315341964,114.86
hosted,106,True,c6ae6aa777ba4e949a81d31e46a5f55f,107,0,1920,1080,hold-current-view,,,,False,,1,1,0,0.0,0.9941,0.0065,1,0.295,1,1,0,0,1,0,0.0,0,0.236,0.08079999999999998,3,3,0,3,2,affine,True,accepted,1.0,300,300,1.0,-14.45,52.56,54.51014676186444,113.38
hosted,107,True,c6ae6aa777ba4e949a81d31e46a5f55f,108,0,1920,1080,hold-current-view,,,,False,,1,1,0,0.0,0.9946,0.0381,1,0.3872,1,1,0,0,1,0,0.0,0,0.2579,0.09040000000000001,3,3,0,3,2,affine,True,accepted,0.9933,295,297,0.9933,-14.54,52.56,54.53407375210475,114.6
hosted,108,True,c6ae6aa777ba4e949a81d31e46a5f55f,109,0,1920,1080,hold-current-view,,,,False,,1,1,0,0.0,0.5494,0.0122,1,0.1689,2,0,1,0,1,1,0.5,1,0.16495,0.04585,6,6,0,6,4,affine,True,accepted,0.9861,284,288,0.9861,-14.52,52.85,54.80832874664215,114.81
hosted,109,True,c6ae6aa777ba4e949a81d31e46a5f55f,110,0,1920,1080,hold-current-view,,,,False,,0,0,,,,,0,,2,0,0,0,1,1,1.5,2,0.16495,0.04585,6,6,0,6,4,affine,True,accepted,1.0,294,294,1.0,-14.42,52.74,54.67580817875489,91.61
hosted,110,True,c6ae6aa777ba4e949a81d31e46a5f55f,111,0,1920,1080,hold-current-view,,,,False,,1,1,0,0.0,0.996,0.0412,1,0.3744,2,1,0,0,1,1,1.0,2,0.1729,0.05034999999999999,5,5,0,5,3,affine,True,accepted,0.9932,293,295,0.9932,-14.64,52.74,54.73424156777912,113.32
hosted,111,True,c6ae6aa777ba4e949a81d31e46a5f55f,112,0,1920,1080,hold-current-view,,,,False,,0,0,,,,,0,,1,0,0,1,1,0,1.0,1,0.2738,0.09939999999999999,3,3,0,3,2,affine,True,accepted,0.9966,292,293,0.9966,-14.48,52.77,54.72059301579251,91.76
hosted,112,True,c6ae6aa777ba4e949a81d31e46a5f55f,113,0,1920,1080,hold-current-view,,,,False,,0,0,,,,,0,,1,0,0,0,1,0,2.0,2,0.2738,0.09939999999999999,3,3,0,3,2,affine,True,accepted,0.9966,296,297,0.9966,-14.35,52.76,54.676686988148795,91.62
hosted,113,True,c6ae6aa777ba4e949a81d31e46a5f55f,114,0,1920,1080,hold-current-view,,,,False,,0,0,,,,,0,,0,0,0,1,0,0,,,,,0,0,0,0,0,affine,True,accepted,0.99,297,300,0.99,-14.39,52.69,54.619668618548026,92.25
hosted,114,True,c6ae6aa777ba4e949a81d31e46a5f55f,115,0,1920,1080,hold-current-view,,,,False,,1,1,0,0.0,0.9909,0.0142,1,0.2588,1,0,1,0,0,1,0.0,0,0.0833,0.0022999999999999965,3,3,0,3,2,affine,True,accepted,0.9863,288,292,0.9863,-14.44,52.55,54.49785408619315,113.3
hosted,115,True,c6ae6aa777ba4e949a81d31e46a5f55f,116,0,1920,1080,hold-current-view,,,,False,,1,1,0,0.0,0.8749,0.0378,1,0.3383,2,0,1,0,0,2,0.5,1,0.08535000000000001,0.0046,6,6,0,5,4,affine,True,accepted,0.9966,291,292,0.9966,-14.49,52.63,54.588249651367285,112.7
hosted,116,True,c6ae6aa777ba4e949a81d31e46a5f55f,117,0,1920,1080,hold-current-view,,,,False,,0,0,,,,,0,,2,0,0,0,0,2,1.5,2,0.08535000000000001,0.0046,6,6,0,5,4,affine,True,accepted,0.9751,274,281,0.9751,-14.43,53.01,54.938920630096106,92.11
hosted,117,True,c6ae6aa777ba4e949a81d31e46a5f55f,118,0,1920,1080,hold-current-view,,,,False,,0,0,,,,,0,,1,0,0,1,0,1,2.0,2,0.0874,0.006900000000000003,3,3,0,3,2,affine,True,accepted,0.9964,275,276,0.9964,-14.44,52.24,54.19899630066963,91.57
hosted,118,True,c6ae6aa777ba4e949a81d31e46a5f55f,119,0,1920,1080,hold-current-view,,,,False,,0,0,,,,,0,,0,0,0,1,0,0,,,,,0,0,0,0,0,affine,True,accepted,0.9932,291,293,0.9932,-14.21,52.84,54.71736196126418,90.89
hosted,119,True,c6ae6aa777ba4e949a81d31e46a5f55f,120,0,1920,1080,hold-current-view,,,,False,,0,0,,,,,0,,0,0,0,0,0,0,,,,,0,0,0,0,0,affine,True,accepted,0.9865,292,296,0.9865,-14.14,52.6,54.467417783478595,91.89
hosted,120,True,c6ae6aa777ba4e949a81d31e46a5f55f,121,0,1920,1080,hold-current-view,,,,False,,0,0,,,,,0,,0,0,0,0,0,0,,,,,0,0,0,0,0,affine,True,accepted,0.9932,294,296,0.9932,-13.99,52.62,54.44799812665292,91.05
hosted,121,True,c6ae6aa777ba4e949a81d31e46a5f55f,122,0,1920,1080,hold-current-view,,,,False,,0,0,,,,,0,,0,0,0,0,0,0,,,,,0,0,0,0,0,affine,True,accepted,0.9966,297,298,0.9966,-14.17,52.16,54.05048103393715,91.19
hosted,122,True,c6ae6aa777ba4e949a81d31e46a5f55f,123,0,1920,1080,hold-current-view,,,,False,,0,0,,,,,0,,0,0,0,0,0,0,,,,,0,0,0,0,0,affine,True,accepted,1.0,297,297,1.0,-14.02,52.44,54.28180173870429,90.98
hosted,123,True,c6ae6aa777ba4e949a81d31e46a5f55f,124,0,1920,1080,hold-current-view,,,,False,,0,0,,,,,0,,0,0,0,0,0,0,,,,,0,0,0,0,0,affine,True,accepted,0.9899,294,297,0.9899,-13.91,52.68,54.48550724734055,91.23
hosted,124,True,c6ae6aa777ba4e949a81d31e46a5f55f,125,0,1920,1080,hold-current-view,,,,False,,0,0,,,,,0,,0,0,0,0,0,0,,,,,0,0,0,0,0,affine,True,accepted,0.9589,280,292,0.9589,-13.71,53.04,54.78326112965529,92.03
hosted,125,True,c6ae6aa777ba4e949a81d31e46a5f55f,126,0,1920,1080,hold-current-view,,,,False,,0,0,,,,,0,,0,0,0,0,0,0,,,,,0,0,0,0,0,affine,True,accepted,1.0,292,292,1.0,-13.81,53.11,54.87611684512672,90.77
hosted,126,True,c6ae6aa777ba4e949a81d31e46a5f55f,127,0,1920,1080,hold-current-view,,,,False,,0,0,,,,,0,,0,0,0,0,0,0,,,,,0,0,0,0,0,affine,True,accepted,1.0,299,299,1.0,-13.95,52.98,54.78579104110846,91.33
hosted,127,True,c6ae6aa777ba4e949a81d31e46a5f55f,128,0,1920,1080,hold-current-view,,,,False,,0,0,,,,,0,,0,0,0,0,0,0,,,,,0,0,0,0,0,affine,True,accepted,1.0,300,300,1.0,-13.96,52.97,54.778668293415095,91.63
hosted,128,True,c6ae6aa777ba4e949a81d31e46a5f55f,129,0,1920,1080,hold-current-view,,,,False,,0,0,,,,,0,,0,0,0,0,0,0,,,,,0,0,0,0,0,affine,True,accepted,1.0,300,300,1.0,-14.27,52.89,54.78124679121497,91.57
hosted,129,True,c6ae6aa777ba4e949a81d31e46a5f55f,130,0,1920,1080,hold-current-view,,,,False,,0,0,,,,,0,,0,0,0,0,0,0,,,,,0,0,0,0,0,affine,True,accepted,1.0,300,300,1.0,-14.24,52.82,54.70584977861143,91.49
hosted,130,True,c6ae6aa777ba4e949a81d31e46a5f55f,131,0,1920,1080,hold-current-view,,,,False,,0,0,,,,,0,,0,0,0,0,0,0,,,,,0,0,0,0,0,affine,True,accepted,1.0,300,300,1.0,-14.3,52.67,54.57672489257669,91.86
hosted,131,True,c6ae6aa777ba4e949a81d31e46a5f55f,132,0,1920,1080,hold-current-view,,,,False,,0,0,,,,,0,,0,0,0,0,0,0,,,,,0,0,0,0,0,affine,True,accepted,1.0,300,300,1.0,-14.67,52.73,54.73263925666293,91.56
hosted,132,True,c6ae6aa777ba4e949a81d31e46a5f55f,133,0,1920,1080,hold-current-view,,,,False,,0,0,,,,,0,,0,0,0,0,0,0,,,,,0,0,0,0,0,affine,True,accepted,1.0,300,300,1.0,-14.84,52.67,54.72069535376904,92.09
hosted,133,True,c6ae6aa777ba4e949a81d31e46a5f55f,134,0,1920,1080,hold-current-view,,,,False,,0,0,,,,,0,,0,0,0,0,0,0,,,,,0,0,0,0,0,affine,True,accepted,1.0,300,300,1.0,-15.09,52.52,54.64483964657597,92.21
hosted,134,True,c6ae6aa777ba4e949a81d31e46a5f55f,135,0,1920,1080,hold-current-view,,,,False,,0,0,,,,,0,,0,0,0,0,0,0,,,,,0,0,0,0,0,affine,True,accepted,1.0,271,271,1.0,-15.21,52.44,54.60126097445003,92.52
hosted,135,True,c6ae6aa777ba4e949a81d31e46a5f55f,136,0,1920,1080,hold-current-view,,,,False,,0,0,,,,,0,,0,0,0,0,0,0,,,,,0,0,0,0,0,affine,True,accepted,0.9791,281,287,0.9791,-14.87,52.59,54.65185266759033,92.44
hosted,136,True,c6ae6aa777ba4e949a81d31e46a5f55f,137,0,1920,1080,hold-current-view,,,,False,,0,0,,,,,0,,0,0,0,0,0,0,,,,,0,0,0,0,0,affine,True,accepted,0.9965,283,284,0.9965,-14.64,52.89,54.87879098522488,92.72
hosted,137,True,c6ae6aa777ba4e949a81d31e46a5f55f,138,0,1920,1080,hold-current-view,,,,False,,0,0,,,,,0,,0,0,0,0,0,0,,,,,0,0,0,0,0,affine,True,accepted,1.0,292,292,1.0,-14.32,52.38,54.30218043504331,92.27
hosted,138,True,c6ae6aa777ba4e949a81d31e46a5f55f,139,0,1920,1080,hold-current-view,,,,False,,0,0,,,,,0,,0,0,0,0,0,0,,,,,0,0,0,0,0,affine,True,accepted,0.993,285,287,0.993,-15.0,52.62,54.71621697449486,91.9
hosted,139,True,c6ae6aa777ba4e949a81d31e46a5f55f,140,0,1920,1080,hold-current-view,,,,False,,0,0,,,,,0,,0,0,0,0,0,0,,,,,0,0,0,0,0,affine,True,accepted,0.9811,259,264,0.9811,-14.97,52.29,54.39067015582727,92.53
hosted,140,True,c6ae6aa777ba4e949a81d31e46a5f55f,141,0,1920,1080,hold-current-view,,,,False,,0,0,,,,,0,,0,0,0,0,0,0,,,,,0,0,0,0,0,affine,True,accepted,0.9894,279,282,0.9894,-14.7,52.43,54.45176672983164,91.93
hosted,141,True,c6ae6aa777ba4e949a81d31e46a5f55f,142,0,1920,1080,hold-current-view,,,,False,,0,0,,,,,0,,0,0,0,0,0,0,,,,,0,0,0,0,0,affine,True,accepted,0.9966,291,292,0.9966,-14.64,52.64,54.63789161378759,92.76
hosted,142,True,c6ae6aa777ba4e949a81d31e46a5f55f,143,0,1920,1080,hold-current-view,,,,False,,0,0,,,,,0,,0,0,0,0,0,0,,,,,0,0,0,0,0,affine,True,accepted,0.9864,290,294,0.9864,-15.37,53.01,55.19326951721559,92.34
hosted,143,True,c6ae6aa777ba4e949a81d31e46a5f55f,144,0,1920,1080,hold-current-view,,,,False,,0,0,,,,,0,,0,0,0,0,0,0,,,,,0,0,0,0,0,affine,True,accepted,0.9897,287,290,0.9897,-15.01,52.48,54.58434299320639,91.37
hosted,144,True,c6ae6aa777ba4e949a81d31e46a5f55f,145,0,1920,1080,hold-current-view,,,,False,,0,0,,,,,0,,0,0,0,0,0,0,,,,,0,0,0,0,0,affine,True,accepted,0.9933,295,297,0.9933,-15.14,53.53,55.62985259732404,91.14
hosted,145,True,c6ae6aa777ba4e949a81d31e46a5f55f,146,0,1920,1080,hold-current-view,,,,False,,2,2,1,0.5,0.4067,0.0204,1,0.1974,1,0,1,0,0,1,0.0,0,0.0753,0.002800000000000011,3,3,0,3,2,affine,True,accepted,0.9932,291,293,0.9932,-14.78,53.18,55.19565924961854,108.02
hosted,146,True,c6ae6aa777ba4e949a81d31e46a5f55f,147,0,1920,1080,hold-current-view,,,,False,,1,1,0,0.0,0.5822,0.0051,1,0.1845,1,1,0,0,1,0,0.0,0,0.0828,0.003799999999999998,3,3,0,3,2,affine,True,accepted,0.9898,290,293,0.9898,-14.96,52.56,54.6475543826071,111.97
hosted,147,True,c6ae6aa777ba4e949a81d31e46a5f55f,148,0,1920,1080,hold-current-view,,,,False,,0,0,,,,,0,,1,0,0,0,1,0,1.0,1,0.0828,0.003799999999999998,3,3,0,3,2,affine,True,accepted,0.9897,287,290,0.9897,-15.14,53.01,55.1296626146034,90.97
hosted,148,True,c6ae6aa777ba4e949a81d31e46a5f55f,149,0,1920,1080,hold-current-view,,,,False,,0,0,,,,,0,,1,0,0,0,1,0,2.0,2,0.0828,0.003799999999999998,3,3,0,3,2,affine,True,accepted,0.9863,287,291,0.9863,-14.81,52.81,54.84735362804663,91.52
hosted,149,True,c6ae6aa777ba4e949a81d31e46a5f55f,150,0,1920,1080,hold-current-view,,,,False,,0,0,,,,,0,,0,0,0,1,0,0,,,,,0,0,0,0,0,affine,True,accepted,0.9966,296,297,0.9966,-15.22,52.63,54.78654305575412,90.99
hosted,150,True,c6ae6aa777ba4e949a81d31e46a5f55f,151,0,1920,1080,hold-current-view,,,,False,,0,0,,,,,0,,0,0,0,0,0,0,,,,,0,0,0,0,0,affine,True,accepted,0.9832,292,297,0.9832,-15.31,52.5,54.68680005266353,90.71
hosted,151,True,c6ae6aa777ba4e949a81d31e46a5f55f,152,0,1920,1080,hold-current-view,,,,False,,0,0,,,,,0,,0,0,0,0,0,0,,,,,0,0,0,0,0,affine,True,accepted,0.9899,294,297,0.9899,-15.57,52.77,55.01906760387712,92.6
hosted,152,True,c6ae6aa777ba4e949a81d31e46a5f55f,153,0,1920,1080,hold-current-view,,,,False,,0,0,,,,,0,,0,0,0,0,0,0,,,,,0,0,0,0,0,affine,True,accepted,1.0,291,291,1.0,-15.55,52.59,54.84077497628932,91.76
hosted,153,True,c6ae6aa777ba4e949a81d31e46a5f55f,154,0,1920,1080,hold-current-view,,,,False,,0,0,,,,,0,,0,0,0,0,0,0,,,,,0,0,0,0,0,affine,True,accepted,0.9827,284,289,0.9827,-15.76,53.06,55.351072257003295,92.94
hosted,154,True,c6ae6aa777ba4e949a81d31e46a5f55f,155,0,1920,1080,hold-current-view,,,,False,,0,0,,,,,0,,0,0,0,0,0,0,,,,,0,0,0,0,0,affine,True,accepted,0.9863,287,291,0.9863,-15.3,52.87,55.03932139843295,91.32
hosted,155,True,c6ae6aa777ba4e949a81d31e46a5f55f,156,0,1920,1080,hold-current-view,,,,False,,0,0,,,,,0,,0,0,0,0,0,0,,,,,0,0,0,0,0,affine,True,accepted,1.0,290,290,1.0,-15.33,53.03,55.20135686738144,92.11
hosted,156,True,c6ae6aa777ba4e949a81d31e46a5f55f,157,0,1920,1080,hold-current-view,,,,False,,0,0,,,,,0,,0,0,0,0,0,0,,,,,0,0,0,0,0,affine,True,accepted,0.9898,292,295,0.9898,-15.5,53.0,55.220014487502624,90.87
hosted,157,True,c6ae6aa777ba4e949a81d31e46a5f55f,158,0,1920,1080,hold-current-view,,,,False,,0,0,,,,,0,,0,0,0,0,0,0,,,,,0,0,0,0,0,affine,True,accepted,0.9897,289,292,0.9897,-15.76,53.08,55.370244716815186,91.65
hosted,158,True,c6ae6aa777ba4e949a81d31e46a5f55f,159,0,1920,1080,hold-current-view,,,,False,,0,0,,,,,0,,0,0,0,0,0,0,,,,,0,0,0,0,0,affine,True,accepted,0.9966,295,296,0.9966,-15.84,52.95,55.26850911685605,91.45
hosted,159,True,c6ae6aa777ba4e949a81d31e46a5f55f,160,0,1920,1080,hold-current-view,,,,False,,1,1,0,0.0,0.5754,0.0022,1,0.1433,1,0,1,0,0,1,0.0,0,0.0696,0.00019999999999999185,3,3,0,3,2,affine,True,accepted,0.9966,289,290,0.9966,-15.43,53.13,55.32523655620462,115.82
hosted,160,True,c6ae6aa777ba4e949a81d31e46a5f55f,161,0,1920,1080,hold-current-view,,,,False,,1,1,0,0.0,0.6273,0.0168,1,0.1648,1,1,0,0,1,0,0.0,0,0.0781,0.0022999999999999965,3,3,0,3,2,affine,True,accepted,0.9762,287,294,0.9762,-15.45,52.43,54.6590102361907,114.95
hosted,161,True,c6ae6aa777ba4e949a81d31e46a5f55f,162,0,1920,1080,hold-current-view,,,,False,,1,1,0,0.0,0.6885,0.0233,1,0.1897,1,1,0,0,1,0,0.0,0,0.0841,0.0011999999999999927,3,3,0,3,2,affine,True,accepted,0.9862,286,290,0.9862,-15.33,53.18,55.34547226286898,113.57
hosted,162,True,c6ae6aa777ba4e949a81d31e46a5f55f,163,0,1920,1080,hold-current-view,,,,False,,1,1,1,1.0,0.471,0.0066,0,,1,0,0,0,1,0,1.0,1,0.0841,0.0011999999999999927,3,3,0,3,2,affine,True,accepted,0.9827,284,289,0.9827,-15.47,53.11,55.31720347233761,115.12
hosted,163,True,c6ae6aa777ba4e949a81d31e46a5f55f,164,0,1920,1080,hold-current-view,,,,False,,0,0,,,,,0,,1,0,0,0,1,0,2.0,2,0.0841,0.0011999999999999927,3,3,0,3,2,affine,True,accepted,0.9897,287,290,0.9897,-15.02,53.27,55.347026117037224,91.97
hosted,164,True,c6ae6aa777ba4e949a81d31e46a5f55f,165,0,1920,1080,hold-current-view,,,,False,,0,0,,,,,0,,0,0,0,1,0,0,,,,,0,0,0,0,0,affine,True,accepted,0.993,282,284,0.993,-14.72,52.98,54.98689662092233,91.94
hosted,165,True,c6ae6aa777ba4e949a81d31e46a5f55f,166,0,1920,1080,hold-current-view,,,,False,,0,0,,,,,0,,0,0,0,0,0,0,,,,,0,0,0,0,0,affine,True,accepted,0.9964,277,278,0.9964,-14.62,52.68,54.67107827727563,91.61
hosted,166,True,c6ae6aa777ba4e949a81d31e46a5f55f,167,0,1920,1080,hold-current-view,,,,False,,1,1,1,1.0,0.3693,0.028,0,,0,0,0,0,0,0,,,,,0,0,0,0,0,affine,True,accepted,0.9832,292,297,0.9832,-14.48,53.01,54.95207457412322,114.09
hosted,167,True,c6ae6aa777ba4e949a81d31e46a5f55f,168,0,1920,1080,hold-current-view,,,,False,,1,1,1,1.0,0.3313,0.0176,0,,0,0,0,0,0,0,,,,,0,0,0,0,0,affine,True,accepted,0.9931,287,289,0.9931,-14.58,52.78,54.756778575807395,113.34
hosted,168,True,c6ae6aa777ba4e949a81d31e46a5f55f,169,0,1920,1080,hold-current-view,,,,False,,1,1,0,0.0,0.7101,0.0004,1,0.1556,1,0,1,0,0,1,0.0,0,0.0708,0.0,3,3,0,3,2,affine,True,accepted,0.9966,292,293,0.9966,-14.68,52.32,54.340452703303825,113.66
hosted,169,True,c6ae6aa777ba4e949a81d31e46a5f55f,170,0,1920,1080,hold-current-view,,,,False,,0,0,,,,,0,,1,0,0,0,0,1,1.0,1,0.0708,0.0,3,3,0,3,2,affine,True,accepted,0.9932,290,292,0.9932,-14.38,52.82,54.74245884137832,91.73
hosted,170,True,c6ae6aa777ba4e949a81d31e46a5f55f,171,0,1920,1080,hold-current-view,,,,False,,0,0,,,,,0,,1,0,0,0,0,1,2.0,2,0.0708,0.0,2,2,0,2,1,affine,True,accepted,0.9898,291,294,0.9898,-14.27,52.92,54.810211639803036,92.58
hosted,171,True,c6ae6aa777ba4e949a81d31e46a5f55f,172,0,1920,1080,hold-current-view,,,,False,,0,0,,,,,0,,0,0,0,1,0,0,,,,,0,0,0,0,0,affine,True,accepted,0.9825,280,285,0.9825,-14.01,52.75,54.5787742625281,91.76
hosted,172,True,c6ae6aa777ba4e949a81d31e46a5f55f,173,0,1920,1080,hold-current-view,,,,False,,0,0,,,,,0,,0,0,0,0,0,0,,,,,0,0,0,0,0,affine,True,accepted,0.9896,285,288,0.9896,-14.0,52.55,54.38292470987562,92.06
hosted,173,True,c6ae6aa777ba4e949a81d31e46a5f55f,174,0,1920,1080,hold-current-view,,,,False,,1,1,0,0.0,0.9468,0.0535,1,0.3572,1,0,1,0,0,1,0.0,0,0.0934,0.0116,3,3,0,3,2,affine,True,accepted,0.9966,289,290,0.9966,-14.04,52.58,54.42221972687259,113.42
hosted,174,True,c6ae6aa777ba4e949a81d31e46a5f55f,175,0,1920,1080,hold-current-view,,,,False,,0,0,,,,,0,,1,0,0,0,0,1,1.0,1,0.0934,0.0116,3,3,0,3,2,affine,True,accepted,0.9828,286,291,0.9828,-13.92,52.64,54.44938934460147,92.12
hosted,175,True,c6ae6aa777ba4e949a81d31e46a5f55f,176,0,1920,1080,hold-current-view,,,,False,,0,0,,,,,0,,1,0,0,0,0,1,2.0,2,0.0934,0.0116,3,3,0,3,2,affine,True,accepted,0.9895,284,287,0.9895,-14.04,52.27,54.12277247148376,92.25
hosted,176,True,c6ae6aa777ba4e949a81d31e46a5f55f,177,0,1920,1080,hold-current-view,,,,False,,0,0,,,,,0,,0,0,0,1,0,0,,,,,0,0,0,0,0,affine,True,accepted,0.9932,290,292,0.9932,-13.95,52.44,54.2637641525171,92.38
hosted,177,True,c6ae6aa777ba4e949a81d31e46a5f55f,178,0,1920,1080,hold-current-view,,,,False,,0,0,,,,,0,,0,0,0,0,0,0,,,,,0,0,0,0,0,affine,True,accepted,0.9863,289,293,0.9863,-14.05,52.6,54.4441227314758,92.4
hosted,178,True,c6ae6aa777ba4e949a81d31e46a5f55f,179,0,1920,1080,hold-current-view,,,,False,,0,0,,,,,0,,0,0,0,0,0,0,,,,,0,0,0,0,0,affine,True,accepted,1.0,297,297,1.0,-13.92,52.39,54.20773468795758,92.32
hosted,179,True,c6ae6aa777ba4e949a81d31e46a5f55f,180,0,1920,1080,hold-current-view,,,,False,,1,1,0,0.0,0.7887,0.0433,1,0.308,1,0,1,0,0,1,0.0,0,0.0871,0.007800000000000001,3,3,0,3,2,affine,True,accepted,1.0,292,292,1.0,-14.01,52.54,54.3758374648152,113.65
hosted,180,True,c6ae6aa777ba4e949a81d31e46a5f55f,181,0,1920,1080,hold-current-view,,,,False,,0,0,,,,,0,,1,0,0,0,0,1,1.0,1,0.0871,0.007800000000000001,3,3,0,3,2,affine,True,accepted,0.99,297,300,0.99,-14.02,52.49,54.330106754910766,92.35
hosted,181,True,c6ae6aa777ba4e949a81d31e46a5f55f,182,0,1920,1080,hold-current-view,,,,False,,0,0,,,,,0,,1,0,0,0,0,1,2.0,2,0.0871,0.007800000000000001,3,3,0,3,2,affine,True,accepted,0.9932,293,295,0.9932,-14.04,52.47,54.31595069590516,92.54
hosted,182,True,c6ae6aa777ba4e949a81d31e46a5f55f,183,0,1920,1080,hold-current-view,,,,False,,0,0,,,,,0,,0,0,0,1,0,0,,,,,0,0,0,0,0,affine,True,accepted,0.9831,290,295,0.9831,-14.1,52.52,54.37977933018853,93.0
hosted,183,True,c6ae6aa777ba4e949a81d31e46a5f55f,184,0,1920,1080,hold-current-view,,,,False,,0,0,,,,,0,,0,0,0,0,0,0,,,,,0,0,0,0,0,affine,True,accepted,0.9932,294,296,0.9932,-14.1,52.4,54.26389223046942,93.55
hosted,184,True,c6ae6aa777ba4e949a81d31e46a5f55f,185,0,1920,1080,hold-current-view,,,,False,,0,0,,,,,0,,0,0,0,0,0,0,,,,,0,0,0,0,0,affine,True,accepted,0.9898,292,295,0.9898,-14.22,52.39,54.28554595838565,92.06
hosted,185,True,c6ae6aa777ba4e949a81d31e46a5f55f,186,0,1920,1080,hold-current-view,,,,False,,0,0,,,,,0,,0,0,0,0,0,0,,,,,0,0,0,0,0,affine,True,accepted,0.9966,293,294,0.9966,-14.16,52.45,54.32778386792526,92.8
hosted,186,True,c6ae6aa777ba4e949a81d31e46a5f55f,187,0,1920,1080,hold-current-view,,,,False,,1,1,0,0.0,0.9998,0.0581,1,0.5152,1,0,1,0,0,1,0.0,0,0.1128,0.015899999999999997,3,3,0,3,2,affine,True,accepted,0.9932,294,296,0.9932,-14.16,52.35,54.231246528177834,114.98
hosted,187,True,c6ae6aa777ba4e949a81d31e46a5f55f,188,0,1920,1080,hold-current-view,,,,False,,1,1,0,0.0,0.9996,0.0363,1,0.4338,1,1,0,0,1,0,0.0,0,0.1531,0.028700000000000017,3,3,0,3,2,affine,True,accepted,0.9898,292,295,0.9898,-15.34,51.4,53.640242355902906,114.92
hosted,188,True,c6ae6aa777ba4e949a81d31e46a5f55f,189,0,1920,1080,hold-current-view,,,,False,,0,0,,,,,0,,1,0,0,0,1,0,1.0,1,0.1531,0.028700000000000017,3,3,0,3,2,affine,True,accepted,0.9966,297,298,0.9966,-14.42,52.21,54.16475329953973,93.74
hosted,189,True,c6ae6aa777ba4e949a81d31e46a5f55f,190,0,1920,1080,hold-current-view,,,,False,,0,0,,,,,0,,1,0,0,0,1,0,2.0,2,0.1531,0.028700000000000017,3,3,0,3,2,affine,True,accepted,0.9933,296,298,0.9933,-14.27,52.37,54.279368087699766,93.52
hosted,190,True,c6ae6aa777ba4e949a81d31e46a5f55f,191,0,1920,1080,hold-current-view,,,,False,,1,1,0,0.0,0.9984,0.0471,1,0.5077,1,1,0,0,1,0,0.0,0,0.1824,0.009800000000000003,3,3,0,3,2,affine,True,accepted,0.9933,295,297,0.9933,-14.15,52.52,54.39276514390494,115.29
hosted,191,True,c6ae6aa777ba4e949a81d31e46a5f55f,192,0,1920,1080,hold-current-view,,,,False,,1,1,0,0.0,0.9903,0.0361,1,0.3414,1,1,0,0,1,0,0.0,0,0.1927,0.007000000000000006,3,3,0,3,2,affine,True,accepted,1.0,294,294,1.0,-14.15,52.51,54.38310951021466,115.36
hosted,192,True,c6ae6aa777ba4e949a81d31e46a5f55f,193,0,1920,1080,hold-current-view,,,,False,,1,1,0,0.0,0.9997,0.0238,1,0.401,1,1,0,0,1,0,0.0,0,0.2166,0.01679999999999998,3,3,0,3,2,affine,True,accepted,0.9899,293,296,0.9899,-14.32,52.51,54.42758951120286,115.07
hosted,193,True,c6ae6aa777ba4e949a81d31e46a5f55f,194,0,1920,1080,hold-current-view,,,,False,,1,1,0,0.0,0.9996,0.0251,1,0.4386,1,1,0,0,1,0,0.0,0,0.2315,0.0029000000000000137,3,3,0,3,2,affine,True,accepted,0.9865,293,297,0.9865,-14.29,52.43,54.342515584025,114.86
hosted,194,True,c6ae6aa777ba4e949a81d31e46a5f55f,195,0,1920,1080,hold-current-view,,,,False,,1,1,0,0.0,0.9997,0.0258,1,0.4431,1,1,0,0,1,0,0.0,0,0.2542,0.011099999999999971,3,3,0,3,2,affine,True,accepted,0.9966,294,295,0.9966,-14.32,52.36,54.282888648265576,114.6
hosted,195,True,c6ae6aa777ba4e949a81d31e46a5f55f,196,0,1920,1080,hold-current-view,,,,False,,1,1,0,0.0,0.9996,0.0044,1,0.3678,1,1,0,0,1,0,0.0,0,0.2581,0.011300000000000004,3,3,0,3,2,affine,True,accepted,0.9932,293,295,0.9932,-14.39,52.14,54.08929376503265,113.08
hosted,196,True,c6ae6aa777ba4e949a81d31e46a5f55f,197,0,1920,1080,hold-current-view,,,,False,,1,1,0,0.0,0.9997,0.0252,1,0.4262,1,1,0,0,1,0,0.0,0,0.2761,0.023900000000000032,3,3,0,3,2,affine,True,accepted,0.9932,291,293,0.9932,-14.33,52.46,54.381986907431035,112.95
hosted,197,True,c6ae6aa777ba4e949a81d31e46a5f55f,198,0,1920,1080,hold-current-view,,,,False,,1,1,0,0.0,0.9998,0.0167,1,0.4209,1,1,0,0,1,0,0.0,0,0.2872,0.029299999999999993,3,3,0,3,2,affine,True,accepted,1.0,295,295,1.0,-14.42,52.49,54.434699411313005,114.6
hosted,198,True,c6ae6aa777ba4e949a81d31e46a5f55f,199,0,1920,1080,hold-current-view,,,,False,,1,1,0,0.0,0.9998,0.0106,1,0.3898,1,1,0,0,1,0,0.0,0,0.2847,0.018699999999999994,3,3,0,3,2,affine,True,accepted,0.9966,293,294,0.9966,-14.29,52.35,54.26533515975,114.53
hosted,199,True,c6ae6aa777ba4e949a81d31e46a5f55f,200,0,1920,1080,hold-current-view,,,,False,,1,1,0,0.0,0.9997,0.0098,1,0.3968,1,1,0,0,1,0,0.0,0,0.2888,0.020699999999999996,3,3,0,3,2,affine,True,accepted,1.0,288,288,1.0,-14.45,52.54,54.490862536759316,115.58
hosted,200,True,c6ae6aa777ba4e949a81d31e46a5f55f,201,0,1920,1080,hold-current-view,,,,False,,1,1,0,0.0,0.9996,0.0166,1,0.387,1,1,0,0,1,0,0.0,0,0.2833,0.007799999999999974,3,3,0,3,2,affine,True,accepted,0.9932,291,293,0.9932,-14.41,52.49,54.43205121984657,115.51
hosted,201,True,c6ae6aa777ba4e949a81d31e46a5f55f,202,0,1920,1080,hold-current-view,,,,False,,1,1,0,0.0,0.9991,0.0085,1,0.3553,1,1,0,0,1,0,0.0,0,0.2807,0.010699999999999987,3,3,0,3,2,affine,True,accepted,1.0,295,295,1.0,-14.49,52.64,54.59789098490893,113.55
hosted,202,True,c6ae6aa777ba4e949a81d31e46a5f55f,203,0,1920,1080,hold-current-view,,,,False,,0,0,,,,,0,,1,0,0,0,1,0,1.0,1,0.2807,0.010699999999999987,3,3,0,3,2,affine,True,accepted,1.0,292,292,1.0,-14.42,52.47,54.41541417649966,92.55
hosted,203,True,c6ae6aa777ba4e949a81d31e46a5f55f,204,0,1920,1080,hold-current-view,,,,False,,1,1,0,0.0,0.9998,0.0009,1,0.366,1,1,0,0,1,0,0.0,0,0.2789,0.009199999999999986,3,3,0,3,2,affine,True,accepted,0.9966,292,293,0.9966,-14.43,52.41,54.360215231361984,114.62
hosted,204,True,c6ae6aa777ba4e949a81d31e46a5f55f,205,0,1920,1080,hold-current-view,,,,False,,1,1,0,0.0,0.9997,0.0128,1,0.3793,1,1,0,0,1,0,0.0,0,0.2752,0.0006999999999999784,3,3,0,3,2,affine,True,accepted,0.9966,295,296,0.9966,-14.34,52.23,54.1627962719799,115.07
hosted,205,True,c6ae6aa777ba4e949a81d31e46a5f55f,206,0,1920,1080,hold-current-view,,,,False,,1,1,0,0.0,0.9998,0.044,1,0.4559,1,1,0,0,1,0,0.0,0,0.3012,0.03080000000000005,3,3,0,3,2,affine,True,accepted,0.9931,289,291,0.9931,-14.45,52.41,54.36552768069119,115.11
hosted,206,True,c6ae6aa777ba4e949a81d31e46a5f55f,207,0,1920,1080,hold-current-view,,,,False,,1,1,0,0.0,0.9996,0.0024,1,0.37,1,1,0,0,1,0,0.0,0,0.2949,0.023799999999999988,3,3,0,3,2,affine,True,accepted,0.9933,295,297,0.9933,-14.23,52.4,54.29781671485512,114.43
hosted,207,True,c6ae6aa777ba4e949a81d31e46a5f55f,208,0,1920,1080,hold-current-view,,,,False,,1,1,0,0.0,0.9999,0.0222,1,0.3987,1,1,0,0,1,0,0.0,0,0.2878,0.006500000000000006,3,3,0,3,2,affine,True,accepted,0.9864,290,294,0.9864,-14.34,52.41,54.33639388108121,114.99
hosted,208,True,c6ae6aa777ba4e949a81d31e46a5f55f,209,0,1920,1080,hold-current-view,,,,False,,1,1,0,0.0,0.9999,0.0384,1,0.4405,1,1,0,0,1,0,0.0,0,0.3075,0.03149999999999997,3,3,0,3,2,affine,True,accepted,0.9932,294,296,0.9932,-14.88,52.49,54.55835866299499,114.16
hosted,209,True,c6ae6aa777ba4e949a81d31e46a5f55f,210,0,1920,1080,hold-current-view,,,,False,,2,2,0,0.0,0.9971,0.0138,2,0.30879999999999996,2,1,1,0,1,1,0.0,0,0.1898,0.012100000000000007,6,6,0,4,4,affine,True,accepted,0.9863,288,292,0.9863,-14.49,52.38,54.34725844051382,109.18
hosted,210,True,c6ae6aa777ba4e949a81d31e46a5f55f,211,0,1920,1080,hold-current-view,,,,False,,3,3,1,0.3333333333333333,0.8181,0.01,2,0.30885,2,2,0,0,2,0,0.0,0,0.19720000000000001,0.01270000000000001,6,6,0,3,4,affine,True,accepted,0.9931,288,290,0.9931,-14.44,52.24,54.19899630066963,111.4
hosted,211,True,c6ae6aa777ba4e949a81d31e46a5f55f,212,0,1920,1080,hold-current-view,,,,False,,1,1,0,0.0,0.9999,0.0182,1,0.4018,2,1,0,0,2,0,0.5,1,0.19440000000000002,0.0054500000000000035,6,6,0,3,4,affine,True,accepted,1.0,298,298,1.0,-14.58,52.26,54.255727808223156,113.96
hosted,212,True,c6ae6aa777ba4e949a81d31e46a5f55f,213,0,1920,1080,hold-current-view,,,,False,,0,0,,,,,0,,2,0,0,0,2,0,1.5,2,0.19440000000000002,0.0054500000000000035,6,6,0,3,4,affine,True,accepted,0.9898,291,294,0.9898,-14.32,52.19,54.11892922074493,93.82
hosted,213,True,c6ae6aa777ba4e949a81d31e46a5f55f,214,0,1920,1080,hold-current-view,,,,False,,1,1,0,0.0,0.7865,0.106,1,0.4135,2,0,1,1,1,1,1.0,2,0.1963,0.017599999999999998,6,6,0,4,4,affine,True,accepted,0.9966,296,297,0.9966,-14.29,52.13,54.053131269150356,114.59
hosted,214,True,c6ae6aa777ba4e949a81d31e46a5f55f,215,0,1920,1080,hold-current-view,,,,False,,0,0,,,,,0,,1,0,0,1,0,1,1.0,1,0.1019,0.0276,3,3,0,3,2,affine,True,accepted,0.99,296,299,0.99,-14.44,52.08,54.04479623423517,92.6
hosted,215,True,c6ae6aa777ba4e949a81d31e46a5f55f,216,0,1920,1080,hold-current-view,,,,False,,0,0,,,,,0,,1,0,0,0,0,1,2.0,2,0.1019,0.0276,3,3,0,3,2,affine,True,accepted,0.9796,288,294,0.9796,-14.22,52.44,54.33380163397367,94.25
hosted,216,True,c6ae6aa777ba4e949a81d31e46a5f55f,217,0,1920,1080,hold-current-view,,,,False,,0,0,,,,,0,,0,0,0,1,0,0,,,,,0,0,0,0,0,affine,True,accepted,0.9764,289,296,0.9764,-14.25,52.5,54.39956341736577,92.79
hosted,217,True,c6ae6aa777ba4e949a81d31e46a5f55f,218,0,1920,1080,hold-current-view,,,,False,,0,0,,,,,0,,0,0,0,0,0,0,,,,,0,0,0,0,0,affine,True,accepted,0.9899,294,297,0.9899,-14.28,52.46,54.368832983612954,92.41
hosted,218,True,c6ae6aa777ba4e949a81d31e46a5f55f,219,0,1920,1080,hold-current-view,,,,False,,0,0,,,,,0,,0,0,0,0,0,0,,,,,0,0,0,0,0,affine,True,accepted,0.9966,297,298,0.9966,-14.4,52.35,54.29440578917869,92.93
hosted,219,True,c6ae6aa777ba4e949a81d31e46a5f55f,220,0,1920,1080,hold-current-view,,,,False,,0,0,,,,,0,,0,0,0,0,0,0,,,,,0,0,0,0,0,affine,True,accepted,0.9932,290,292,0.9932,-14.31,52.4,54.318837432330966,92.72
hosted,220,True,c6ae6aa777ba4e949a81d31e46a5f55f,221,0,1920,1080,hold-current-view,,,,False,,1,1,0,0.0,0.7933,0.0658,1,0.3749,1,0,1,0,0,1,0.0,0,0.0936,0.013999999999999999,3,3,0,3,2,affine,True,accepted,0.9932,293,295,0.9932,-14.51,52.19,54.169513566211755,114.05
hosted,221,True,c6ae6aa777ba4e949a81d31e46a5f55f,222,0,1920,1080,hold-current-view,,,,False,,1,1,1,1.0,0.4459,0.0396,0,,1,0,0,0,0,1,1.0,1,0.0936,0.013999999999999999,3,3,0,3,2,affine,True,accepted,0.9932,293,295,0.9932,-14.24,52.37,54.27148883161397,114.33
hosted,222,True,c6ae6aa777ba4e949a81d31e46a5f55f,223,0,1920,1080,hold-current-view,,,,False,,1,1,0,0.0,0.9219,0.0681,1,0.4262,1,1,0,0,1,0,0.0,0,0.1359,0.036599999999999994,3,3,0,3,2,affine,True,accepted,0.9897,287,290,0.9897,-14.66,51.98,54.007740186014075,114.87
hosted,223,True,c6ae6aa777ba4e949a81d31e46a5f55f,224,0,1920,1080,hold-current-view,,,,False,,1,1,0,0.0,0.8543,0.0897,1,0.422,1,1,0,0,1,0,0.0,0,0.182,0.0755,3,3,0,3,2,affine,True,accepted,0.9899,295,298,0.9899,-14.43,52.0,53.96503404983638,114.84
hosted,224,True,c6ae6aa777ba4e949a81d31e46a5f55f,225,0,1920,1080,hold-current-view,,,,False,,1,1,0,0.0,0.7033,0.0939,1,0.3855,1,1,0,0,1,0,0.0,0,0.2156,0.10950000000000001,3,3,0,3,2,affine,True,accepted,0.9864,291,295,0.9864,-14.53,52.37,54.348300801405,115.25
hosted,225,True,c6ae6aa777ba4e949a81d31e46a5f55f,226,0,1920,1080,hold-current-view,,,,False,,1,1,0,0.0,0.6447,0.0797,1,0.3763,1,1,0,0,1,0,0.0,0,0.2379,0.12819999999999998,3,3,0,3,2,affine,True,accepted,0.9932,292,294,0.9932,-14.51,52.11,54.09244124644403,116.76
hosted,226,True,c6ae6aa777ba4e949a81d31e46a5f55f,227,0,1920,1080,hold-current-view,,,,False,,1,1,0,0.0,0.8462,0.0733,1,0.4221,1,1,0,0,1,0,0.0,0,0.2706,0.1548,3,3,0,3,2,affine,True,accepted,1.0,292,292,1.0,-14.44,52.28,54.23755156715686,115.37
hosted,227,True,c6ae6aa777ba4e949a81d31e46a5f55f,228,0,1920,1080,hold-current-view,,,,False,,1,1,0,0.0,0.767,0.05,1,0.3478,1,1,0,0,1,0,0.0,0,0.276,0.15630000000000002,3,3,0,3,2,affine,True,accepted,1.0,292,292,1.0,-14.58,52.11,54.11126038081168,115.5
hosted,228,True,c6ae6aa777ba4e949a81d31e46a5f55f,229,0,1920,1080,hold-current-view,,,,False,,0,0,,,,,0,,0,0,0,1,0,0,,,,,0,0,0,0,0,affine,True,accepted,0.9866,295,299,0.9866,-14.56,52.15,54.144400449169254,93.28
hosted,229,True,c6ae6aa777ba4e949a81d31e46a5f55f,230,0,1920,1080,hold-current-view,,,,False,,0,0,,,,,0,,0,0,0,0,0,0,,,,,0,0,0,0,0,affine,True,accepted,0.9899,294,297,0.9899,-14.03,52.69,54.52592961151602,93.52
hosted,230,True,c6ae6aa777ba4e949a81d31e46a5f55f,231,0,1920,1080,hold-current-view,,,,False,,0,0,,,,,0,,0,0,0,0,0,0,,,,,0,0,0,0,0,affine,True,accepted,0.9932,294,296,0.9932,-14.24,52.14,54.04958094194626,93.01
hosted,231,True,c6ae6aa777ba4e949a81d31e46a5f55f,232,0,1920,1080,hold-current-view,,,,False,,0,0,,,,,0,,0,0,0,0,0,0,,,,,0,0,0,0,0,affine,True,accepted,0.9862,286,290,0.9862,-14.38,52.24,54.183041627431734,93.09
hosted,232,True,c6ae6aa777ba4e949a81d31e46a5f55f,233,0,1920,1080,hold-current-view,,,,False,,0,0,,,,,0,,0,0,0,0,0,0,,,,,0,0,0,0,0,affine,True,accepted,1.0,294,294,1.0,-14.48,51.96,53.939892473011106,93.29
hosted,233,True,c6ae6aa777ba4e949a81d31e46a5f55f,234,0,1920,1080,hold-current-view,,,,False,,0,0,,,,,0,,0,0,0,0,0,0,,,,,0,0,0,0,0,affine,True,accepted,0.9828,285,290,0.9828,-14.69,52.08,54.11212895460684,93.17
hosted,234,True,c6ae6aa777ba4e949a81d31e46a5f55f,235,0,1920,1080,hold-current-view,,,,False,,0,0,,,,,0,,0,0,0,0,0,0,,,,,0,0,0,0,0,affine,True,accepted,1.0,296,296,1.0,-14.76,52.12,54.16965940450429,93.09
hosted,235,True,c6ae6aa777ba4e949a81d31e46a5f55f,236,0,1920,1080,hold-current-view,,,,False,,0,0,,,,,0,,0,0,0,0,0,0,,,,,0,0,0,0,0,affine,True,accepted,1.0,291,291,1.0,-14.73,52.03,54.074890661008276,93.16
hosted,236,True,c6ae6aa777ba4e949a81d31e46a5f55f,237,0,1920,1080,hold-current-view,,,,False,,0,0,,,,,0,,0,0,0,0,0,0,,,,,0,0,0,0,0,affine,True,accepted,0.9966,292,293,0.9966,-14.76,52.24,54.28512871864633,93.63
hosted,237,True,c6ae6aa777ba4e949a81d31e46a5f55f,238,0,1920,1080,hold-current-view,,,,False,,0,0,,,,,0,,0,0,0,0,0,0,,,,,0,0,0,0,0,affine,True,accepted,0.9863,289,293,0.9863,-14.74,52.35,54.38556885792407,94.44
hosted,238,True,c6ae6aa777ba4e949a81d31e46a5f55f,239,0,1920,1080,hold-current-view,,,,False,,0,0,,,,,0,,0,0,0,0,0,0,,,,,0,0,0,0,0,affine,True,accepted,1.0,300,300,1.0,-0.03,-0.01,0.03162277660168379,94.13
hosted,239,True,c6ae6aa777ba4e949a81d31e46a5f55f,240,0,1920,1080,hold-current-view,,,,False,,0,0,,,,,0,,0,0,0,0,0,0,,,,,0,0,0,0,0,affine,True,accepted,0.993,282,284,0.993,-29.46,105.35,109.39156320301853,93.96
hosted,240,True,c6ae6aa777ba4e949a81d31e46a5f55f,241,0,1920,1080,hold-current-view,,,,False,,0,0,,,,,0,,0,0,0,0,0,0,,,,,0,0,0,0,0,affine,True,accepted,0.9933,296,298,0.9933,-14.74,52.27,54.30856746407513,93.36
hosted,241,True,c6ae6aa777ba4e949a81d31e46a5f55f,242,0,1920,1080,hold-current-view,,,,False,,1,1,0,0.0,0.798,0.0358,1,0.2782,1,0,1,0,0,1,0.0,0,0.083,0.0059000000000000025,3,3,0,3,2,affine,True,accepted,0.9865,293,297,0.9865,-14.69,52.46,54.47795609234987,115.78
hosted,242,True,c6ae6aa777ba4e949a81d31e46a5f55f,243,0,1920,1080,hold-current-view,,,,False,,0,0,,,,,0,,1,0,0,0,0,1,1.0,1,0.083,0.0059000000000000025,3,3,0,3,2,affine,True,accepted,0.9932,294,296,0.9932,-14.93,52.49,54.572016638566694,95.87
hosted,243,True,c6ae6aa777ba4e949a81d31e46a5f55f,244,0,1920,1080,hold-current-view,,,,False,,0,0,,,,,0,,1,0,0,0,0,1,2.0,2,0.083,0.0059000000000000025,3,3,0,3,2,affine,True,accepted,0.9932,291,293,0.9932,-14.79,52.43,54.476132388413916,94.33
hosted,244,True,c6ae6aa777ba4e949a81d31e46a5f55f,245,0,1920,1080,hold-current-view,,,,False,,2,2,1,0.5,0.6748,0.0168,1,0.1832,1,0,1,1,0,1,0.0,0,0.075,0.0015000000000000013,3,3,0,3,2,affine,True,accepted,1.0,296,296,1.0,-14.77,52.21,54.25898082345447,109.51
hosted,245,True,c6ae6aa777ba4e949a81d31e46a5f55f,246,0,1920,1080,hold-current-view,,,,False,,1,1,0,0.0,0.7227,0.0381,1,0.2821,2,0,1,0,0,2,0.5,1,0.07880000000000001,0.0037500000000000033,6,6,0,4,4,affine,True,accepted,0.9966,289,290,0.9966,-14.64,52.49,54.493391342437114,116.2
hosted,246,True,c6ae6aa777ba4e949a81d31e46a5f55f,247,0,1920,1080,hold-current-view,,,,False,,1,1,0,0.0,0.6886,0.0434,1,0.27,2,1,0,0,1,1,1.0,2,0.0881,0.007850000000000003,6,6,0,4,4,affine,True,accepted,0.9932,290,292,0.9932,-15.01,52.41,54.51704504097778,116.49
hosted,247,True,c6ae6aa777ba4e949a81d31e46a5f55f,248,0,1920,1080,hold-current-view,,,,False,,1,1,1,1.0,0.4007,0.0248,0,,1,0,0,1,1,0,1.0,1,0.1012,0.014200000000000004,3,3,0,3,2,affine,True,accepted,0.9896,286,289,0.9896,-14.74,52.22,54.26044599890421,115.25
hosted,248,True,c6ae6aa777ba4e949a81d31e46a5f55f,249,0,1920,1080,hold-current-view,,,,False,,0,0,,,,,0,,1,0,0,0,1,0,2.0,2,0.1012,0.014200000000000004,3,3,0,3,2,affine,True,accepted,0.9897,289,292,0.9897,-14.86,52.81,54.86087585884863,94.0
helsinki,0,True,local,0,0,1920,1080,hold-current-view,,,,False,,6,6,0,0.0,0.9932,0.1334,6,0.6237166666666667,6,0,6,0,0,6,0.0,0,0.16385,0.07683333333333332,18,18,0,10,12,identity,False,no-previous-frame,0.0,0,0,0.0,0.0,0.0,0.0,467.22
helsinki,1,True,local,1,0,1920,1080,hold-current-view,,,,False,,11,11,1,0.09090909090909091,0.9101,0.0905,10,0.51997,10,6,4,0,6,4,0.0,0,0.22738999999999993,0.13613000000000003,29,29,0,12,19,affine,True,accepted,0.9966,290,291,0.9966,-12.97,50.94,52.56524041607724,608.45
helsinki,2,True,local,2,0,1920,1080,hold-current-view,,,,False,,10,10,1,0.1,0.9116,0.1111,9,0.5486555555555555,10,9,0,0,10,0,0.1,1,0.31613,0.22544,27,27,0,11,17,affine,True,accepted,0.9966,293,294,0.9966,-12.99,51.24,52.86092791467059,464.59
helsinki,3,True,local,3,0,1920,1080,hold-current-view,,,,False,,10,10,1,0.1,0.8898,0.0954,9,0.506,10,9,0,0,10,0,0.2,2,0.3834,0.29611,26,26,0,11,16,affine,True,accepted,1.0,300,300,1.0,-13.03,51.34,52.96769298355367,408.08
helsinki,4,True,local,4,0,1920,1080,hold-current-view,,,,False,,13,13,3,0.23076923076923078,0.8345,0.0988,10,0.56634,12,7,3,1,9,3,0.16666666666666666,1,0.3831916666666666,0.30024999999999996,31,31,0,10,19,affine,True,accepted,0.9933,298,300,0.9933,-13.12,51.45,53.09648670109916,415.19
helsinki,5,True,local,5,0,1920,1080,hold-current-view,,,,False,,10,10,0,0.0,0.9636,0.1269,10,0.58908,13,9,1,0,10,3,0.23076923076923078,1,0.4001692307692308,0.31643076923076924,32,32,0,10,19,affine,True,accepted,1.0,299,299,1.0,-13.44,51.49,53.215164192173646,496.55
helsinki,6,True,local,6,0,1920,1080,hold-current-view,,,,False,,13,13,0,0.0,0.9211,0.1,13,0.5025692307692308,15,11,2,0,12,3,0.2,2,0.39321999999999996,0.30812000000000006,38,38,0,10,23,affine,True,accepted,0.9966,297,298,0.9966,-13.21,51.76,53.419113620501044,496.69
helsinki,7,True,local,7,0,1920,1080,hold-current-view,,,,False,,8,8,0,0.0,0.9324,0.1246,8,0.5783375000000001,14,8,0,1,13,1,0.5,2,0.42317142857142853,0.33680000000000004,35,35,0,9,21,affine,True,accepted,0.9966,297,298,0.9966,-13.33,51.89,53.57481684523056,400.48
helsinki,8,True,local,8,0,1920,1080,hold-current-view,,,,False,,10,10,0,0.0,0.9716,0.1147,10,0.5796399999999999,14,10,0,0,13,1,0.6428571428571429,3,0.44954999999999995,0.3612857142857143,34,34,0,9,20,affine,True,accepted,0.9966,297,298,0.9966,-13.48,51.7,53.42846058048089,416.3
helsinki,9,True,local,9,0,1920,1080,hold-current-view,,,,False,,9,9,1,0.1111111111111111,0.8569,0.117,8,0.5986750000000001,11,8,0,3,11,0,0.45454545454545453,3,0.5563090909090909,0.47113636363636374,22,22,0,7,12,affine,True,accepted,0.9933,295,297,0.9933,-13.42,51.66,53.37463817207569,419.6
helsinki,10,True,local,10,0,1920,1080,hold-current-view,,,,False,,8,8,2,0.25,0.7546,0.1049,6,0.6048333333333333,10,6,0,1,10,0,0.8,4,0.52872,0.43843000000000004,22,22,0,7,12,affine,True,accepted,0.9967,298,299,0.9967,-13.61,51.94,53.69353499258546,417.65
helsinki,11,True,local,11,0,1920,1080,hold-current-view,,,,False,,10,10,1,0.1,0.8855,0.1239,9,0.5842444444444443,12,7,2,0,10,2,0.8333333333333334,5,0.47292500000000004,0.3846333333333332,27,27,0,7,15,affine,True,accepted,0.9933,297,299,0.9933,-13.67,52.07,53.83450380564494,410.72
helsinki,12,True,local,12,0,1920,1080,hold-current-view,,,,False,,11,11,2,0.18181818181818182,0.7709,0.112,9,0.6058666666666668,13,7,2,1,9,4,0.6923076923076923,6,0.44270000000000004,0.3604153846153846,30,30,0,10,17,affine,True,accepted,0.9966,295,296,0.9966,-13.73,51.96,53.74341354994117,414.34
helsinki,13,True,local,13,0,1920,1080,hold-current-view,,,,False,,9,9,1,0.1111111111111111,0.8871,0.1321,8,0.6389875,13,8,0,0,11,2,1.0,7,0.47622307692307697,0.3942,29,29,0,10,16,affine,True,accepted,1.0,299,299,1.0,-13.4,52.43,54.11529266298021,403.79
helsinki,14,True,local,14,0,1920,1080,hold-current-view,,,,False,,6,6,0,0.0,0.9339,0.1587,6,0.6764833333333334,11,6,0,2,10,1,1.1818181818181819,8,0.5415454545454546,0.46730000000000005,22,22,0,10,11,affine,True,accepted,0.9899,295,298,0.9899,-13.46,52.1,53.81060861949064,438.5
helsinki,15,True,local,15,0,1920,1080,hold-current-view,,,,False,,11,11,0,0.0,0.9546,0.1016,11,0.5254454545454545,14,5,6,3,8,6,0.35714285714285715,2,0.43911428571428573,0.36902142857142856,33,33,0,10,19,affine,True,accepted,0.9966,297,298,0.9966,-13.67,52.34,54.0956976108082,526.65
helsinki,16,True,local,16,0,1920,1080,hold-current-view,,,,False,,5,5,0,0.0,0.991,0.1511,5,0.6751600000000001,12,5,0,2,6,6,0.6666666666666666,2,0.455675,0.3881416666666666,27,27,0,8,15,affine,True,accepted,0.9932,293,295,0.9932,-14.2,52.08,53.98116708630891,400.51
helsinki,17,True,local,17,0,1920,1080,hold-current-view,,,,False,,9,9,0,0.0,0.956,0.1433,9,0.6346222222222222,12,8,1,1,8,4,0.5,2,0.45560833333333334,0.3878,27,27,0,10,15,affine,True,accepted,0.9933,295,297,0.9933,-13.57,52.45,54.17700065525961,425.82
helsinki,18,True,local,18,0,1920,1080,hold-current-view,,,,False,,4,4,0,0.0,0.9973,0.1602,4,0.7062,7,4,0,5,6,1,0.42857142857142855,1,0.6036,0.5468714285714286,13,13,0,9,6,affine,True,accepted,0.9899,295,298,0.9899,-13.82,52.22,54.01778225732708,380.27
helsinki,19,True,local,19,0,1920,1080,hold-current-view,,,,False,,3,3,0,0.0,0.9953,0.1428,3,0.6711,4,3,0,3,3,1,0.5,2,0.73215,0.6843499999999999,6,6,0,5,2,affine,True,accepted,0.9865,293,297,0.9865,-13.85,52.55,54.34450294187996,394.8
helsinki,20,True,local,20,0,1920,1080,hold-current-view,,,,False,,5,5,1,0.2,0.8073,0.142,4,0.7344999999999999,4,4,0,0,4,0,0.0,0,0.7933250000000001,0.74695,7,7,0,6,3,affine,True,accepted,0.9966,295,296,0.9966,-13.84,52.55,54.34195524638398,385.58
helsinki,21,True,local,21,0,1920,1080,hold-current-view,,,,False,,6,6,1,0.16666666666666666,0.8784,0.1492,5,0.74126,5,4,1,0,4,1,0.0,0,0.71098,0.65706,8,8,0,8,3,affine,True,accepted,0.9966,295,296,0.9966,-13.76,52.46,54.23457568747081,449.03
helsinki,22,True,local,22,0,1920,1080,hold-current-view,,,,False,,5,5,1,0.2,0.8662,0.152,4,0.7266750000000001,4,4,0,1,4,0,0.0,0,0.7484500000000001,0.6898500000000001,7,7,0,7,3,affine,True,accepted,0.9966,294,295,0.9966,-13.87,52.5,54.30126057468648,394.89
helsinki,23,True,local,23,0,1920,1080,hold-current-view,,,,False,,3,3,0,0.0,0.9951,0.1367,3,0.6931333333333334,4,3,0,0,4,0,0.25,1,0.788775,0.729475,5,5,0,5,1,affine,True,accepted,0.9829,287,292,0.9829,-13.95,52.66,54.4763994772048,341.5
helsinki,24,True,local,24,0,1920,1080,hold-current-view,,,,False,,5,5,1,0.2,0.7959,0.0914,4,0.535275,5,3,1,0,4,1,0.4,2,0.6652600000000001,0.599,8,8,0,6,3,affine,True,accepted,0.9932,291,293,0.9932,-13.74,52.62,54.38429920482565,313.04
