dataset,frame_index,observation_ordinal,source,top_index,top_class,top_posterior,quality,level,x1_source,y1_source,x2_source,y2_source,width_px_source,height_px_source,short_side_px_source
hosted,3,0,yolo,3,large_launcher,0.1741,0.3477,0,1844.5,133.5,1907.0,197.0,62.5,63.5,62.5
hosted,4,0,yolo,3,large_launcher,0.1794,0.3579,0,1844.9,187.5,1911.0,252.9,66.09999999999991,65.4,65.4
hosted,6,0,yolo,14,jammer,0.2587,0.3961,0,1646.3,1857.4,1718.9,1925.5,72.60000000000014,68.09999999999991,68.09999999999991
hosted,9,0,yolo,8,small_launcher,0.228,0.4163,0,1729.3,961.1,1778.8,1018.3,49.5,57.19999999999993,49.5
hosted,11,0,yolo,14,jammer,0.2702,0.5026,0,2077.5,1185.1,2139.2,1257.4,61.69999999999982,72.30000000000018,61.69999999999982
hosted,12,0,yolo,10,small_tower,0.2724,0.4086,0,1840.8,651.8,1906.8,721.8,66.0,70.0,66.0
hosted,13,0,yolo,3,large_launcher,0.2504,0.4519,0,1229.3,515.3,1352.6,607.8,123.29999999999995,92.5,92.5
hosted,14,0,yolo,8,small_launcher,0.2887,0.4925,0,1232.4,257.4,1296.8,320.0,64.39999999999986,62.60000000000002,62.60000000000002
hosted,16,0,yolo,14,jammer,0.3403,0.4669,0,587.2,26.2,664.1,92.3,76.89999999999998,66.1,66.1
hosted,17,0,yolo,8,small_launcher,0.2086,0.3578,0,1217.4,430.7,1276.8,493.6,59.399999999999864,62.900000000000034,59.399999999999864
hosted,18,0,yolo,14,jammer,0.2857,0.4273,0,1555.1,792.2,1640.3,867.9,85.20000000000005,75.69999999999993,75.69999999999993
hosted,18,1,yolo,8,small_launcher,0.2782,0.4819,0,1215.2,487.3,1278.0,550.7,62.799999999999955,63.400000000000034,62.799999999999955
hosted,19,0,yolo,8,small_launcher,0.2472,0.4579,0,1207.4,541.4,1275.7,611.3,68.29999999999995,69.89999999999998,68.29999999999995
hosted,20,0,yolo,8,small_launcher,0.2678,0.4749,0,1205.0,606.1,1269.6,672.4,64.59999999999991,66.29999999999995,64.59999999999991
hosted,21,0,yolo,8,small_launcher,0.2098,0.4291,0,1196.5,668.1,1267.4,737.5,70.90000000000009,69.39999999999998,69.39999999999998
hosted,22,0,yolo,8,small_launcher,0.2286,0.4494,0,1191.2,730.3,1261.2,799.1,70.0,68.80000000000007,68.80000000000007
hosted,23,0,yolo,14,jammer,0.1968,0.3861,0,1188.3,793.0,1250.2,857.9,61.90000000000009,64.89999999999998,61.90000000000009
hosted,24,0,yolo,8,small_launcher,0.1841,0.3622,0,1180.0,856.8,1247.4,924.6,67.40000000000009,67.80000000000007,67.40000000000009
hosted,25,0,yolo,2,jet_plane,0.1597,0.305,0,562.9,461.0,629.1,529.7,66.20000000000005,68.70000000000005,66.20000000000005
hosted,25,1,yolo,8,small_launcher,0.1981,0.3852,0,1173.5,918.5,1246.4,990.7,72.90000000000009,72.20000000000005,72.20000000000005
hosted,26,0,yolo,8,small_launcher,0.1548,0.3522,0,1172.4,988.0,1240.5,1057.7,68.09999999999991,69.70000000000005,68.09999999999991
hosted,26,1,yolo,4,large_tower,0.2209,0.3766,0,554.3,516.6,626.5,594.6,72.20000000000005,78.0,72.20000000000005
hosted,27,0,yolo,8,small_launcher,0.1833,0.3796,0,1167.3,1054.0,1238.7,1125.2,71.40000000000009,71.20000000000005,71.20000000000005
hosted,27,1,yolo,10,small_tower,0.1259,0.3275,0,1146.6,1149.1,1219.6,1228.7,73.0,79.60000000000014,73.0
hosted,28,0,yolo,8,small_launcher,0.1551,0.3319,0,1160.8,1121.5,1231.2,1193.4,70.40000000000009,71.90000000000009,70.40000000000009
hosted,29,0,yolo,14,jammer,0.1645,0.3425,0,1155.8,1190.7,1220.6,1261.0,64.79999999999995,70.29999999999995,64.79999999999995
hosted,32,0,yolo,8,small_launcher,0.21,0.3909,0,1138.0,1407.5,1208.1,1478.6,70.09999999999991,71.09999999999991,70.09999999999991
hosted,33,0,yolo,14,jammer,0.1614,0.3597,0,1134.7,1477.5,1202.0,1546.3,67.29999999999995,68.79999999999995,67.29999999999995
hosted,35,0,yolo,12,tank,0.2003,0.3843,0,2149.6,265.2,2201.2,318.9,51.59999999999991,53.69999999999999,51.59999999999991
hosted,35,1,yolo,12,tank,0.1357,0.3029,0,2183.5,239.2,2232.3,279.5,48.80000000000018,40.30000000000001,40.30000000000001
hosted,35,2,yolo,2,jet_plane,0.3265,0.3957,0,1799.1,127.4,1904.0,215.1,104.90000000000009,87.69999999999999,87.69999999999999
hosted,36,0,yolo,3,large_launcher,0.1612,0.3774,0,1661.3,317.6,1726.5,380.9,65.20000000000005,63.299999999999955,63.299999999999955
hosted,37,0,yolo,8,small_launcher,0.1766,0.3723,0,1110.2,1784.7,1182.5,1861.0,72.29999999999995,76.29999999999995,72.29999999999995
hosted,37,1,yolo,8,small_launcher,0.1381,0.3495,0,1667.1,377.8,1720.3,438.3,53.200000000000045,60.5,53.200000000000045
hosted,37,2,yolo,12,tank,0.2591,0.3917,0,2201.3,447.0,2292.4,514.1,91.09999999999991,67.10000000000002,67.10000000000002
hosted,41,0,yolo,14,jammer,0.2372,0.3519,0,1660.8,619.1,1720.4,676.0,59.600000000000136,56.89999999999998,56.89999999999998
hosted,41,1,yolo,15,spacecraft,0.2278,0.4054,0,1077.0,24.4,1135.1,76.3,58.09999999999991,51.9,51.9
hosted,41,2,yolo,4,large_tower,0.1605,0.3534,0,2158.2,618.5,2214.4,671.8,56.20000000000027,53.299999999999955,53.299999999999955
hosted,42,0,yolo,14,jammer,0.2788,0.3843,0,1663.4,680.6,1719.1,737.4,55.69999999999982,56.799999999999955,55.69999999999982
hosted,42,1,yolo,12,tank,0.2164,0.4205,0,2156.4,676.5,2217.5,733.5,61.09999999999991,57.0,57.0
hosted,42,2,yolo,12,tank,0.231,0.4377,0,2307.9,2016.5,2386.8,2099.2,78.90000000000009,82.69999999999982,78.90000000000009
hosted,43,0,yolo,15,spacecraft,0.217,0.4085,0,1058.5,123.0,1128.0,191.0,69.5,68.0,68.0
hosted,43,1,yolo,15,spacecraft,0.3243,0.5367,0,1062.3,229.0,1109.9,287.9,47.600000000000136,58.89999999999998,47.600000000000136
hosted,44,0,yolo,15,spacecraft,0.2215,0.3678,0,1056.3,180.6,1120.3,243.0,64.0,62.400000000000006,62.400000000000006
hosted,44,1,yolo,15,spacecraft,0.303,0.5285,0,1056.9,291.5,1099.0,341.3,42.09999999999991,49.80000000000001,42.09999999999991
hosted,44,2,yolo,2,jet_plane,0.2801,0.4061,0,1343.4,124.1,1413.7,182.4,70.29999999999995,58.30000000000001,58.30000000000001
hosted,44,3,yolo,3,large_launcher,0.1916,0.3452,0,2159.9,799.8,2227.5,859.5,67.59999999999991,59.700000000000045,59.700000000000045
hosted,45,0,yolo,11,ta-ta,0.3697,0.4468,0,2260.1,2050.0,2333.7,2107.7,73.59999999999991,57.69999999999982,57.69999999999982
hosted,45,1,yolo,15,spacecraft,0.2441,0.3526,0,1055.8,238.6,1114.2,295.8,58.40000000000009,57.20000000000002,57.20000000000002
hosted,45,2,yolo,14,jammer,0.2354,0.4484,0,1648.7,871.4,1715.2,929.1,66.5,57.700000000000045,57.700000000000045
hosted,45,3,yolo,14,jammer,0.2026,0.3857,0,2159.1,867.5,2227.3,921.9,68.20000000000027,54.39999999999998,54.39999999999998
hosted,46,0,yolo,15,spacecraft,0.2548,0.4401,0,1047.4,296.1,1107.9,353.8,60.5,57.69999999999999,57.69999999999999
hosted,46,1,yolo,3,large_launcher,0.1653,0.4037,0,1644.5,937.2,1715.1,994.1,70.59999999999991,56.89999999999998,56.89999999999998
hosted,46,2,yolo,15,spacecraft,0.2858,0.5183,0,1039.2,404.9,1086.8,467.3,47.59999999999991,62.400000000000034,47.59999999999991
hosted,47,0,yolo,11,ta-ta,0.2431,0.4333,0,1033.4,349.7,1104.3,414.9,70.89999999999986,65.19999999999999,65.19999999999999
hosted,47,1,yolo,14,jammer,0.2714,0.4109,0,1644.9,1003.4,1713.3,1060.0,68.39999999999986,56.60000000000002,56.60000000000002
hosted,48,0,yolo,2,jet_plane,0.2766,0.4046,0,1321.8,340.2,1401.8,406.6,80.0,66.40000000000003,66.40000000000003
hosted,48,1,yolo,11,ta-ta,0.3843,0.3704,0,1651.2,1074.6,1708.4,1126.7,57.200000000000045,52.100000000000136,52.100000000000136
hosted,48,2,yolo,15,spacecraft,0.2943,0.4767,0,1023.1,514.6,1078.4,572.3,55.30000000000007,57.69999999999993,55.30000000000007
hosted,48,3,yolo,11,ta-ta,0.2131,0.4084,0,1032.0,407.2,1099.8,469.0,67.79999999999995,61.80000000000001,61.80000000000001
hosted,48,4,yolo,12,tank,0.2036,0.3686,0,2277.3,1146.4,2324.6,1201.8,47.29999999999973,55.399999999999864,47.29999999999973
hosted,49,0,yolo,15,spacecraft,0.1667,0.378,0,1030.4,466.4,1097.0,526.6,66.59999999999991,60.200000000000045,60.200000000000045
hosted,49,1,yolo,2,jet_plane,0.1899,0.3475,0,1323.7,399.0,1399.3,464.5,75.59999999999991,65.5,65.5
hosted,49,2,yolo,15,spacecraft,0.3148,0.5712,0,1025.9,577.6,1068.9,630.5,43.0,52.89999999999998,43.0
hosted,49,3,yolo,14,jammer,0.1886,0.3463,0,1844.6,131.6,1913.0,195.3,68.40000000000009,63.70000000000002,63.70000000000002
hosted,49,4,yolo,14,jammer,0.2933,0.3578,0,1651.3,1141.3,1708.5,1197.0,57.200000000000045,55.700000000000045,55.700000000000045
hosted,50,0,yolo,14,jammer,0.2103,0.4106,0,2175.2,1198.3,2230.3,1257.1,55.100000000000364,58.799999999999955,55.100000000000364
hosted,50,1,yolo,3,large_launcher,0.171,0.3679,0,983.5,516.3,1092.0,596.4,108.5,80.10000000000002,80.10000000000002
hosted,50,2,yolo,4,large_tower,0.268,0.3528,0,1300.7,459.8,1398.0,530.7,97.29999999999995,70.90000000000003,70.90000000000003
hosted,51,0,yolo,14,jammer,0.2847,0.4419,0,1637.1,1274.8,1704.6,1340.1,67.5,65.29999999999995,65.29999999999995
hosted,51,1,yolo,15,spacecraft,0.2723,0.4273,0,1007.4,704.6,1055.8,760.9,48.39999999999998,56.299999999999955,48.39999999999998
hosted,52,0,yolo,15,spacecraft,0.2432,0.4188,0,1003.1,773.1,1047.3,820.8,44.19999999999993,47.69999999999993,44.19999999999993
hosted,52,1,yolo,11,ta-ta,0.2069,0.3546,0,1012.2,650.0,1073.8,709.9,61.59999999999991,59.89999999999998,59.89999999999998
hosted,53,0,yolo,15,spacecraft,0.2911,0.5291,0,993.0,836.4,1044.8,891.7,51.799999999999955,55.30000000000007,51.799999999999955
hosted,53,1,yolo,14,jammer,0.5472,0.6528,0,1634.3,1421.3,1694.8,1481.5,60.5,60.200000000000045,60.200000000000045
hosted,53,2,yolo,15,spacecraft,0.2597,0.376,0,1273.7,55.7,1323.5,107.6,49.799999999999955,51.89999999999999,49.799999999999955
hosted,54,0,yolo,11,ta-ta,0.1635,0.3556,0,1001.3,768.3,1068.5,836.0,67.20000000000005,67.70000000000005,67.20000000000005
hosted,54,1,yolo,15,spacecraft,0.2328,0.469,0,993.2,906.3,1044.5,949.5,51.299999999999955,43.200000000000045,43.200000000000045
hosted,55,0,yolo,14,jammer,0.4342,0.591,0,1628.8,1563.4,1692.9,1630.5,64.10000000000014,67.09999999999991,64.10000000000014
hosted,55,1,yolo,4,large_tower,0.3497,0.4609,0,1286.3,766.1,1371.8,828.7,85.5,62.60000000000002,62.60000000000002
hosted,55,2,yolo,11,ta-ta,0.2115,0.4001,0,993.3,831.6,1056.8,898.0,63.5,66.39999999999998,63.5
hosted,56,0,yolo,11,ta-ta,0.2144,0.3883,0,986.8,897.4,1049.5,962.9,62.700000000000045,65.5,62.700000000000045
hosted,56,1,yolo,14,jammer,0.3228,0.5519,0,1625.3,1640.9,1690.7,1708.1,65.40000000000009,67.19999999999982,65.40000000000009
hosted,56,2,yolo,4,large_tower,0.1616,0.3178,0,2184.4,1642.1,2249.3,1697.5,64.90000000000009,55.40000000000009,55.40000000000009
hosted,57,0,yolo,8,small_launcher,0.2045,0.363,0,985.4,232.5,1041.2,287.7,55.80000000000007,55.19999999999999,55.19999999999999
hosted,57,1,yolo,14,jammer,0.3374,0.4461,0,1624.4,1719.7,1692.5,1784.9,68.09999999999991,65.20000000000005,65.20000000000005
hosted,57,2,yolo,11,ta-ta,0.3461,0.476,0,968.4,1087.6,1017.2,1146.3,48.80000000000007,58.700000000000045,48.80000000000007
hosted,57,3,yolo,4,large_tower,0.251,0.3436,0,1272.1,891.7,1372.4,965.1,100.30000000000018,73.39999999999998,73.39999999999998
hosted,57,4,yolo,15,spacecraft,0.3917,0.5512,0,1252.1,273.9,1304.3,332.5,52.200000000000045,58.60000000000002,52.200000000000045
hosted,58,0,yolo,14,jammer,0.4051,0.6008,0,1627.1,1801.0,1692.8,1862.8,65.70000000000005,61.799999999999955,61.799999999999955
hosted,58,1,yolo,11,ta-ta,0.2908,0.5193,0,973.3,1027.2,1043.5,1094.5,70.20000000000005,67.29999999999995,67.29999999999995
hosted,58,2,yolo,15,spacecraft,0.349,0.5176,0,1248.4,330.4,1306.4,392.6,58.0,62.200000000000045,58.0
hosted,59,0,yolo,14,jammer,0.3194,0.5074,0,1620.2,1876.9,1692.2,1943.7,72.0,66.79999999999995,66.79999999999995
hosted,60,0,yolo,14,jammer,0.5596,0.5432,0,1622.3,1965.9,1686.1,2027.0,63.799999999999955,61.09999999999991,61.09999999999991
hosted,61,0,yolo,14,jammer,0.5551,0.4995,0,1623.4,2045.4,1681.7,2102.5,58.299999999999955,57.09999999999991,57.09999999999991
hosted,61,1,yolo,15,spacecraft,0.1984,0.3468,0,949.1,1233.8,1018.7,1305.8,69.60000000000002,72.0,69.60000000000002
hosted,62,0,yolo,15,spacecraft,0.2086,0.3768,0,940.1,1302.7,1013.3,1373.5,73.19999999999993,70.79999999999995,70.79999999999995
hosted,64,0,yolo,2,jet_plane,0.4454,0.5586,0,1231.7,1366.7,1341.4,1448.5,109.70000000000005,81.79999999999995,81.79999999999995
hosted,65,0,yolo,14,jammer,0.1918,0.3954,0,1815.4,1283.8,1895.9,1355.9,80.5,72.10000000000014,72.10000000000014
hosted,65,1,yolo,11,ta-ta,0.2306,0.4407,0,917.8,1519.3,992.6,1588.1,74.80000000000007,68.79999999999995,68.79999999999995
hosted,67,0,yolo,8,small_launcher,0.1974,0.3715,0,1199.0,882.7,1260.4,946.0,61.40000000000009,63.299999999999955,61.40000000000009
hosted,67,1,yolo,2,jet_plane,0.3886,0.4402,0,1227.6,1593.9,1324.4,1670.4,96.80000000000018,76.5,76.5
hosted,69,0,yolo,15,spacecraft,0.2395,0.375,0,1187.5,1005.5,1251.7,1078.3,64.20000000000005,72.79999999999995,64.20000000000005
hosted,69,1,yolo,3,large_launcher,0.3096,0.5442,0,1805.9,1568.3,1889.6,1647.8,83.69999999999982,79.5,79.5
hosted,70,0,yolo,15,spacecraft,0.1661,0.3719,0,1187.0,1074.8,1246.8,1146.6,59.799999999999955,71.79999999999995,59.799999999999955
hosted,71,0,yolo,15,spacecraft,0.2359,0.4322,0,1179.1,1143.9,1242.4,1221.2,63.30000000000018,77.29999999999995,63.30000000000018
hosted,72,0,yolo,15,spacecraft,0.2041,0.3484,0,1163.6,1216.8,1238.0,1291.5,74.40000000000009,74.70000000000005,74.40000000000009
hosted,73,0,yolo,15,spacecraft,0.2495,0.3529,0,1159.1,1284.0,1231.1,1358.8,72.0,74.79999999999995,72.0
hosted,75,0,yolo,14,jammer,0.2095,0.3572,0,853.4,1363.9,919.5,1429.1,66.10000000000002,65.19999999999982,65.19999999999982
hosted,76,0,yolo,14,jammer,0.1755,0.3418,0,846.9,1439.3,916.6,1505.2,69.70000000000005,65.90000000000009,65.90000000000009
hosted,79,0,yolo,14,jammer,0.3124,0.4426,0,2187.0,1307.6,2254.5,1374.0,67.5,66.40000000000009,66.40000000000009
hosted,80,0,yolo,15,spacecraft,0.2288,0.4818,0,1123.3,1801.9,1194.1,1887.2,70.79999999999995,85.29999999999995,70.79999999999995
hosted,86,0,yolo,11,ta-ta,0.3122,0.4441,0,3645.9,2042.0,3707.1,2108.0,61.19999999999982,66.0,61.19999999999982
hosted,88,0,yolo,11,ta-ta,0.2801,0.3084,0,467.8,55.7,532.1,117.3,64.30000000000001,61.599999999999994,61.599999999999994
hosted,95,0,yolo,3,large_launcher,0.2078,0.366,0,2823.7,405.3,2866.4,457.3,42.70000000000027,52.0,42.70000000000027
hosted,97,0,yolo,3,large_launcher,0.1739,0.3163,0,2824.5,522.0,2880.3,559.9,55.80000000000018,37.89999999999998,37.89999999999998
hosted,98,0,yolo,10,small_tower,0.2351,0.3594,0,2834.0,580.8,2886.3,627.0,52.30000000000018,46.200000000000045,46.200000000000045
hosted,99,0,yolo,15,spacecraft,0.1871,0.3184,0,2848.9,636.4,2891.6,687.2,42.69999999999982,50.80000000000007,42.69999999999982
hosted,100,0,yolo,11,ta-ta,0.2081,0.3486,0,1814.7,492.6,1904.4,566.0,89.70000000000005,73.39999999999998,73.39999999999998
hosted,101,0,yolo,11,ta-ta,0.4132,0.4941,0,1837.6,560.3,1883.3,622.1,45.700000000000045,61.80000000000007,45.700000000000045
hosted,102,0,yolo,11,ta-ta,0.5611,0.5517,0,1836.3,615.4,1887.6,686.7,51.299999999999955,71.30000000000007,51.299999999999955
hosted,102,1,yolo,14,jammer,0.3341,0.4457,0,1808.3,606.8,1911.0,688.0,102.70000000000005,81.20000000000005,81.20000000000005
hosted,102,2,yolo,12,tank,0.2377,0.4003,0,2952.5,858.1,3023.4,922.9,70.90000000000009,64.79999999999995,64.79999999999995
hosted,103,0,yolo,11,ta-ta,0.307,0.4174,0,1833.2,677.3,1882.8,749.9,49.59999999999991,72.60000000000002,49.59999999999991
hosted,104,0,yolo,11,ta-ta,0.3358,0.5191,0,1832.0,738.0,1881.9,814.4,49.90000000000009,76.39999999999998,49.90000000000009
hosted,105,0,yolo,11,ta-ta,0.3221,0.5218,0,1829.7,801.9,1879.5,877.2,49.799999999999955,75.30000000000007,49.799999999999955
hosted,106,0,yolo,11,ta-ta,0.295,0.3685,0,1833.5,871.6,1880.3,942.6,46.799999999999955,71.0,46.799999999999955
hosted,107,0,yolo,11,ta-ta,0.3872,0.463,0,1832.9,936.8,1880.8,1009.7,47.899999999999864,72.90000000000009,47.899999999999864
hosted,108,0,yolo,10,small_tower,0.1689,0.2995,0,2906.4,1233.2,2953.7,1286.8,47.29999999999973,53.59999999999991,47.29999999999973
hosted,110,0,yolo,11,ta-ta,0.3744,0.4725,0,1825.1,1145.1,1878.6,1212.3,53.5,67.20000000000005,53.5
hosted,114,0,yolo,11,ta-ta,0.2588,0.3909,0,1825.5,1433.4,1878.8,1502.5,53.299999999999955,69.09999999999991,53.299999999999955
hosted,115,0,yolo,15,spacecraft,0.3383,0.4343,0,1397.0,135.2,1449.9,181.6,52.90000000000009,46.400000000000006,46.400000000000006
hosted,145,0,yolo,14,jammer,0.1974,0.3622,0,2823.7,1853.4,2888.9,1920.8,65.20000000000027,67.39999999999986,65.20000000000027
hosted,146,0,yolo,15,spacecraft,0.1845,0.2889,0,2831.4,1932.4,2898.1,2001.0,66.69999999999982,68.59999999999991,66.69999999999982
hosted,159,0,yolo,15,spacecraft,0.1433,0.281,0,2058.8,911.7,2118.9,970.9,60.09999999999991,59.19999999999993,59.19999999999993
hosted,160,0,yolo,15,spacecraft,0.1648,0.3259,0,2061.1,980.7,2120.1,1036.3,59.0,55.59999999999991,55.59999999999991
hosted,161,0,yolo,11,ta-ta,0.1897,0.3545,0,2062.4,1043.8,2124.6,1103.1,62.19999999999982,59.299999999999955,59.299999999999955
hosted,168,0,yolo,15,spacecraft,0.1556,0.3002,0,2068.1,1546.1,2134.3,1605.0,66.20000000000027,58.90000000000009,58.90000000000009
hosted,173,0,yolo,14,jammer,0.3572,0.4968,0,1159.8,1093.6,1207.4,1152.4,47.600000000000136,58.80000000000018,47.600000000000136
hosted,179,0,yolo,14,jammer,0.308,0.4292,0,1125.4,1530.1,1177.7,1588.6,52.299999999999955,58.5,52.299999999999955
hosted,186,0,yolo,11,ta-ta,0.5152,0.5242,0,1510.6,260.8,1562.2,311.3,51.600000000000136,50.5,50.5
hosted,187,0,yolo,11,ta-ta,0.4338,0.4587,0,1505.4,317.0,1556.4,369.3,51.0,52.30000000000001,51.0
hosted,190,0,yolo,14,jammer,0.5077,0.4909,0,1489.1,492.5,1555.7,544.1,66.60000000000014,51.60000000000002,51.60000000000002
hosted,191,0,yolo,14,jammer,0.3414,0.4561,0,1487.0,552.1,1554.1,607.2,67.09999999999991,55.10000000000002,55.10000000000002
hosted,192,0,yolo,14,jammer,0.401,0.4213,0,1485.3,613.7,1550.3,668.6,65.0,54.89999999999998,54.89999999999998
hosted,193,0,yolo,11,ta-ta,0.4386,0.4253,0,1485.3,672.8,1542.9,728.2,57.600000000000136,55.40000000000009,55.40000000000009
hosted,194,0,yolo,11,ta-ta,0.4431,0.4274,0,1484.2,735.3,1536.4,789.7,52.200000000000045,54.40000000000009,52.200000000000045
hosted,195,0,yolo,11,ta-ta,0.3678,0.3632,0,1478.5,796.9,1535.1,855.2,56.59999999999991,58.30000000000007,56.59999999999991
hosted,196,0,yolo,11,ta-ta,0.4262,0.4255,0,1479.8,864.3,1534.7,918.4,54.90000000000009,54.10000000000002,54.10000000000002
hosted,197,0,yolo,11,ta-ta,0.4209,0.4002,0,1475.8,928.1,1533.2,985.8,57.40000000000009,57.69999999999993,57.40000000000009
hosted,198,0,yolo,14,jammer,0.3898,0.3816,0,1470.6,996.5,1529.5,1052.0,58.90000000000009,55.5,55.5
hosted,199,0,yolo,11,ta-ta,0.3968,0.3794,0,1464.9,1064.9,1523.8,1116.9,58.899999999999864,52.0,52.0
hosted,200,0,yolo,14,jammer,0.387,0.3999,0,1459.3,1131.5,1525.7,1184.4,66.40000000000009,52.90000000000009,52.90000000000009
hosted,201,0,yolo,11,ta-ta,0.3553,0.3752,0,1456.2,1196.8,1524.1,1250.7,67.89999999999986,53.90000000000009,53.90000000000009
hosted,203,0,yolo,11,ta-ta,0.366,0.3528,0,1453.7,1341.5,1512.7,1396.7,59.0,55.200000000000045,55.200000000000045
hosted,204,0,yolo,14,jammer,0.3793,0.3885,0,1451.7,1409.2,1511.3,1470.7,59.59999999999991,61.5,59.59999999999991
hosted,205,0,yolo,11,ta-ta,0.4559,0.4819,0,1447.3,1490.2,1507.8,1546.1,60.5,55.899999999999864,55.899999999999864
hosted,206,0,yolo,14,jammer,0.37,0.3572,0,1445.3,1558.3,1503.8,1620.9,58.5,62.600000000000136,58.5
hosted,207,0,yolo,14,jammer,0.3987,0.4166,0,1434.5,1638.0,1503.3,1698.1,68.79999999999995,60.09999999999991,60.09999999999991
hosted,208,0,yolo,11,ta-ta,0.4405,0.4651,0,1435.0,1719.3,1495.2,1770.8,60.200000000000045,51.5,51.5
hosted,209,0,yolo,14,jammer,0.3518,0.374,0,1428.4,1791.6,1495.5,1852.6,67.09999999999991,61.0,61.0
hosted,209,1,yolo,14,jammer,0.2658,0.4078,0,2317.3,473.9,2396.9,543.3,79.59999999999991,69.39999999999998,69.39999999999998
hosted,210,0,yolo,11,ta-ta,0.3854,0.377,0,1427.9,1875.0,1491.8,1931.0,63.899999999999864,56.0,56.0
hosted,210,1,yolo,14,jammer,0.2323,0.3518,0,2319.5,532.8,2399.7,604.3,80.19999999999982,71.5,71.5
hosted,211,0,yolo,14,jammer,0.4018,0.4045,0,1423.4,1955.3,1490.1,2014.5,66.69999999999982,59.200000000000045,59.200000000000045
hosted,213,0,yolo,14,jammer,0.4135,0.5967,0,1823.7,1017.2,1884.0,1081.7,60.299999999999955,64.5,60.299999999999955
hosted,220,0,yolo,14,jammer,0.3749,0.4909,0,1817.1,1513.4,1878.8,1578.4,61.700000000000045,65.0,61.700000000000045
hosted,222,0,yolo,14,jammer,0.4262,0.5328,0,1816.5,1662.0,1880.9,1729.7,64.40000000000009,67.70000000000005,64.40000000000009
hosted,223,0,yolo,14,jammer,0.422,0.5739,0,1814.7,1740.9,1879.2,1807.5,64.5,66.59999999999991,64.5
hosted,224,0,yolo,14,jammer,0.3855,0.5381,0,1813.5,1817.1,1884.1,1889.8,70.59999999999991,72.70000000000005,70.59999999999991
hosted,225,0,yolo,14,jammer,0.3763,0.4845,0,1814.2,1899.4,1878.2,1966.5,64.0,67.09999999999991,64.0
hosted,226,0,yolo,14,jammer,0.4221,0.5259,0,1813.6,1978.7,1880.4,2047.6,66.80000000000018,68.89999999999986,66.80000000000018
hosted,227,0,yolo,14,jammer,0.3478,0.4417,0,1812.5,2059.9,1881.9,2128.6,69.40000000000009,68.69999999999982,68.69999999999982
hosted,241,0,yolo,8,small_launcher,0.2782,0.4111,0,2129.7,181.5,2180.4,238.1,50.70000000000027,56.599999999999994,50.70000000000027
hosted,244,0,yolo,14,jammer,0.1832,0.3583,0,2468.8,1166.4,2540.5,1239.9,71.69999999999982,73.5,71.69999999999982
hosted,245,0,yolo,8,small_launcher,0.2821,0.4,0,2133.2,407.8,2187.0,464.6,53.80000000000018,56.80000000000001,53.80000000000018
hosted,246,0,yolo,8,small_launcher,0.27,0.4054,0,2134.7,469.0,2189.0,525.3,54.30000000000018,56.299999999999955,54.30000000000018
helsinki,0,0,yolo,3,large_launcher,0.5769,0.762,0,3452.6,362.6,3592.6,471.7,140.0,109.09999999999997,109.09999999999997
helsinki,0,1,yolo,1,helicopter,0.6422,0.631,0,2225.6,844.7,2343.1,943.3,117.5,98.59999999999991,98.59999999999991
helsinki,0,2,yolo,10,small_tower,0.7763,0.9463,0,2606.7,791.3,2671.1,857.8,64.40000000000009,66.5,64.40000000000009
helsinki,0,3,yolo,15,spacecraft,0.5745,0.7987,0,1530.4,630.9,1566.3,677.1,35.899999999999864,46.200000000000045,35.899999999999864
helsinki,0,4,yolo,13,condor,0.8581,0.9971,0,2660.7,1378.5,2823.0,1527.7,162.30000000000018,149.20000000000005,149.20000000000005
helsinki,0,5,yolo,7,mine_roller,0.3143,0.3538,0,2268.7,1858.8,2329.6,1915.1,60.90000000000009,56.299999999999955,56.299999999999955
helsinki,1,0,yolo,3,large_launcher,0.4762,0.6118,0,3456.7,419.2,3603.9,523.1,147.20000000000027,103.90000000000003,103.90000000000003
helsinki,1,1,yolo,1,helicopter,0.7236,0.7579,0,2228.2,907.5,2348.2,1006.8,120.0,99.29999999999995,99.29999999999995
helsinki,1,2,yolo,10,small_tower,0.8088,0.9906,0,2624.2,847.3,2675.6,909.1,51.40000000000009,61.80000000000007,51.40000000000009
helsinki,1,3,yolo,15,spacecraft,0.6095,0.839,0,1523.8,685.9,1562.0,731.2,38.200000000000045,45.30000000000007,38.200000000000045
helsinki,1,4,yolo,2,jet_plane,0.3791,0.4266,0,3440.5,401.9,3801.9,498.4,361.4000000000001,96.5,96.5
helsinki,1,5,yolo,13,condor,0.861,0.9668,0,2662.7,1443.6,2837.8,1595.7,175.10000000000036,152.10000000000014,152.10000000000014
helsinki,1,6,yolo,7,mine_roller,0.3212,0.3935,0,2272.3,1935.6,2333.9,1994.8,61.59999999999991,59.200000000000045,59.200000000000045
helsinki,1,7,yolo,14,jammer,0.1824,0.3864,0,2594.1,922.0,2648.5,948.2,54.40000000000009,26.200000000000045,26.200000000000045
helsinki,1,8,yolo,4,large_tower,0.3178,0.4311,0,2284.5,919.2,2361.6,1019.3,77.09999999999991,100.09999999999991,77.09999999999991
helsinki,1,9,yolo,15,spacecraft,0.5201,0.6163,0,1536.8,687.1,1585.3,740.6,48.5,53.5,48.5
helsinki,2,0,yolo,3,large_launcher,0.596,0.7511,0,3477.4,481.3,3622.8,575.8,145.4000000000001,94.49999999999994,94.49999999999994
helsinki,2,1,yolo,1,helicopter,0.7724,0.7557,0,2238.8,973.1,2346.5,1071.1,107.69999999999982,97.99999999999989,97.99999999999989
helsinki,2,2,yolo,15,spacecraft,0.5058,0.711,0,1517.2,744.3,1560.9,790.0,43.700000000000045,45.700000000000045,43.700000000000045
helsinki,2,3,yolo,10,small_tower,0.7155,0.9052,0,2629.6,907.9,2684.1,970.3,54.5,62.39999999999998,54.5
helsinki,2,4,yolo,13,condor,0.8191,0.9085,0,2660.2,1509.7,2821.9,1660.7,161.70000000000027,151.0,151.0
helsinki,2,5,yolo,10,small_tower,0.7287,0.8985,0,2600.3,931.1,2679.6,979.4,79.29999999999973,48.299999999999955,48.299999999999955
helsinki,2,6,yolo,9,small_plane,0.2105,0.3524,0,2299.4,1024.5,2374.5,1090.8,75.09999999999991,66.29999999999995,66.29999999999995
helsinki,2,7,yolo,3,large_launcher,0.2026,0.3988,0,3675.0,465.9,3717.9,536.1,42.90000000000009,70.20000000000005,42.90000000000009
helsinki,2,8,yolo,15,spacecraft,0.3873,0.6458,0,1527.1,741.3,1585.2,798.6,58.100000000000136,57.30000000000007,57.30000000000007
helsinki,3,0,yolo,3,large_launcher,0.6556,0.8376,0,3487.1,535.4,3626.4,638.4,139.30000000000018,103.0,103.0
helsinki,3,1,yolo,1,helicopter,0.7531,0.7583,0,2234.3,1035.2,2348.6,1135.0,114.29999999999973,99.79999999999995,99.79999999999995
helsinki,3,2,yolo,15,spacecraft,0.5145,0.6885,0,1515.5,808.6,1558.8,852.9,43.299999999999955,44.299999999999955,43.299999999999955
helsinki,3,3,yolo,10,small_tower,0.8456,0.9947,0,2630.9,979.0,2687.9,1038.9,57.0,59.90000000000009,57.0
helsinki,3,4,yolo,13,condor,0.8451,0.9329,0,2668.2,1578.9,2854.6,1754.1,186.4000000000001,175.19999999999982,175.19999999999982
helsinki,3,5,yolo,10,small_tower,0.3286,0.4339,0,2601.2,1017.7,2648.7,1044.8,47.5,27.09999999999991,27.09999999999991
helsinki,3,6,yolo,3,large_launcher,0.2729,0.424,0,3612.3,515.9,3780.4,622.4,168.0999999999999,106.5,106.5
helsinki,3,7,yolo,5,medium_launcher,0.1725,0.3436,0,1522.5,812.6,1566.7,881.3,44.200000000000045,68.69999999999993,44.200000000000045
helsinki,3,8,yolo,3,large_launcher,0.1661,0.351,0,2210.5,1024.0,2285.6,1073.2,75.09999999999991,49.200000000000045,49.200000000000045
helsinki,4,0,yolo,3,large_launcher,0.5983,0.7481,0,3494.5,593.8,3646.7,700.6,152.19999999999982,106.80000000000007,106.80000000000007
helsinki,4,1,yolo,1,helicopter,0.6889,0.7096,0,2241.1,1099.7,2351.1,1197.8,110.0,98.09999999999991,98.09999999999991
helsinki,4,2,yolo,2,jet_plane,0.4385,0.6116,0,2203.1,0.0,2264.3,77.6,61.20000000000027,77.6,61.20000000000027
helsinki,4,3,yolo,10,small_tower,0.8545,0.9957,0,2636.8,1041.5,2693.4,1101.8,56.59999999999991,60.299999999999955,56.59999999999991
helsinki,4,4,yolo,15,spacecraft,0.5985,0.7831,0,1510.5,868.7,1557.3,916.6,46.799999999999955,47.89999999999998,46.799999999999955
helsinki,4,5,yolo,1,helicopter,0.3011,0.3751,0,3497.2,581.2,3823.8,692.2,326.60000000000036,111.0,111.0
helsinki,4,6,yolo,13,condor,0.8799,0.9994,0,2684.0,1651.0,2853.1,1819.7,169.0999999999999,168.70000000000005,168.70000000000005
helsinki,4,7,yolo,1,helicopter,0.2205,0.3564,0,2341.5,1026.1,2443.2,1112.9,101.69999999999982,86.80000000000018,86.80000000000018
helsinki,4,8,yolo,12,tank,0.8125,0.9914,0,861.0,180.5,908.8,224.1,47.799999999999955,43.599999999999994,43.599999999999994
helsinki,4,9,yolo,3,large_launcher,0.2707,0.3875,0,2272.8,1187.3,2418.5,1306.3,145.69999999999982,119.0,119.0
helsinki,5,0,yolo,3,large_launcher,0.5516,0.6988,0,3503.1,644.0,3657.8,761.7,154.70000000000027,117.70000000000005,117.70000000000005
helsinki,5,1,yolo,1,helicopter,0.6408,0.6152,0,2237.5,1165.0,2352.3,1263.6,114.80000000000018,98.59999999999991,98.59999999999991
helsinki,5,2,yolo,10,small_tower,0.7675,0.8498,0,2639.9,1110.1,2697.6,1167.4,57.69999999999982,57.30000000000018,57.30000000000018
helsinki,5,3,yolo,15,spacecraft,0.7544,0.9719,0,1513.5,933.5,1556.9,979.0,43.40000000000009,45.5,43.40000000000009
helsinki,5,4,yolo,2,jet_plane,0.6894,0.8704,0,2206.6,57.5,2269.9,130.1,63.30000000000018,72.6,63.30000000000018
helsinki,5,5,yolo,2,jet_plane,0.5662,0.7263,0,2237.5,44.3,2296.8,138.8,59.30000000000018,94.50000000000001,59.30000000000018
helsinki,5,6,yolo,13,condor,0.8443,0.9228,0,2686.0,1734.1,2861.5,1895.8,175.5,161.70000000000005,161.70000000000005
helsinki,5,7,yolo,1,helicopter,0.3913,0.4839,0,3499.2,636.0,3840.0,758.6,340.8000000000002,122.60000000000002,122.60000000000002
helsinki,5,8,yolo,15,spacecraft,0.2249,0.4563,0,1521.4,937.2,1563.9,1009.5,42.5,72.29999999999995,42.5
helsinki,5,9,yolo,5,medium_launcher,0.4604,0.592,0,2600.9,1144.4,2643.0,1175.4,42.09999999999991,31.0,31.0
helsinki,6,0,yolo,1,helicopter,0.6758,0.6598,0,2249.9,1235.0,2361.6,1334.1,111.69999999999982,99.09999999999991,99.09999999999991
helsinki,6,1,yolo,3,large_launcher,0.651,0.7738,0,3515.5,703.9,3665.7,820.4,150.19999999999982,116.5,116.5
helsinki,6,2,yolo,10,small_tower,0.5132,0.6999,0,2642.4,1176.3,2706.2,1240.4,63.79999999999973,64.10000000000014,63.79999999999973
helsinki,6,3,yolo,2,jet_plane,0.6466,0.7841,0,2201.4,107.4,2273.7,189.3,72.29999999999973,81.9,72.29999999999973
helsinki,6,4,yolo,15,spacecraft,0.591,0.8449,0,1508.3,996.0,1554.1,1043.5,45.799999999999955,47.5,45.799999999999955
helsinki,6,5,yolo,15,spacecraft,0.1396,0.3391,0,3715.0,685.3,3840.0,798.9,125.0,113.60000000000002,113.60000000000002
helsinki,6,6,yolo,2,jet_plane,0.3061,0.3433,0,3505.9,691.3,3840.0,823.1,334.0999999999999,131.80000000000007,131.80000000000007
helsinki,6,7,yolo,13,condor,0.8663,1.0,0,2692.4,1803.2,2872.8,1977.3,180.4000000000001,174.0999999999999,174.0999999999999
helsinki,6,8,yolo,2,jet_plane,0.5551,0.5877,0,2218.0,100.2,2318.5,225.0,100.5,124.8,100.5
helsinki,6,9,yolo,4,large_tower,0.2696,0.3785,0,2339.3,1171.2,2440.9,1252.6,101.59999999999991,81.39999999999986,81.39999999999986
helsinki,6,10,yolo,15,spacecraft,0.4148,0.6736,0,1486.6,994.5,1529.2,1045.5,42.600000000000136,51.0,42.600000000000136
helsinki,6,11,yolo,1,helicopter,0.6331,0.6858,0,2303.5,1182.7,2374.7,1243.9,71.19999999999982,61.200000000000045,61.200000000000045
helsinki,6,12,yolo,10,small_tower,0.2712,0.3997,0,2690.3,1211.4,2741.9,1247.6,51.59999999999991,36.19999999999982,36.19999999999982
helsinki,7,0,yolo,1,helicopter,0.6301,0.6157,0,2253.0,1302.8,2365.9,1403.9,112.90000000000009,101.10000000000014,101.10000000000014
helsinki,7,1,yolo,10,small_tower,0.5251,0.7077,0,2648.7,1243.8,2711.1,1309.5,62.40000000000009,65.70000000000005,62.40000000000009
helsinki,7,2,yolo,15,spacecraft,0.6911,0.9093,0,1503.5,1060.2,1546.7,1108.9,43.200000000000045,48.700000000000045,43.200000000000045
helsinki,7,3,yolo,2,jet_plane,0.5495,0.6994,0,2211.2,164.0,2279.6,239.1,68.40000000000009,75.1,68.40000000000009
helsinki,7,4,yolo,3,large_launcher,0.6423,0.7687,0,3519.5,761.8,3676.2,882.2,156.69999999999982,120.40000000000009,120.40000000000009
helsinki,7,5,yolo,13,condor,0.1245,0.3315,0,3735.9,752.3,3838.4,847.5,102.5,95.20000000000005,95.20000000000005
helsinki,7,6,yolo,13,condor,0.8938,1.0,0,2698.4,1885.4,2881.2,2059.2,182.79999999999973,173.79999999999973,173.79999999999973
helsinki,7,7,yolo,2,jet_plane,0.5703,0.588,0,2196.9,161.4,2327.0,286.3,130.0999999999999,124.9,124.9
helsinki,8,0,yolo,1,helicopter,0.7933,0.8265,0,2251.0,1378.6,2360.4,1471.9,109.40000000000009,93.30000000000018,93.30000000000018
helsinki,8,1,yolo,3,large_launcher,0.5517,0.645,0,3544.6,826.2,3690.0,944.2,145.4000000000001,118.0,118.0
helsinki,8,2,yolo,15,spacecraft,0.5966,0.8182,0,1501.0,1123.8,1547.6,1172.0,46.59999999999991,48.200000000000045,46.59999999999991
helsinki,8,3,yolo,10,small_tower,0.864,0.993,0,2659.3,1308.6,2715.8,1374.9,56.5,66.30000000000018,56.5
helsinki,8,4,yolo,2,jet_plane,0.6644,0.8002,0,2215.5,220.0,2278.0,293.4,62.5,73.39999999999998,62.5
helsinki,8,5,yolo,1,helicopter,0.2854,0.4762,0,3739.1,813.2,3840.0,924.4,100.90000000000009,111.19999999999993,100.90000000000009
helsinki,8,6,yolo,13,condor,0.8534,0.9371,0,2689.5,1959.2,2881.6,2135.3,192.0999999999999,176.10000000000014,176.10000000000014
helsinki,8,7,yolo,1,helicopter,0.5635,0.5425,0,2263.1,1352.9,2369.3,1429.0,106.20000000000027,76.09999999999991,76.09999999999991
helsinki,8,8,yolo,3,large_launcher,0.2882,0.3721,0,2252.4,1409.0,2372.0,1520.4,119.59999999999991,111.40000000000009,111.40000000000009
helsinki,8,9,yolo,2,jet_plane,0.3359,0.3757,0,2220.3,243.4,2306.7,356.8,86.39999999999964,113.4,86.39999999999964
helsinki,9,0,yolo,3,large_launcher,0.6957,0.7833,0,3552.7,889.9,3710.0,1012.3,157.30000000000018,122.39999999999998,122.39999999999998
helsinki,9,1,yolo,15,spacecraft,0.5059,0.6677,0,1497.3,1188.5,1539.8,1236.3,42.5,47.799999999999955,42.5
helsinki,9,2,yolo,1,helicopter,0.784,0.7897,0,2254.6,1442.6,2378.9,1539.9,124.30000000000018,97.30000000000018,97.30000000000018
helsinki,9,3,yolo,2,jet_plane,0.7407,0.8702,0,2218.1,274.5,2285.6,351.6,67.5,77.10000000000002,67.5
helsinki,9,4,yolo,10,small_tower,0.7581,0.9223,0,2659.6,1373.7,2721.0,1441.8,61.40000000000009,68.09999999999991,61.40000000000009
helsinki,9,5,yolo,1,helicopter,0.4383,0.6484,0,2274.4,1418.1,2379.2,1492.2,104.79999999999973,74.10000000000014,74.10000000000014
helsinki,9,6,yolo,3,large_launcher,0.3068,0.4391,0,2264.4,1543.1,2460.6,1667.9,196.19999999999982,124.80000000000018,124.80000000000018
helsinki,9,7,yolo,2,jet_plane,0.5599,0.6589,0,2233.5,260.3,2294.3,320.9,60.80000000000018,60.599999999999966,60.599999999999966
helsinki,10,0,yolo,3,large_launcher,0.6971,0.8146,0,3561.7,955.9,3718.5,1074.1,156.80000000000018,118.19999999999993,118.19999999999993
helsinki,10,1,yolo,10,small_tower,0.6677,0.8003,0,2669.4,1453.4,2724.5,1516.6,55.09999999999991,63.19999999999982,55.09999999999991
helsinki,10,2,yolo,15,spacecraft,0.5408,0.7421,0,1496.4,1258.2,1537.5,1306.9,41.09999999999991,48.700000000000045,41.09999999999991
helsinki,10,3,yolo,1,helicopter,0.7471,0.7001,0,2256.6,1510.3,2381.9,1614.6,125.30000000000018,104.29999999999995,104.29999999999995
helsinki,10,4,yolo,2,jet_plane,0.6061,0.7355,0,2210.3,330.9,2285.8,407.9,75.5,77.0,75.5
helsinki,10,5,yolo,1,helicopter,0.3702,0.4841,0,2290.3,1556.7,2418.3,1657.1,128.0,100.39999999999986,100.39999999999986
helsinki,11,0,yolo,10,small_tower,0.8182,0.9648,0,2671.2,1520.8,2733.0,1584.7,61.80000000000018,63.90000000000009,61.80000000000018
helsinki,11,1,yolo,3,large_launcher,0.7054,0.7964,0,3577.3,1019.7,3728.4,1138.2,151.0999999999999,118.5,118.5
helsinki,11,2,yolo,1,helicopter,0.7754,0.7708,0,2255.6,1582.2,2381.4,1689.7,125.80000000000018,107.5,107.5
helsinki,11,3,yolo,15,spacecraft,0.6441,0.8999,0,1494.1,1327.1,1533.7,1373.3,39.600000000000136,46.200000000000045,39.600000000000136
helsinki,11,4,yolo,2,jet_plane,0.609,0.7756,0,2222.9,390.6,2289.3,463.0,66.40000000000009,72.39999999999998,66.40000000000009
helsinki,11,5,yolo,15,spacecraft,0.6677,0.8538,0,1505.6,1326.7,1552.6,1379.9,47.0,53.200000000000045,47.0
helsinki,11,6,yolo,2,jet_plane,0.3429,0.3837,0,2195.4,411.5,2288.8,514.0,93.40000000000009,102.5,93.40000000000009
helsinki,11,7,yolo,10,small_tower,0.2324,0.4555,0,2658.8,1569.9,2724.2,1622.9,65.39999999999964,53.0,53.0
helsinki,11,8,yolo,1,helicopter,0.4631,0.6137,0,2294.4,1636.7,2407.2,1719.0,112.79999999999973,82.29999999999995,82.29999999999995
helsinki,12,0,yolo,10,small_tower,0.8057,0.9981,0,2677.4,1592.8,2735.6,1658.5,58.19999999999982,65.70000000000005,58.19999999999982
helsinki,12,1,yolo,1,helicopter,0.7392,0.7643,0,2259.8,1655.9,2378.8,1760.2,119.0,104.29999999999995,104.29999999999995
helsinki,12,2,yolo,2,jet_plane,0.7012,0.7908,0,2221.9,441.5,2292.7,521.9,70.79999999999973,80.39999999999998,70.79999999999973
helsinki,12,3,yolo,15,spacecraft,0.7058,0.9448,0,1493.6,1400.2,1533.2,1450.4,39.600000000000136,50.200000000000045,39.600000000000136
helsinki,12,4,yolo,3,large_launcher,0.6834,0.8063,0,3581.5,1082.2,3737.9,1203.0,156.4000000000001,120.79999999999995,120.79999999999995
helsinki,12,5,yolo,12,tank,0.7218,0.8974,0,804.2,637.5,853.9,686.1,49.69999999999993,48.60000000000002,48.60000000000002
helsinki,12,6,yolo,2,jet_plane,0.3245,0.3256,0,2205.0,508.6,2286.0,586.7,81.0,78.10000000000002,78.10000000000002
helsinki,12,7,yolo,2,jet_plane,0.4813,0.5222,0,2213.0,454.9,2302.2,575.5,89.19999999999982,120.60000000000002,89.19999999999982
helsinki,12,8,yolo,13,condor,0.2899,0.5281,0,3802.7,1072.0,3840.0,1139.3,37.30000000000018,67.29999999999995,37.30000000000018
helsinki,13,0,yolo,10,small_tower,0.6471,0.8084,0,2681.5,1663.1,2745.9,1733.2,64.40000000000009,70.10000000000014,64.40000000000009
helsinki,13,1,yolo,15,spacecraft,0.7514,0.9763,0,1488.7,1467.7,1535.1,1518.3,46.399999999999864,50.59999999999991,46.399999999999864
helsinki,13,2,yolo,2,jet_plane,0.6767,0.7686,0,2222.4,500.9,2295.9,578.9,73.5,78.0,73.5
helsinki,13,3,yolo,3,large_launcher,0.7392,0.8652,0,3596.5,1148.4,3750.1,1273.1,153.5999999999999,124.69999999999982,124.69999999999982
helsinki,13,4,yolo,1,helicopter,0.6729,0.6634,0,2267.2,1735.6,2386.2,1835.9,119.0,100.30000000000018,100.30000000000018
helsinki,13,5,yolo,13,condor,0.2981,0.5122,0,3803.1,1137.9,3836.3,1199.9,33.20000000000027,62.0,33.20000000000027
helsinki,13,6,yolo,12,tank,0.8047,0.9988,0,794.7,694.0,846.8,742.3,52.09999999999991,48.299999999999955,48.299999999999955
helsinki,13,7,yolo,15,spacecraft,0.5218,0.6472,0,1506.2,1470.0,1554.4,1523.1,48.200000000000045,53.09999999999991,48.200000000000045
helsinki,14,0,yolo,3,large_launcher,0.7356,0.856,0,3614.4,1212.1,3767.8,1339.9,153.4000000000001,127.80000000000018,127.80000000000018
helsinki,14,1,yolo,1,helicopter,0.7881,0.7745,0,2261.6,1801.9,2386.8,1920.4,125.20000000000027,118.5,118.5
helsinki,14,2,yolo,2,jet_plane,0.6664,0.7627,0,2221.1,559.5,2299.0,641.3,77.90000000000009,81.79999999999995,77.90000000000009
helsinki,14,3,yolo,15,spacecraft,0.6931,0.9316,0,1485.6,1534.5,1528.6,1588.7,43.0,54.200000000000045,43.0
helsinki,14,4,yolo,10,small_tower,0.832,0.9979,0,2693.3,1738.2,2748.2,1801.0,54.899999999999636,62.799999999999955,54.899999999999636
helsinki,14,5,yolo,2,jet_plane,0.3437,0.4674,0,2267.3,550.4,2312.2,588.3,44.899999999999636,37.89999999999998,37.89999999999998
helsinki,15,0,yolo,3,large_launcher,0.6669,0.7324,0,3619.3,1287.4,3780.2,1404.9,160.89999999999964,117.5,117.5
helsinki,15,1,yolo,1,helicopter,0.6824,0.6529,0,2272.3,1884.4,2395.7,1986.8,123.39999999999964,102.39999999999986,102.39999999999986
helsinki,15,2,yolo,10,small_tower,0.8505,0.9963,0,2697.2,1819.5,2748.0,1875.8,50.80000000000018,56.299999999999955,50.80000000000018
helsinki,15,3,yolo,15,spacecraft,0.7467,0.9996,0,1479.7,1609.8,1528.2,1660.9,48.5,51.100000000000136,48.5
helsinki,15,4,yolo,2,jet_plane,0.6133,0.7057,0,2225.9,624.3,2298.0,698.6,72.09999999999991,74.30000000000007,72.09999999999991
helsinki,15,5,yolo,3,large_launcher,0.4189,0.4437,0,2299.6,1858.3,2393.3,1912.3,93.70000000000027,54.0,54.0
helsinki,15,6,yolo,10,small_tower,0.667,0.9072,0,2667.7,1832.5,2755.9,1884.1,88.20000000000027,51.59999999999991,51.59999999999991
helsinki,15,7,yolo,1,helicopter,0.4463,0.4706,0,2333.0,1813.5,2409.7,1882.5,76.69999999999982,69.0,69.0
helsinki,15,8,yolo,3,large_launcher,0.2643,0.3663,0,2280.7,1952.0,2476.6,2040.6,195.9000000000001,88.59999999999991,88.59999999999991
helsinki,15,9,yolo,3,large_launcher,0.2147,0.3487,0,2367.1,1808.7,2466.7,1893.3,99.59999999999991,84.59999999999991,84.59999999999991
helsinki,15,10,yolo,13,condor,0.2089,0.3853,0,2357.8,1795.2,2439.4,1845.7,81.59999999999991,50.5,50.5
helsinki,16,0,yolo,3,large_launcher,0.6531,0.6477,0,3642.3,1360.6,3796.8,1471.0,154.5,110.40000000000009,110.40000000000009
helsinki,16,1,yolo,1,helicopter,0.6662,0.7614,0,2277.6,1958.9,2389.9,2056.8,112.30000000000018,97.90000000000009,97.90000000000009
helsinki,16,2,yolo,10,small_tower,0.6537,0.8513,0,2699.7,1898.0,2758.6,1962.7,58.90000000000009,64.70000000000005,58.90000000000009
helsinki,16,3,yolo,2,jet_plane,0.6549,0.7936,0,2224.1,676.1,2296.8,753.4,72.70000000000027,77.29999999999995,72.70000000000027
helsinki,16,4,yolo,15,spacecraft,0.7479,0.9441,0,1478.0,1689.5,1523.9,1736.9,45.90000000000009,47.40000000000009,45.90000000000009
helsinki,17,0,yolo,3,large_launcher,0.6416,0.715,0,3646.2,1435.9,3807.4,1545.0,161.20000000000027,109.09999999999991,109.09999999999991
helsinki,17,1,yolo,10,small_tower,0.7889,0.998,0,2706.4,1972.5,2766.1,2035.6,59.69999999999982,63.09999999999991,59.69999999999982
helsinki,17,2,yolo,15,spacecraft,0.782,0.9996,0,1472.7,1756.0,1526.0,1812.0,53.299999999999955,56.0,53.299999999999955
helsinki,17,3,yolo,2,jet_plane,0.7805,0.9179,0,2226.6,732.6,2302.0,817.7,75.40000000000009,85.10000000000002,75.40000000000009
helsinki,17,4,yolo,1,helicopter,0.6814,0.7061,0,2282.4,2036.6,2393.9,2138.0,111.5,101.40000000000009,101.40000000000009
helsinki,17,5,yolo,1,helicopter,0.6083,0.637,0,2294.0,2020.0,2403.2,2093.8,109.19999999999982,73.80000000000018,73.80000000000018
helsinki,17,6,yolo,13,condor,0.3387,0.5439,0,2268.6,2088.9,2399.7,2160.0,131.0999999999999,71.09999999999991,71.09999999999991
helsinki,17,7,yolo,12,tank,0.8234,0.9945,0,762.6,946.4,816.0,994.2,53.39999999999998,47.80000000000007,47.80000000000007
helsinki,17,8,yolo,10,small_tower,0.2668,0.3848,0,2810.8,1991.4,2844.4,2019.3,33.59999999999991,27.899999999999864,27.899999999999864
helsinki,18,0,yolo,15,spacecraft,0.7184,0.9183,0,1467.0,1832.8,1524.2,1885.9,57.200000000000045,53.100000000000136,53.100000000000136
helsinki,18,1,yolo,3,large_launcher,0.6432,0.7269,0,3654.0,1509.1,3814.2,1627.1,160.19999999999982,118.0,118.0
helsinki,18,2,yolo,2,jet_plane,0.7075,0.7779,0,2227.8,792.0,2306.1,880.3,78.29999999999973,88.29999999999995,78.29999999999973
helsinki,18,3,yolo,10,small_tower,0.7557,0.8941,0,2714.4,2051.8,2774.5,2110.1,60.09999999999991,58.29999999999973,58.29999999999973
helsinki,19,0,yolo,15,spacecraft,0.7126,0.9341,0,1468.1,1913.2,1517.6,1964.9,49.5,51.700000000000045,49.5
helsinki,19,1,yolo,3,large_launcher,0.5322,0.4957,0,3675.9,1578.7,3830.8,1697.0,154.9000000000001,118.29999999999995,118.29999999999995
helsinki,19,2,yolo,2,jet_plane,0.7685,0.8993,0,2230.2,857.0,2310.5,942.5,80.30000000000018,85.5,80.30000000000018
helsinki,20,0,yolo,3,large_launcher,0.6623,0.6598,0,3683.0,1655.5,3838.7,1768.7,155.69999999999982,113.20000000000005,113.20000000000005
helsinki,20,1,yolo,15,spacecraft,0.6811,0.8495,0,1463.1,1988.3,1516.3,2041.6,53.200000000000045,53.299999999999955,53.200000000000045
helsinki,20,2,yolo,2,jet_plane,0.8173,0.9505,0,2232.4,920.9,2312.3,1008.3,79.90000000000009,87.39999999999998,79.90000000000009
helsinki,20,3,yolo,12,tank,0.7773,0.9526,0,738.5,1143.7,792.5,1197.9,54.0,54.200000000000045,54.0
helsinki,21,0,yolo,3,large_launcher,0.6802,0.6425,0,3703.1,1723.3,3840.0,1849.4,136.9000000000001,126.10000000000014,126.10000000000014
helsinki,21,1,yolo,2,jet_plane,0.7855,0.922,0,2237.5,987.6,2316.3,1071.7,78.80000000000018,84.10000000000002,78.80000000000018
helsinki,21,2,yolo,15,spacecraft,0.7166,0.8937,0,1461.9,2071.9,1507.0,2117.3,45.09999999999991,45.40000000000009,45.09999999999991
helsinki,21,3,yolo,12,tank,0.7428,0.8995,0,729.6,1210.9,783.7,1265.5,54.10000000000002,54.59999999999991,54.10000000000002
helsinki,21,4,yolo,0,hangar,0.7812,0.9285,0,137.2,0.9,318.1,112.0,180.90000000000003,111.1,111.1
helsinki,22,0,yolo,3,large_launcher,0.5366,0.5405,0,3709.2,1792.9,3840.0,1911.4,130.80000000000018,118.5,118.5
helsinki,22,1,yolo,2,jet_plane,0.7823,0.912,0,2235.5,1049.6,2318.9,1138.4,83.40000000000009,88.80000000000018,83.40000000000009
helsinki,22,2,yolo,0,hangar,0.8041,0.9977,0,124.6,48.2,302.7,162.1,178.1,113.89999999999999,113.89999999999999
helsinki,22,3,yolo,12,tank,0.7837,0.9546,0,719.8,1280.5,775.9,1333.3,56.10000000000002,52.799999999999955,52.799999999999955
helsinki,23,0,yolo,3,large_launcher,0.6706,0.6036,0,3732.5,1875.1,3840.0,1989.1,107.5,114.0,107.5
helsinki,23,1,yolo,2,jet_plane,0.6864,0.7861,0,2243.4,1126.4,2325.9,1216.6,82.5,90.19999999999982,82.5
helsinki,23,2,yolo,0,hangar,0.7224,0.8847,0,111.5,87.7,306.6,210.8,195.10000000000002,123.10000000000001,123.10000000000001
helsinki,24,0,yolo,2,jet_plane,0.6869,0.7874,0,2245.2,1196.6,2332.7,1282.1,87.5,85.5,85.5
helsinki,24,1,yolo,3,large_launcher,0.4285,0.4288,0,3737.2,1958.2,3839.6,2063.3,102.40000000000009,105.10000000000014,102.40000000000009
helsinki,24,2,yolo,3,large_launcher,0.2441,0.403,0,3726.0,1969.1,3840.0,2152.3,114.0,183.20000000000027,114.0
helsinki,24,3,yolo,0,hangar,0.7816,0.9432,0,98.9,143.1,288.0,263.9,189.1,120.79999999999998,120.79999999999998
