dataset,frame_index,track_id,object_id,identity_confidence,runner_up,runner_up_confidence,posterior_gap,hits,age,confirmed,last_observed_frame,last_observed_level,geometry_confidence,propagation_model,short_side_px_source,width_px_source,height_px_source
hosted,3,1,large_launcher,0.0743,small_tower,0.0741,0.00020000000000000573,1,0,False,4,0,1.0,observed,62.5,62.5,63.5
hosted,4,1,large_launcher,0.0853,small_tower,0.0844,0.000899999999999998,2,0,True,5,0,0.8395,observed,65.1,65.30000000000018,65.1
hosted,5,1,large_launcher,0.0853,small_tower,0.0844,0.000899999999999998,2,1,True,5,0,0.8357,gmc,65.9,65.90000000000009,66.10000000000002
hosted,6,1,large_launcher,0.0853,small_tower,0.0844,0.000899999999999998,2,2,True,5,0,0.8357,gmc,66.4,66.39999999999986,67.09999999999997
hosted,6,2,jammer,0.0806,ta-ta,0.0781,0.0025000000000000022,1,0,False,7,0,1.0,observed,68.1,72.60000000000014,68.09999999999991
hosted,7,2,jammer,0.0806,ta-ta,0.0781,0.0025000000000000022,1,1,False,7,0,0.9969,gmc,69.1,73.19999999999982,69.09999999999991
hosted,8,2,jammer,0.0806,ta-ta,0.0781,0.0025000000000000022,1,2,False,7,0,0.9969,gmc,69.1,73.19999999999982,69.09999999999991
hosted,9,3,small_launcher,0.0796,jammer,0.0742,0.005400000000000002,1,0,False,10,0,1.0,observed,49.5,49.5,57.19999999999993
hosted,10,3,small_launcher,0.0796,jammer,0.0742,0.005400000000000002,1,1,False,10,0,1.0,gmc,49.8,49.80000000000018,58.09999999999991
hosted,11,4,jammer,0.0883,tank,0.0775,0.010800000000000004,1,0,False,12,0,1.0,observed,61.7,61.69999999999982,72.30000000000018
hosted,11,3,small_launcher,0.0796,jammer,0.0742,0.005400000000000002,1,2,False,10,0,0.9955,gmc,50.2,50.200000000000045,59.0
hosted,12,5,small_tower,0.0823,tank,0.0781,0.004199999999999995,1,0,False,13,0,1.0,observed,66.0,66.0,70.0
hosted,12,4,jammer,0.0883,tank,0.0775,0.010800000000000004,1,1,False,12,0,0.9985,gmc,62.2,62.19999999999982,73.40000000000009
hosted,13,6,large_launcher,0.0838,large_tower,0.0775,0.0063,1,0,False,14,0,1.0,observed,92.6,123.29999999999995,92.5
hosted,13,5,small_tower,0.0823,tank,0.0781,0.004199999999999995,1,1,False,13,0,0.994,gmc,66.6,66.60000000000014,71.0
hosted,13,4,jammer,0.0883,tank,0.0775,0.010800000000000004,1,2,False,12,0,0.9924,gmc,62.7,62.600000000000364,74.5
hosted,14,7,small_launcher,0.0881,jammer,0.0783,0.009800000000000003,1,0,False,15,0,1.0,observed,62.6,64.39999999999986,62.60000000000002
hosted,14,6,large_launcher,0.0838,large_tower,0.0775,0.0063,1,1,False,14,0,0.9955,gmc,94.0,124.20000000000005,94.0
hosted,14,5,small_tower,0.0823,tank,0.0781,0.004199999999999995,1,2,False,13,0,0.9894,gmc,67.1,67.0,72.09999999999991
hosted,15,7,small_launcher,0.0881,jammer,0.0783,0.009800000000000003,1,1,False,15,0,0.9985,gmc,63.5,64.79999999999995,63.5
hosted,15,6,large_launcher,0.0838,large_tower,0.0775,0.0063,1,2,False,14,0,0.9939,gmc,95.3,125.19999999999982,95.39999999999998
hosted,16,8,jammer,0.0917,ta-ta,0.0837,0.008000000000000007,1,0,False,17,0,1.0,observed,66.1,76.89999999999998,66.1
hosted,16,7,small_launcher,0.0881,jammer,0.0783,0.009800000000000003,1,2,False,15,0,0.997,gmc,64.4,65.30000000000018,64.40000000000003
hosted,17,7,small_launcher,0.1002,jammer,0.0903,0.009899999999999992,2,0,True,18,0,0.8394,observed,61.1,61.09999999999991,63.5
hosted,17,8,jammer,0.0917,ta-ta,0.0837,0.008000000000000007,1,1,False,17,0,0.9955,gmc,67.1,77.39999999999998,67.1
hosted,18,7,small_launcher,0.1242,jammer,0.1001,0.02410000000000001,3,0,True,19,0,0.8705,observed,62.5,62.399999999999864,63.69999999999999
hosted,18,9,jammer,0.085,ta-ta,0.0804,0.004600000000000007,1,0,False,19,0,1.0,observed,75.7,85.20000000000005,75.69999999999993
hosted,18,8,jammer,0.0917,ta-ta,0.0837,0.008000000000000007,1,2,False,17,0,0.9955,gmc,68.1,78.0,68.0
hosted,19,7,small_launcher,0.1407,jammer,0.1049,0.0358,4,0,True,20,0,0.8645,observed,67.0,67.0,68.60000000000002
hosted,19,9,jammer,0.085,ta-ta,0.0804,0.004600000000000007,1,1,False,19,0,0.9954,gmc,76.8,85.89999999999986,76.80000000000007
hosted,20,7,small_launcher,0.1581,jammer,0.1123,0.045799999999999993,5,0,True,21,0,0.8687,observed,65.4,65.40000000000009,67.10000000000002
hosted,20,9,jammer,0.085,ta-ta,0.0804,0.004600000000000007,1,2,False,19,0,0.9924,gmc,78.0,86.5,78.0
hosted,21,7,small_launcher,0.1632,jammer,0.1098,0.05340000000000002,6,0,True,22,0,0.8573,observed,69.1,69.60000000000014,69.10000000000002
hosted,22,7,small_launcher,0.1706,jammer,0.1142,0.056400000000000006,7,0,True,23,0,0.8624,observed,69.1,70.0,69.10000000000002
hosted,23,7,small_launcher,0.165,jammer,0.1219,0.04310000000000001,8,0,True,24,0,0.8465,observed,64.1,64.09999999999991,66.19999999999993
hosted,24,7,small_launcher,0.1615,jammer,0.1246,0.0369,9,0,True,25,0,0.8405,observed,66.7,66.79999999999995,67.70000000000005
hosted,25,7,small_launcher,0.1614,jammer,0.1268,0.03459999999999999,10,0,True,26,0,0.8463,observed,71.4,71.39999999999986,71.30000000000007
hosted,25,10,jet_plane,0.0714,large_tower,0.0711,0.0003000000000000086,1,0,False,26,0,1.0,observed,66.2,66.20000000000005,68.70000000000005
hosted,26,7,small_launcher,0.1549,jammer,0.1221,0.03280000000000001,11,0,True,27,0,0.838,observed,69.0,69.0,70.39999999999998
hosted,26,10,large_tower,0.0851,jet_plane,0.0831,0.0020000000000000018,2,0,True,27,0,0.8441,observed,70.8,70.80000000000007,75.89999999999998
hosted,27,7,small_launcher,0.1541,jammer,0.1224,0.03169999999999999,12,0,True,28,0,0.8449,observed,70.9,70.89999999999986,71.30000000000018
hosted,27,10,large_tower,0.0851,jet_plane,0.0831,0.0020000000000000018,2,1,True,27,0,0.8416,gmc,71.4,71.39999999999998,77.10000000000002
hosted,27,11,small_tower,0.0699,condor,0.0696,0.0003000000000000086,1,0,False,28,0,1.0,observed,73.0,73.0,79.60000000000014
hosted,28,7,small_launcher,0.1481,jammer,0.1183,0.029800000000000007,13,0,True,29,0,0.833,observed,70.7,70.59999999999991,72.0
hosted,28,10,large_tower,0.0851,jet_plane,0.0831,0.0020000000000000018,2,2,True,27,0,0.839,gmc,71.9,71.89999999999998,78.30000000000007
hosted,28,11,small_tower,0.0699,condor,0.0696,0.0003000000000000086,1,1,False,28,0,0.9969,gmc,73.6,73.5,80.70000000000005
hosted,29,7,small_launcher,0.1448,jammer,0.1204,0.02440000000000002,14,0,True,30,0,0.8356,observed,66.4,66.40000000000009,71.0
hosted,29,11,small_tower,0.0699,condor,0.0696,0.0003000000000000086,1,2,False,28,0,0.9938,gmc,74.2,74.10000000000014,81.89999999999986
hosted,30,7,small_launcher,0.1448,jammer,0.1204,0.02440000000000002,14,1,True,30,0,0.8317,gmc,66.9,66.90000000000009,72.09999999999991
hosted,31,7,small_launcher,0.1448,jammer,0.1204,0.02440000000000002,14,2,True,30,0,0.8317,gmc,67.4,67.40000000000009,73.10000000000014
hosted,32,7,small_launcher,0.1493,jammer,0.1243,0.024999999999999994,15,0,True,33,0,0.8477,observed,69.5,69.5,71.90000000000009
hosted,33,7,small_launcher,0.1432,jammer,0.1257,0.017499999999999988,16,0,True,34,0,0.8399,observed,68.0,68.0,69.90000000000009
hosted,34,7,small_launcher,0.1432,jammer,0.1257,0.017499999999999988,16,1,True,34,0,0.8374,gmc,68.6,68.60000000000014,70.90000000000009
hosted,35,7,small_launcher,0.1432,jammer,0.1257,0.017499999999999988,16,2,True,34,0,0.8374,gmc,69.1,69.10000000000014,71.90000000000009
hosted,35,12,tank,0.0779,jammer,0.0748,0.0030999999999999917,1,0,False,36,0,1.0,observed,51.6,51.59999999999991,53.69999999999999
hosted,35,13,tank,0.0706,large_launcher,0.0706,0.0,1,0,False,36,0,1.0,observed,40.3,48.80000000000018,40.30000000000001
hosted,35,14,jet_plane,0.0892,large_tower,0.0853,0.0039000000000000007,1,0,False,36,0,1.0,observed,87.7,104.90000000000009,87.69999999999999
hosted,36,15,large_launcher,0.0737,small_tower,0.0718,0.001899999999999999,1,0,False,37,0,1.0,observed,63.3,65.20000000000005,63.299999999999955
hosted,36,12,tank,0.0779,jammer,0.0748,0.0030999999999999917,1,1,False,36,0,0.9954,gmc,52.0,52.0,54.5
hosted,36,13,tank,0.0706,large_launcher,0.0706,0.0,1,1,False,36,0,0.9954,gmc,40.9,49.19999999999982,41.0
hosted,36,14,jet_plane,0.0892,large_tower,0.0853,0.0039000000000000007,1,1,False,36,0,0.9954,gmc,89.0,105.70000000000005,89.09999999999997
hosted,37,12,tank,0.0953,jammer,0.0857,0.009599999999999997,2,0,True,38,0,0.8479,observed,64.2,81.5,64.09999999999997
hosted,37,15,large_launcher,0.0796,small_launcher,0.077,0.002600000000000005,2,0,True,38,0,0.8374,observed,56.3,56.299999999999955,61.5
hosted,37,16,small_launcher,0.0754,jammer,0.0731,0.0022999999999999965,1,0,False,38,0,1.0,observed,72.3,72.29999999999995,76.29999999999995
hosted,37,13,tank,0.0706,large_launcher,0.0706,0.0,1,2,False,36,0,0.9924,gmc,41.5,49.59999999999991,41.60000000000002
hosted,37,14,jet_plane,0.0892,large_tower,0.0853,0.0039000000000000007,1,2,False,36,0,0.9924,gmc,90.4,106.40000000000009,90.40000000000003
hosted,38,12,tank,0.0953,jammer,0.0857,0.009599999999999997,2,1,True,38,0,0.8479,gmc,65.1,82.10000000000036,65.10000000000002
hosted,38,15,large_launcher,0.0796,small_launcher,0.077,0.002600000000000005,2,1,True,38,0,0.8374,gmc,56.8,56.799999999999955,62.30000000000001
hosted,38,16,small_launcher,0.0754,jammer,0.0731,0.0022999999999999965,1,1,False,38,0,1.0,gmc,72.8,72.80000000000018,77.5
hosted,39,12,tank,0.0953,jammer,0.0857,0.009599999999999997,2,2,True,38,0,0.8479,gmc,66.1,82.70000000000027,66.10000000000002
hosted,39,15,large_launcher,0.0796,small_launcher,0.077,0.002600000000000005,2,2,True,38,0,0.8374,gmc,57.2,57.200000000000045,63.30000000000007
hosted,39,16,small_launcher,0.0754,jammer,0.0731,0.0022999999999999965,1,2,False,38,0,1.0,gmc,73.4,73.40000000000009,78.59999999999991
hosted,41,17,jammer,0.0788,ta-ta,0.0787,9.999999999998899e-05,1,0,False,42,0,1.0,observed,56.8,59.600000000000136,56.89999999999998
hosted,41,18,spacecraft,0.0795,small_tower,0.0754,0.004100000000000006,1,0,False,42,0,1.0,observed,51.9,58.09999999999991,51.9
hosted,41,19,large_tower,0.0738,tank,0.0726,0.0012000000000000066,1,0,False,42,0,1.0,observed,53.3,56.20000000000027,53.299999999999955
hosted,42,17,jammer,0.0978,ta-ta,0.0955,0.0022999999999999965,2,0,True,43,0,0.8461,observed,56.8,56.799999999999955,57.0
hosted,42,19,tank,0.089,large_tower,0.0843,0.004699999999999996,2,0,True,43,0,0.8551,observed,56.3,60.0,56.30000000000007
hosted,42,20,tank,0.0806,small_launcher,0.0746,0.006000000000000005,1,0,False,43,0,1.0,observed,78.9,78.90000000000009,82.69999999999982
hosted,42,18,spacecraft,0.0795,small_tower,0.0754,0.004100000000000006,1,1,False,42,0,1.0,gmc,52.6,58.600000000000136,52.599999999999994
hosted,43,18,spacecraft,0.094,small_tower,0.0819,0.0121,2,0,True,44,0,0.8521,observed,64.4,66.89999999999986,64.4
hosted,43,17,jammer,0.0978,ta-ta,0.0955,0.0022999999999999965,2,1,True,43,0,0.8422,gmc,57.2,57.200000000000045,57.89999999999998
hosted,43,19,tank,0.089,large_tower,0.0843,0.004699999999999996,2,1,True,43,0,0.8512,gmc,57.1,60.40000000000009,57.09999999999991
hosted,43,21,spacecraft,0.0917,large_launcher,0.077,0.014700000000000005,1,0,False,44,0,1.0,observed,47.6,47.600000000000136,58.89999999999998
hosted,43,20,tank,0.0806,small_launcher,0.0746,0.006000000000000005,1,1,False,43,0,0.9954,gmc,61.0,79.5,61.0
hosted,44,18,spacecraft,0.1066,small_tower,0.0935,0.0131,3,0,True,45,0,0.8419,observed,63.1,64.80000000000018,63.099999999999994
hosted,44,19,tank,0.098,large_launcher,0.0882,0.009800000000000003,3,0,True,45,0,0.8363,observed,59.2,65.90000000000009,59.200000000000045
hosted,44,21,spacecraft,0.1201,small_tower,0.0863,0.0338,2,0,True,45,0,0.8821,observed,43.6,43.600000000000136,52.200000000000045
hosted,44,17,jammer,0.0978,ta-ta,0.0955,0.0022999999999999965,2,2,True,43,0,0.8409,gmc,57.6,57.700000000000045,58.799999999999955
hosted,44,22,jet_plane,0.0867,helicopter,0.0825,0.004199999999999995,1,0,False,45,0,1.0,observed,58.3,70.29999999999995,58.30000000000001
hosted,45,18,spacecraft,0.1183,small_tower,0.1053,0.012999999999999998,4,0,True,46,0,0.8381,observed,59.0,60.100000000000136,59.0
hosted,45,19,tank,0.1066,large_launcher,0.097,0.009599999999999997,4,0,True,46,0,0.8464,observed,55.8,67.69999999999982,55.89999999999998
hosted,45,17,jammer,0.1151,ta-ta,0.1048,0.01029999999999999,3,0,True,46,0,0.8621,observed,58.1,64.40000000000009,58.10000000000002
hosted,45,21,spacecraft,0.1201,small_tower,0.0863,0.0338,2,1,True,45,0,0.8808,gmc,43.9,43.90000000000009,53.10000000000002
hosted,45,23,ta-ta,0.0929,jammer,0.0864,0.006499999999999992,1,0,False,46,0,1.0,observed,57.6,73.59999999999991,57.69999999999982
hosted,45,22,jet_plane,0.0867,helicopter,0.0825,0.004199999999999995,1,1,False,45,0,0.9985,gmc,59.2,70.90000000000009,59.20000000000002
hosted,46,18,spacecraft,0.1345,small_tower,0.1131,0.021400000000000002,5,0,True,47,0,0.86,observed,58.2,60.59999999999991,58.19999999999999
hosted,46,17,jammer,0.1104,ta-ta,0.0998,0.010599999999999998,4,0,True,47,0,0.8509,observed,57.4,69.20000000000005,57.39999999999998
hosted,46,21,spacecraft,0.1447,ta-ta,0.0888,0.05589999999999999,3,0,True,47,0,0.8796,observed,46.7,46.799999999999955,60.19999999999999
hosted,46,19,tank,0.1066,large_launcher,0.097,0.009599999999999997,4,1,True,46,0,0.8412,gmc,56.6,68.30000000000018,56.700000000000045
hosted,46,22,jet_plane,0.0867,helicopter,0.0825,0.004199999999999995,1,2,False,45,0,0.9923,gmc,60.1,71.40000000000009,60.099999999999994
hosted,47,18,spacecraft,0.1378,ta-ta,0.1126,0.0252,6,0,True,48,0,0.8583,observed,63.7,68.5,63.80000000000001
hosted,47,17,jammer,0.1275,ta-ta,0.1127,0.014800000000000008,5,0,True,48,0,0.8527,observed,57.0,68.70000000000005,57.0
hosted,47,21,spacecraft,0.1447,ta-ta,0.0888,0.05589999999999999,3,1,True,47,0,0.8796,gmc,47.1,47.100000000000136,61.19999999999999
hosted,47,19,tank,0.1066,large_launcher,0.097,0.009599999999999997,4,2,True,46,0,0.8412,gmc,57.5,68.69999999999982,57.500000000000114
hosted,48,18,spacecraft,0.1382,ta-ta,0.1225,0.015699999999999992,7,0,True,49,0,0.8521,observed,62.5,68.0,62.39999999999998
hosted,48,17,jammer,0.152,ta-ta,0.1391,0.012899999999999995,6,0,True,49,0,0.8426,observed,53.5,60.200000000000045,53.59999999999991
hosted,48,21,spacecraft,0.1652,ta-ta,0.0997,0.06550000000000002,4,0,True,49,0,0.8692,observed,53.3,53.30000000000018,58.89999999999998
hosted,48,24,jet_plane,0.0854,large_tower,0.0821,0.0032999999999999974,1,0,False,49,0,1.0,observed,66.3,80.0,66.40000000000003
hosted,48,25,tank,0.0776,jammer,0.0755,0.0021000000000000046,1,0,False,49,0,1.0,observed,47.3,47.29999999999973,55.399999999999864
hosted,49,18,spacecraft,0.1382,ta-ta,0.1209,0.017299999999999996,8,0,True,50,0,0.8445,observed,60.9,67.0,60.89999999999998
hosted,49,17,jammer,0.1633,ta-ta,0.1511,0.012199999999999989,7,0,True,50,0,0.8394,observed,55.4,58.09999999999991,55.30000000000018
hosted,49,21,spacecraft,0.1943,ta-ta,0.1027,0.0916,5,0,True,50,0,0.8928,observed,45.7,45.700000000000045,54.700000000000045
hosted,49,24,jet_plane,0.0964,large_tower,0.0902,0.006199999999999997,2,0,True,50,0,0.8369,observed,65.9,76.80000000000018,65.90000000000003
hosted,49,26,jammer,0.0766,large_launcher,0.0765,0.00010000000000000286,1,0,False,50,0,1.0,observed,63.7,68.40000000000009,63.70000000000002
hosted,49,25,tank,0.0776,jammer,0.0755,0.0021000000000000046,1,1,False,49,0,0.9985,gmc,47.7,47.69999999999982,56.30000000000018
hosted,50,18,spacecraft,0.1347,ta-ta,0.1133,0.02139999999999999,9,0,True,51,0,0.842,observed,75.6,98.29999999999995,75.60000000000002
hosted,50,24,jet_plane,0.1164,large_tower,0.1112,0.00520000000000001,3,0,True,51,0,0.8382,observed,69.9,92.29999999999995,69.89999999999998
hosted,50,17,jammer,0.1633,ta-ta,0.1511,0.012199999999999989,7,1,True,50,0,0.8369,gmc,56.2,58.5,56.19999999999982
hosted,50,21,spacecraft,0.1943,ta-ta,0.1027,0.0916,5,1,True,50,0,0.8901,gmc,46.0,45.999999999999886,55.60000000000002
hosted,50,27,jammer,0.0791,large_tower,0.0757,0.0034000000000000002,1,0,False,51,0,1.0,observed,55.1,55.100000000000364,58.799999999999955
hosted,50,26,jammer,0.0766,large_launcher,0.0765,0.00010000000000000286,1,1,False,50,0,0.997,gmc,64.7,69.0,64.6
hosted,50,25,tank,0.0776,jammer,0.0755,0.0021000000000000046,1,2,False,49,0,0.9954,gmc,48.0,48.0,57.200000000000045
hosted,51,17,jammer,0.1773,ta-ta,0.1554,0.021900000000000003,8,0,True,52,0,0.8605,observed,63.3,65.29999999999995,63.30000000000018
hosted,51,21,spacecraft,0.2009,ta-ta,0.1123,0.0886,6,0,True,52,0,0.8568,observed,47.9,47.899999999999864,56.39999999999998
hosted,51,18,spacecraft,0.1347,ta-ta,0.1133,0.02139999999999999,9,1,True,51,0,0.8354,gmc,76.7,98.89999999999998,76.70000000000005
hosted,51,24,jet_plane,0.1164,large_tower,0.1112,0.00520000000000001,3,1,True,51,0,0.8316,gmc,71.0,93.0,71.0
hosted,51,27,jammer,0.0791,large_tower,0.0757,0.0034000000000000002,1,1,False,51,0,0.9922,gmc,55.5,55.5,59.700000000000045
hosted,51,26,jammer,0.0766,large_launcher,0.0765,0.00010000000000000286,1,2,False,50,0,0.9891,gmc,65.7,69.5,65.70000000000002
hosted,52,18,spacecraft,0.138,ta-ta,0.1205,0.017500000000000016,10,0,True,53,0,0.8386,observed,64.5,71.09999999999991,64.5
hosted,52,21,spacecraft,0.2014,ta-ta,0.1183,0.0831,7,0,True,53,0,0.8547,observed,45.2,45.200000000000045,50.10000000000002
hosted,52,17,jammer,0.1773,ta-ta,0.1554,0.021900000000000003,8,1,True,52,0,0.8526,gmc,64.3,65.79999999999995,64.20000000000005
hosted,52,24,jet_plane,0.1164,large_tower,0.1112,0.00520000000000001,3,2,True,51,0,0.824,gmc,72.1,93.70000000000005,72.09999999999991
hosted,52,27,jammer,0.0791,large_tower,0.0757,0.0034000000000000002,1,2,False,51,0,0.9831,gmc,56.0,55.899999999999636,60.700000000000045
hosted,53,17,jammer,0.2528,ta-ta,0.1632,0.08960000000000001,9,0,True,54,0,0.9132,observed,61.5,61.90000000000009,61.5
hosted,53,21,spacecraft,0.218,ta-ta,0.1192,0.0988,8,0,True,54,0,0.8823,observed,50.2,50.200000000000045,54.19999999999993
hosted,53,18,spacecraft,0.138,ta-ta,0.1205,0.017500000000000016,10,1,True,53,0,0.8361,gmc,65.4,71.69999999999993,65.5
hosted,53,28,spacecraft,0.0801,small_launcher,0.0788,0.0013000000000000095,1,0,False,54,0,1.0,observed,49.8,49.799999999999955,51.89999999999999
hosted,54,18,spacecraft,0.1356,ta-ta,0.1224,0.013200000000000003,11,0,True,55,0,0.8389,observed,67.4,68.5,67.29999999999995
hosted,54,21,spacecraft,0.2182,ta-ta,0.1151,0.10310000000000001,9,0,True,55,0,0.8673,observed,46.2,51.0,46.10000000000002
hosted,54,17,jammer,0.2528,ta-ta,0.1632,0.08960000000000001,9,1,True,54,0,0.9118,gmc,62.4,62.5,62.5
hosted,54,28,spacecraft,0.0801,small_launcher,0.0788,0.0013000000000000095,1,1,False,54,0,0.9985,gmc,50.1,50.09999999999991,52.7
hosted,55,18,spacecraft,0.1369,ta-ta,0.1306,0.0063,12,0,True,56,0,0.85,observed,64.9,64.89999999999998,66.89999999999998
hosted,55,17,jammer,0.2942,ta-ta,0.162,0.1322,10,0,True,56,0,0.8977,observed,63.8,63.799999999999955,66.20000000000005
hosted,55,21,spacecraft,0.2182,ta-ta,0.1151,0.10310000000000001,9,1,True,55,0,0.8607,gmc,46.9,51.500000000000114,46.80000000000007
hosted,55,29,large_tower,0.093,jet_plane,0.0851,0.007900000000000004,1,0,False,56,0,1.0,observed,62.6,85.5,62.60000000000002
hosted,55,28,spacecraft,0.0801,small_launcher,0.0788,0.0013000000000000095,1,2,False,54,0,0.9909,gmc,50.5,50.5,53.5
hosted,56,18,spacecraft,0.1396,ta-ta,0.1381,0.0015000000000000013,13,0,True,57,0,0.8471,observed,63.4,63.39999999999998,66.0
hosted,56,17,jammer,0.3068,ta-ta,0.1562,0.1506,11,0,True,57,0,0.888,observed,65.1,65.10000000000014,67.20000000000005
hosted,56,21,spacecraft,0.2182,ta-ta,0.1151,0.10310000000000001,9,2,True,55,0,0.8581,gmc,47.6,51.90000000000009,47.59999999999991
hosted,56,30,large_tower,0.0721,tank,0.0719,0.00019999999999999185,1,0,False,57,0,1.0,observed,55.3,64.90000000000009,55.40000000000009
hosted,56,29,large_tower,0.093,jet_plane,0.0851,0.007900000000000004,1,1,False,56,0,0.9969,gmc,63.6,86.10000000000014,63.60000000000002
hosted,57,17,jammer,0.3046,ta-ta,0.163,0.14159999999999998,12,0,True,58,0,0.8615,observed,66.0,67.5,66.0
hosted,57,21,spacecraft,0.217,ta-ta,0.1422,0.0748,10,0,True,58,0,0.869,observed,49.7,49.69999999999993,56.09999999999991
hosted,57,29,large_tower,0.114,jet_plane,0.1058,0.008199999999999999,2,0,True,58,0,0.8359,observed,71.2,97.0,71.20000000000005
hosted,57,18,spacecraft,0.1396,ta-ta,0.1381,0.0015000000000000013,13,1,True,57,0,0.8445,gmc,63.9,63.90000000000009,67.00000000000011
hosted,57,31,small_launcher,0.0757,jammer,0.0734,0.0022999999999999965,1,0,False,58,0,1.0,observed,55.2,55.80000000000007,55.19999999999999
hosted,57,32,spacecraft,0.0975,small_launcher,0.0808,0.016700000000000007,1,0,False,58,0,1.0,observed,52.2,52.200000000000045,58.60000000000002
hosted,57,30,large_tower,0.0721,tank,0.0719,0.00019999999999999185,1,1,False,57,0,0.997,gmc,56.2,65.40000000000009,56.200000000000045
hosted,58,18,ta-ta,0.1607,spacecraft,0.1398,0.020900000000000002,14,0,True,59,0,0.8798,observed,67.5,68.70000000000005,67.5
hosted,58,17,jammer,0.3366,ta-ta,0.1568,0.17980000000000002,13,0,True,59,0,0.9002,observed,63.1,66.29999999999995,63.09999999999991
hosted,58,32,spacecraft,0.1304,small_launcher,0.0966,0.03379999999999998,2,0,True,59,0,0.8794,observed,56.7,56.700000000000045,61.5
hosted,58,21,spacecraft,0.217,ta-ta,0.1422,0.0748,10,1,True,58,0,0.8677,gmc,50.1,50.10000000000002,57.0
hosted,58,29,large_tower,0.114,jet_plane,0.1058,0.008199999999999999,2,1,True,58,0,0.8346,gmc,72.3,97.70000000000005,72.30000000000007
hosted,58,31,small_launcher,0.0757,jammer,0.0734,0.0022999999999999965,1,1,False,58,0,0.9985,gmc,56.0,56.200000000000045,56.0
hosted,58,30,large_tower,0.0721,tank,0.0719,0.00019999999999999185,1,2,False,57,0,0.9955,gmc,57.1,65.80000000000018,57.0
hosted,59,17,jammer,0.3334,ta-ta,0.1559,0.17749999999999996,14,0,True,60,0,0.8769,observed,66.1,70.59999999999991,66.09999999999991
hosted,59,18,ta-ta,0.1607,spacecraft,0.1398,0.020900000000000002,14,1,True,59,0,0.8772,gmc,68.5,69.20000000000005,68.5
hosted,59,32,spacecraft,0.1304,small_launcher,0.0966,0.03379999999999998,2,1,True,59,0,0.8767,gmc,57.1,57.09999999999991,62.400000000000034
hosted,59,21,spacecraft,0.217,ta-ta,0.1422,0.0748,10,2,True,58,0,0.8651,gmc,50.5,50.5,57.799999999999955
hosted,59,29,large_tower,0.114,jet_plane,0.1058,0.008199999999999999,2,2,True,58,0,0.8321,gmc,73.4,98.39999999999986,73.40000000000009
hosted,59,31,small_launcher,0.0757,jammer,0.0734,0.0022999999999999965,1,2,False,58,0,0.9955,gmc,56.6,56.60000000000002,56.89999999999998
hosted,60,17,jammer,0.3855,ta-ta,0.1735,0.21200000000000002,15,0,True,61,0,0.8858,observed,62.6,65.70000000000005,62.600000000000136
hosted,60,18,ta-ta,0.1607,spacecraft,0.1398,0.020900000000000002,14,2,True,59,0,0.8731,gmc,69.6,69.80000000000007,69.59999999999991
hosted,60,32,spacecraft,0.1304,small_launcher,0.0966,0.03379999999999998,2,2,True,59,0,0.8726,gmc,57.6,57.59999999999991,63.400000000000034
hosted,61,17,jammer,0.4231,ta-ta,0.1941,0.22899999999999998,16,0,True,62,0,0.8749,observed,58.7,60.200000000000045,58.70000000000027
hosted,61,18,ta-ta,0.1586,spacecraft,0.1416,0.016999999999999987,15,0,True,62,0,0.8367,observed,69.8,69.80000000000007,71.70000000000005
hosted,62,18,ta-ta,0.1567,spacecraft,0.1457,0.01100000000000001,16,0,True,63,0,0.8442,observed,71.3,72.5,71.29999999999995
hosted,62,17,jammer,0.4231,ta-ta,0.1941,0.22899999999999998,16,1,True,62,0,0.8722,gmc,31.1,60.80000000000018,31.09999999999991
hosted,63,18,ta-ta,0.1567,spacecraft,0.1457,0.01100000000000001,16,1,True,63,0,0.8403,gmc,72.4,73.10000000000002,72.30000000000018
hosted,64,18,ta-ta,0.1567,spacecraft,0.1457,0.01100000000000001,16,2,True,63,0,0.8364,gmc,73.5,73.69999999999993,73.5
hosted,64,33,jet_plane,0.1158,medium_launcher,0.0946,0.021199999999999997,1,0,False,65,0,1.0,observed,81.8,109.70000000000005,81.79999999999995
hosted,65,18,ta-ta,0.1654,spacecraft,0.1456,0.019799999999999984,17,0,True,66,0,0.8602,observed,70.2,74.70000000000005,70.29999999999995
hosted,65,34,jammer,0.0782,ta-ta,0.0758,0.0023999999999999994,1,0,False,66,0,1.0,observed,72.2,80.5,72.10000000000014
hosted,65,33,jet_plane,0.1158,medium_launcher,0.0946,0.021199999999999997,1,1,False,65,0,0.9969,gmc,83.1,110.59999999999991,83.09999999999991
hosted,66,18,ta-ta,0.1654,spacecraft,0.1456,0.019799999999999984,17,1,True,66,0,0.8589,gmc,71.3,75.19999999999993,71.29999999999995
hosted,66,34,jammer,0.0782,ta-ta,0.0758,0.0023999999999999994,1,1,False,66,0,0.9985,gmc,73.3,81.20000000000005,73.30000000000018
hosted,66,33,jet_plane,0.1158,medium_launcher,0.0946,0.021199999999999997,1,2,False,65,0,0.9954,gmc,84.4,111.40000000000009,84.39999999999986
hosted,67,33,jet_plane,0.1507,large_tower,0.1108,0.039900000000000005,2,0,True,68,0,0.8601,observed,78.8,100.60000000000014,78.79999999999995
hosted,67,18,ta-ta,0.1654,spacecraft,0.1456,0.019799999999999984,17,2,True,66,0,0.8549,gmc,72.4,75.90000000000009,72.40000000000009
hosted,67,35,small_launcher,0.077,spacecraft,0.0758,0.0011999999999999927,1,0,False,68,0,1.0,observed,61.4,61.40000000000009,63.299999999999955
hosted,67,34,jammer,0.0782,ta-ta,0.0758,0.0023999999999999994,1,2,False,66,0,0.9938,gmc,74.4,81.79999999999995,74.39999999999986
hosted,68,33,jet_plane,0.1507,large_tower,0.1108,0.039900000000000005,2,1,True,68,0,0.8574,gmc,80.0,101.39999999999986,80.09999999999991
hosted,68,35,small_launcher,0.077,spacecraft,0.0758,0.0011999999999999927,1,1,False,68,0,0.997,gmc,61.8,61.80000000000018,64.30000000000007
hosted,69,35,spacecraft,0.0908,small_launcher,0.0889,0.001899999999999999,2,0,True,70,0,0.8438,observed,63.7,63.700000000000045,70.89999999999998
hosted,69,33,jet_plane,0.1507,large_tower,0.1108,0.039900000000000005,2,2,True,68,0,0.8548,gmc,81.3,102.19999999999982,81.29999999999995
hosted,69,36,large_launcher,0.092,large_tower,0.077,0.015,1,0,False,70,0,1.0,observed,79.5,83.69999999999982,79.5
hosted,70,35,spacecraft,0.0989,small_launcher,0.0949,0.0040000000000000036,3,0,True,71,0,0.843,observed,60.9,60.90000000000009,71.90000000000009
hosted,70,36,large_launcher,0.092,large_tower,0.077,0.015,1,1,False,70,0,0.9985,gmc,80.7,84.39999999999986,80.69999999999982
hosted,71,35,spacecraft,0.1144,small_launcher,0.1035,0.010900000000000007,4,0,True,72,0,0.858,observed,62.8,62.799999999999955,76.20000000000005
hosted,71,36,large_launcher,0.092,large_tower,0.077,0.015,1,2,False,70,0,0.9909,gmc,82.0,85.09999999999991,81.89999999999986
hosted,72,35,spacecraft,0.1214,small_launcher,0.1111,0.01029999999999999,5,0,True,73,0,0.8371,observed,71.6,71.70000000000005,75.39999999999986
hosted,73,35,spacecraft,0.1315,small_launcher,0.1212,0.010300000000000004,6,0,True,74,0,0.8382,observed,72.0,72.0,75.30000000000018
hosted,74,35,spacecraft,0.1315,small_launcher,0.1212,0.010300000000000004,6,1,True,74,0,0.833,gmc,72.6,72.59999999999991,76.40000000000009
hosted,75,35,spacecraft,0.1315,small_launcher,0.1212,0.010300000000000004,6,2,True,74,0,0.8292,gmc,73.1,73.09999999999991,77.70000000000005
hosted,75,37,jammer,0.0758,small_launcher,0.075,0.000800000000000009,1,0,False,76,0,1.0,observed,65.2,66.10000000000002,65.19999999999982
hosted,76,37,jammer,0.0851,small_launcher,0.0825,0.002599999999999991,2,0,True,77,0,0.8354,observed,66.0,68.89999999999998,66.0
hosted,77,37,jammer,0.0851,small_launcher,0.0825,0.002599999999999991,2,1,True,77,0,0.8252,gmc,67.0,69.39999999999998,67.0
hosted,78,37,jammer,0.0851,small_launcher,0.0825,0.002599999999999991,2,2,True,77,0,0.8214,gmc,68.1,70.0,68.09999999999991
hosted,79,38,jammer,0.088,ta-ta,0.0822,0.0058,1,0,False,80,0,1.0,observed,66.4,67.5,66.40000000000009
hosted,80,39,spacecraft,0.0813,condor,0.0716,0.0097,1,0,False,81,0,1.0,observed,70.8,70.79999999999995,85.29999999999995
hosted,80,38,jammer,0.088,ta-ta,0.0822,0.0058,1,1,False,80,0,0.9954,gmc,67.4,68.0,67.40000000000009
hosted,81,39,spacecraft,0.0813,condor,0.0716,0.0097,1,1,False,81,0,0.9969,gmc,71.4,71.40000000000009,86.60000000000014
hosted,81,38,jammer,0.088,ta-ta,0.0822,0.0058,1,2,False,80,0,0.9923,gmc,68.5,68.70000000000027,68.39999999999986
hosted,82,39,spacecraft,0.0813,condor,0.0716,0.0097,1,2,False,81,0,0.9893,gmc,72.0,71.89999999999986,88.0
hosted,86,40,ta-ta,0.0858,jammer,0.0794,0.006400000000000003,1,0,False,87,0,1.0,observed,61.3,61.19999999999982,66.0
hosted,87,40,ta-ta,0.0858,jammer,0.0794,0.006400000000000003,1,1,False,87,0,0.9953,gmc,35.5,61.70000000000027,35.5
hosted,88,41,ta-ta,0.0776,jammer,0.077,0.0006000000000000033,1,0,False,89,0,1.0,observed,61.6,64.30000000000001,61.599999999999994
hosted,89,41,ta-ta,0.0776,jammer,0.077,0.0006000000000000033,1,1,False,89,0,0.9939,gmc,62.5,64.80000000000001,62.5
hosted,90,41,ta-ta,0.0776,jammer,0.077,0.0006000000000000033,1,2,False,89,0,0.9893,gmc,63.5,65.30000000000001,63.5
hosted,95,42,large_launcher,0.0759,spacecraft,0.0737,0.0021999999999999936,1,0,False,96,0,1.0,observed,42.7,42.70000000000027,52.0
hosted,96,42,large_launcher,0.0759,spacecraft,0.0737,0.0021999999999999936,1,1,False,96,0,0.9969,gmc,43.0,43.0,52.69999999999999
hosted,97,42,large_launcher,0.0839,spacecraft,0.0796,0.004299999999999998,2,0,True,98,0,0.8291,observed,41.9,52.70000000000027,41.89999999999998
hosted,98,42,large_launcher,0.088,spacecraft,0.0879,9.999999999998899e-05,3,0,True,99,0,0.8398,observed,45.3,52.5,45.39999999999998
hosted,99,42,spacecraft,0.0953,large_launcher,0.094,0.0012999999999999956,4,0,True,100,0,0.8296,observed,45.2,45.29999999999973,49.5
hosted,100,42,spacecraft,0.0953,large_launcher,0.094,0.0012999999999999956,4,1,True,100,0,0.8244,gmc,45.6,45.59999999999991,50.299999999999955
hosted,100,43,ta-ta,0.0773,jammer,0.0772,9.999999999998899e-05,1,0,False,101,0,1.0,observed,73.5,89.70000000000005,73.39999999999998
hosted,101,43,ta-ta,0.1141,jammer,0.1011,0.012999999999999998,2,0,True,102,0,0.8735,observed,56.9,56.899999999999864,65.09999999999991
hosted,101,42,spacecraft,0.0953,large_launcher,0.094,0.0012999999999999956,4,2,True,100,0,0.8231,gmc,45.9,45.90000000000009,51.10000000000002
hosted,102,42,spacecraft,0.1088,tank,0.0898,0.01899999999999999,5,0,True,103,0,0.8501,observed,61.5,64.69999999999982,61.5
hosted,102,43,ta-ta,0.179,jammer,0.1347,0.044300000000000006,3,0,True,103,0,0.8879,observed,52.8,52.799999999999955,70.0
hosted,102,44,jammer,0.0895,ta-ta,0.0832,0.0063,1,0,False,103,0,1.0,observed,81.2,102.70000000000005,81.20000000000005
hosted,103,43,ta-ta,0.1936,jammer,0.1388,0.05479999999999999,4,0,True,104,0,0.8543,observed,50.5,50.5,72.20000000000005
hosted,103,42,spacecraft,0.1088,tank,0.0898,0.01899999999999999,5,1,True,103,0,0.8462,gmc,62.5,65.19999999999982,62.39999999999998
hosted,103,44,jammer,0.0895,ta-ta,0.0832,0.0063,1,1,False,103,0,0.9954,gmc,82.4,103.5,82.5
hosted,104,43,ta-ta,0.2181,jammer,0.1432,0.0749,5,0,True,105,0,0.8798,observed,50.2,50.200000000000045,75.60000000000002
hosted,104,42,spacecraft,0.1088,tank,0.0898,0.01899999999999999,5,2,True,103,0,0.8462,gmc,63.4,65.70000000000027,63.39999999999998
hosted,104,44,jammer,0.0895,ta-ta,0.0832,0.0063,1,2,False,103,0,0.9954,gmc,83.7,104.20000000000005,83.60000000000002
hosted,105,43,ta-ta,0.2379,jammer,0.1448,0.09309999999999999,6,0,True,106,0,0.8805,observed,50.1,50.100000000000136,75.60000000000002
hosted,106,43,ta-ta,0.236,jammer,0.1552,0.08079999999999998,7,0,True,107,0,0.8421,observed,47.8,47.700000000000045,72.40000000000009
hosted,107,43,ta-ta,0.2579,jammer,0.1675,0.09040000000000001,8,0,True,108,0,0.8657,observed,47.9,48.0,73.10000000000002
hosted,108,43,ta-ta,0.2579,jammer,0.1675,0.09040000000000001,8,1,True,108,0,0.8603,gmc,48.3,48.299999999999955,74.09999999999991
hosted,108,45,small_tower,0.072,medium_launcher,0.0707,0.0012999999999999956,1,0,False,109,0,1.0,observed,47.2,47.29999999999973,53.59999999999991
hosted,109,43,ta-ta,0.2579,jammer,0.1675,0.09040000000000001,8,2,True,108,0,0.8603,gmc,48.7,48.700000000000045,75.20000000000005
hosted,109,45,small_tower,0.072,medium_launcher,0.0707,0.0012999999999999956,1,1,False,109,0,1.0,gmc,47.6,47.59999999999991,54.40000000000009
hosted,110,43,ta-ta,0.2738,jammer,0.1744,0.09939999999999999,9,0,True,111,0,0.8681,observed,52.4,52.40000000000009,69.5
hosted,110,45,small_tower,0.072,medium_launcher,0.0707,0.0012999999999999956,1,2,False,109,0,0.9969,gmc,48.0,48.0,55.19999999999982
hosted,111,43,ta-ta,0.2738,jammer,0.1744,0.09939999999999999,9,1,True,111,0,0.8668,gmc,52.8,52.90000000000009,70.59999999999991
hosted,112,43,ta-ta,0.2738,jammer,0.1744,0.09939999999999999,9,2,True,111,0,0.8655,gmc,53.2,53.200000000000045,71.60000000000014
hosted,114,46,ta-ta,0.0833,jammer,0.081,0.0022999999999999965,1,0,False,115,0,1.0,observed,53.3,53.299999999999955,69.09999999999991
hosted,115,47,spacecraft,0.0874,medium_plane,0.0805,0.006900000000000003,1,0,False,116,0,1.0,observed,46.3,52.90000000000009,46.400000000000006
hosted,115,46,ta-ta,0.0833,jammer,0.081,0.0022999999999999965,1,1,False,115,0,0.9985,gmc,53.7,53.700000000000045,70.20000000000005
hosted,116,47,spacecraft,0.0874,medium_plane,0.0805,0.006900000000000003,1,1,False,116,0,0.9888,gmc,47.0,53.200000000000045,47.0
hosted,116,46,ta-ta,0.0833,jammer,0.081,0.0022999999999999965,1,2,False,115,0,0.9873,gmc,54.1,54.09999999999991,71.29999999999995
hosted,117,47,spacecraft,0.0874,medium_plane,0.0805,0.006900000000000003,1,2,False,116,0,0.9872,gmc,47.7,53.700000000000045,47.79999999999998
hosted,145,48,jammer,0.0753,small_launcher,0.0725,0.002800000000000011,1,0,False,146,0,1.0,observed,65.2,65.20000000000027,67.39999999999986
hosted,146,48,jammer,0.0828,spacecraft,0.079,0.003799999999999998,2,0,True,147,0,0.8222,observed,66.5,66.40000000000009,68.59999999999991
hosted,147,48,jammer,0.0828,spacecraft,0.079,0.003799999999999998,2,1,True,147,0,0.8184,gmc,67.0,67.0,69.60000000000014
hosted,148,48,jammer,0.0828,spacecraft,0.079,0.003799999999999998,2,2,True,147,0,0.8133,gmc,63.4,67.5,63.40000000000009
hosted,159,49,spacecraft,0.0696,medium_plane,0.0694,0.00019999999999999185,1,0,False,160,0,1.0,observed,59.2,60.09999999999991,59.19999999999993
hosted,160,49,spacecraft,0.0781,medium_plane,0.0758,0.0022999999999999965,2,0,True,161,0,0.8315,observed,56.8,59.40000000000009,56.700000000000045
hosted,161,49,ta-ta,0.0841,medium_plane,0.0829,0.0011999999999999927,3,0,True,162,0,0.8386,observed,58.9,61.70000000000027,58.90000000000009
hosted,162,49,ta-ta,0.0841,medium_plane,0.0829,0.0011999999999999927,3,1,True,162,0,0.8321,gmc,59.8,62.09999999999991,59.799999999999955
hosted,163,49,ta-ta,0.0841,medium_plane,0.0829,0.0011999999999999927,3,2,True,162,0,0.8282,gmc,60.7,62.59999999999991,60.700000000000045
hosted,168,50,spacecraft,0.0708,small_launcher,0.0708,0.0,1,0,False,169,0,1.0,observed,58.9,66.20000000000027,58.90000000000009
hosted,169,50,spacecraft,0.0708,small_launcher,0.0708,0.0,1,1,False,169,0,0.9969,gmc,59.8,66.79999999999973,59.799999999999955
hosted,170,50,spacecraft,0.0708,small_launcher,0.0708,0.0,1,2,False,169,0,0.9923,gmc,60.7,67.29999999999973,60.600000000000136
hosted,173,51,jammer,0.0934,ta-ta,0.0818,0.0116,1,0,False,174,0,1.0,observed,47.7,47.600000000000136,58.80000000000018
hosted,174,51,jammer,0.0934,ta-ta,0.0818,0.0116,1,1,False,174,0,0.9923,gmc,48.0,48.09999999999991,59.80000000000018
hosted,175,51,jammer,0.0934,ta-ta,0.0818,0.0116,1,2,False,174,0,0.9876,gmc,48.4,48.399999999999864,60.700000000000045
hosted,179,52,jammer,0.0871,tank,0.0793,0.007800000000000001,1,0,False,180,0,1.0,observed,52.3,52.299999999999955,58.5
hosted,180,52,jammer,0.0871,tank,0.0793,0.007800000000000001,1,1,False,180,0,0.9955,gmc,52.7,52.700000000000045,59.40000000000009
hosted,181,52,jammer,0.0871,tank,0.0793,0.007800000000000001,1,2,False,180,0,0.9925,gmc,53.1,53.100000000000136,60.30000000000018
hosted,186,53,ta-ta,0.1128,jammer,0.0969,0.015899999999999997,1,0,False,187,0,1.0,observed,50.5,51.600000000000136,50.5
hosted,187,53,ta-ta,0.1531,jammer,0.1244,0.028700000000000017,2,0,True,188,0,0.8647,observed,51.3,51.299999999999955,52.0
hosted,188,53,ta-ta,0.1531,jammer,0.1244,0.028700000000000017,2,1,True,188,0,0.8634,gmc,51.7,51.700000000000045,52.80000000000001
hosted,189,53,ta-ta,0.1531,jammer,0.1244,0.028700000000000017,2,2,True,188,0,0.8608,gmc,52.0,52.0,53.60000000000002
hosted,190,53,ta-ta,0.1824,jammer,0.1726,0.009800000000000003,3,0,True,191,0,0.8727,observed,52.3,63.09999999999991,52.19999999999993
hosted,191,53,jammer,0.1927,ta-ta,0.1857,0.007000000000000006,4,0,True,192,0,0.864,observed,54.6,66.29999999999995,54.60000000000002
hosted,192,53,jammer,0.2166,ta-ta,0.1998,0.01679999999999998,5,0,True,193,0,0.8553,observed,55.0,65.40000000000009,55.0
hosted,193,53,jammer,0.2315,ta-ta,0.2286,0.0029000000000000137,6,0,True,194,0,0.8563,observed,55.5,59.799999999999955,55.5
hosted,194,53,ta-ta,0.2542,jammer,0.2431,0.011099999999999971,7,0,True,195,0,0.8569,observed,54.2,54.09999999999991,54.89999999999998
hosted,195,53,ta-ta,0.2581,jammer,0.2468,0.011300000000000004,8,0,True,196,0,0.8408,observed,56.1,56.09999999999991,57.60000000000002
hosted,196,53,ta-ta,0.2761,jammer,0.2522,0.023900000000000032,9,0,True,197,0,0.8564,observed,55.3,55.299999999999955,55.299999999999955
hosted,197,53,ta-ta,0.2872,jammer,0.2579,0.029299999999999993,10,0,True,198,0,0.85,observed,57.0,57.09999999999991,57.30000000000007
hosted,198,53,ta-ta,0.2847,jammer,0.266,0.018699999999999994,11,0,True,199,0,0.8454,observed,56.2,58.5,56.200000000000045
hosted,199,53,ta-ta,0.2888,jammer,0.2681,0.020699999999999996,12,0,True,200,0,0.8449,observed,53.3,59.0,53.299999999999955
hosted,200,53,ta-ta,0.2833,jammer,0.2755,0.007799999999999974,13,0,True,201,0,0.85,observed,53.2,64.70000000000005,53.09999999999991
hosted,201,53,ta-ta,0.2807,jammer,0.27,0.010699999999999987,14,0,True,202,0,0.8438,observed,53.9,67.20000000000005,53.899999999999864
hosted,202,53,ta-ta,0.2807,jammer,0.27,0.010699999999999987,14,1,True,202,0,0.8438,gmc,54.7,67.79999999999995,54.700000000000045
hosted,203,53,ta-ta,0.2789,jammer,0.2697,0.009199999999999986,15,0,True,204,0,0.8382,observed,55.3,61.30000000000018,55.40000000000009
hosted,204,53,ta-ta,0.2752,jammer,0.2745,0.0006999999999999784,16,0,True,205,0,0.8471,observed,60.2,60.19999999999982,60.100000000000136
hosted,205,53,ta-ta,0.3012,jammer,0.2704,0.03080000000000005,17,0,True,206,0,0.8705,observed,57.3,60.5,57.299999999999955
hosted,206,53,ta-ta,0.2949,jammer,0.2711,0.023799999999999988,18,0,True,207,0,0.8393,observed,59.1,59.09999999999991,61.5
hosted,207,53,ta-ta,0.2878,jammer,0.2813,0.006500000000000006,19,0,True,208,0,0.8541,observed,60.6,66.39999999999986,60.59999999999991
hosted,208,53,ta-ta,0.3075,jammer,0.276,0.03149999999999997,20,0,True,209,0,0.8663,observed,54.0,62.0,54.0
hosted,209,53,ta-ta,0.2963,jammer,0.2753,0.02100000000000002,21,0,True,210,0,0.8435,observed,59.5,65.90000000000009,59.5
hosted,209,54,jammer,0.0833,ta-ta,0.0801,0.0031999999999999945,1,0,False,210,0,1.0,observed,69.4,79.59999999999991,69.39999999999998
hosted,210,53,ta-ta,0.2963,jammer,0.2742,0.02210000000000001,22,0,True,211,0,0.8443,observed,57.1,64.5,57.100000000000136
hosted,210,54,jammer,0.0981,ta-ta,0.0948,0.0033000000000000113,2,0,True,211,0,0.838,observed,71.3,80.20000000000027,71.30000000000007
hosted,211,53,ta-ta,0.2907,jammer,0.2831,0.007599999999999996,23,0,True,212,0,0.8511,observed,58.9,66.29999999999995,58.899999999999864
hosted,211,54,jammer,0.0981,ta-ta,0.0948,0.0033000000000000113,2,1,True,211,0,0.838,gmc,72.4,80.79999999999973,72.40000000000009
hosted,212,53,ta-ta,0.2907,jammer,0.2831,0.007599999999999996,23,1,True,212,0,0.8472,gmc,59.8,66.79999999999995,59.80000000000018
hosted,212,54,jammer,0.0981,ta-ta,0.0948,0.0033000000000000113,2,2,True,211,0,0.8341,gmc,73.5,81.5,73.5
hosted,213,53,ta-ta,0.2907,jammer,0.2831,0.007599999999999996,23,2,True,212,0,0.8459,gmc,39.9,67.29999999999995,39.90000000000009
hosted,213,55,jammer,0.1019,ta-ta,0.0743,0.0276,1,0,False,214,0,1.0,observed,60.3,60.299999999999955,64.5
hosted,214,55,jammer,0.1019,ta-ta,0.0743,0.0276,1,1,False,214,0,0.9955,gmc,60.7,60.700000000000045,65.60000000000014
hosted,215,55,jammer,0.1019,ta-ta,0.0743,0.0276,1,2,False,214,0,0.9863,gmc,61.2,61.299999999999955,66.5
hosted,220,56,jammer,0.0936,ta-ta,0.0796,0.013999999999999999,1,0,False,221,0,1.0,observed,61.8,61.700000000000045,65.0
hosted,221,56,jammer,0.0936,ta-ta,0.0796,0.013999999999999999,1,1,False,221,0,0.9969,gmc,62.2,62.200000000000045,66.0
hosted,222,56,jammer,0.1359,ta-ta,0.0993,0.036599999999999994,2,0,True,223,0,0.8832,observed,64.0,64.0,67.5
hosted,223,56,jammer,0.182,ta-ta,0.1065,0.0755,3,0,True,224,0,0.8935,observed,64.5,64.5,67.09999999999991
hosted,224,56,jammer,0.2156,tank,0.1061,0.10950000000000001,4,0,True,225,0,0.8845,observed,69.2,69.09999999999991,71.5
hosted,225,56,jammer,0.2379,tank,0.1097,0.12819999999999998,5,0,True,226,0,0.8711,observed,65.4,65.39999999999986,68.5
hosted,226,56,jammer,0.2706,ta-ta,0.1158,0.1548,6,0,True,227,0,0.8815,observed,66.6,66.59999999999991,69.09999999999991
hosted,227,56,jammer,0.276,ta-ta,0.1197,0.15630000000000002,7,0,True,228,0,0.8604,observed,68.8,68.79999999999995,69.10000000000036
hosted,241,57,small_launcher,0.083,jammer,0.0771,0.0059000000000000025,1,0,False,242,0,1.0,observed,50.7,50.70000000000027,56.599999999999994
hosted,242,57,small_launcher,0.083,jammer,0.0771,0.0059000000000000025,1,1,False,242,0,0.997,gmc,51.1,51.09999999999991,57.400000000000034
hosted,243,57,small_launcher,0.083,jammer,0.0771,0.0059000000000000025,1,2,False,242,0,0.9939,gmc,51.5,51.5,58.30000000000001
hosted,244,58,jammer,0.075,jet_plane,0.0735,0.0015000000000000013,1,0,False,245,0,1.0,observed,71.8,71.69999999999982,73.5
hosted,245,59,small_launcher,0.0826,jammer,0.0766,0.006000000000000005,1,0,False,246,0,1.0,observed,53.9,53.80000000000018,56.80000000000001
hosted,245,58,jammer,0.075,jet_plane,0.0735,0.0015000000000000013,1,1,False,245,0,0.9984,gmc,72.3,72.29999999999973,74.60000000000014
hosted,246,59,small_launcher,0.1012,jammer,0.087,0.014200000000000004,2,0,True,247,0,0.8513,observed,54.3,54.30000000000018,56.69999999999999
hosted,246,58,jammer,0.075,jet_plane,0.0735,0.0015000000000000013,1,2,False,245,0,0.9954,gmc,72.9,72.90000000000009,75.70000000000005
hosted,247,59,small_launcher,0.1012,jammer,0.087,0.014200000000000004,2,1,True,247,0,0.8474,gmc,54.7,54.80000000000018,57.59999999999991
hosted,248,59,small_launcher,0.1012,jammer,0.087,0.014200000000000004,2,2,True,247,0,0.8434,gmc,55.2,55.20000000000027,58.39999999999998
helsinki,0,1,large_launcher,0.141,large_tower,0.0835,0.05749999999999998,1,0,False,0,0,1.0,observed,109.1,140.0,109.09999999999997
helsinki,0,2,helicopter,0.139,large_launcher,0.1034,0.03560000000000001,1,0,False,0,0,1.0,observed,98.6,117.5,98.59999999999991
helsinki,0,3,small_tower,0.2125,spacecraft,0.0823,0.13019999999999998,1,0,False,0,0,1.0,observed,64.4,64.40000000000009,66.5
helsinki,0,4,spacecraft,0.1425,small_launcher,0.0782,0.06429999999999998,1,0,False,0,0,1.0,observed,35.9,35.899999999999864,46.200000000000045
helsinki,0,5,condor,0.2626,large_launcher,0.0896,0.173,1,0,False,0,0,1.0,observed,149.1,162.30000000000018,149.20000000000005
helsinki,0,6,mine_roller,0.0855,small_plane,0.0851,0.00040000000000001146,1,0,False,0,0,1.0,observed,56.3,60.90000000000009,56.299999999999955
helsinki,1,1,large_launcher,0.2052,jet_plane,0.1,0.10519999999999999,2,0,True,1,0,0.903,observed,105.6,145.69999999999982,105.59999999999997
helsinki,1,2,helicopter,0.2814,large_launcher,0.1319,0.1495,2,0,True,1,0,0.9395,observed,99.5,119.59999999999991,99.5
helsinki,1,3,small_tower,0.473,spacecraft,0.069,0.40399999999999997,2,0,True,1,0,0.9977,observed,54.8,54.80000000000018,63.200000000000045
helsinki,1,4,spacecraft,0.2688,small_launcher,0.0828,0.186,2,0,True,1,0,0.9598,observed,37.6,37.59999999999991,45.60000000000002
helsinki,1,5,condor,0.5563,large_launcher,0.0852,0.4711,2,0,True,1,0,0.9917,observed,151.9,172.19999999999982,152.0
helsinki,1,6,mine_roller,0.1091,small_plane,0.1045,0.004600000000000007,2,0,True,1,0,0.8484,observed,58.7,61.5,58.69999999999982
helsinki,1,7,jet_plane,0.0985,helicopter,0.093,0.005500000000000005,1,0,False,1,0,1.0,observed,96.5,361.4000000000001,96.5
helsinki,1,8,jammer,0.0753,large_tower,0.0733,0.0020000000000000018,1,0,False,1,0,1.0,observed,26.2,54.40000000000009,26.200000000000045
helsinki,1,9,large_tower,0.0896,helicopter,0.0844,0.005199999999999996,1,0,False,1,0,1.0,observed,77.1,77.09999999999991,100.09999999999991
helsinki,1,10,spacecraft,0.1167,small_tower,0.0885,0.028200000000000003,1,0,False,1,0,1.0,observed,48.6,48.5,53.5
helsinki,2,1,large_launcher,0.316,large_tower,0.1005,0.2155,3,0,True,2,0,0.9378,observed,97.6,145.69999999999982,97.69999999999999
helsinki,2,2,helicopter,0.4611,large_launcher,0.1486,0.3125,3,0,True,2,0,0.9389,observed,98.7,110.90000000000009,98.69999999999993
helsinki,2,3,small_tower,0.6379,spacecraft,0.0567,0.5812,3,0,True,2,0,0.9763,observed,54.6,54.70000000000027,62.90000000000009
helsinki,2,4,spacecraft,0.3499,large_tower,0.0801,0.2698,3,0,True,2,0,0.9277,observed,42.3,42.299999999999955,45.799999999999955
helsinki,2,5,condor,0.737,large_launcher,0.068,0.669,3,0,True,2,0,0.9771,observed,151.8,164.69999999999982,151.79999999999995
helsinki,2,7,helicopter,0.1025,large_launcher,0.096,0.006499999999999992,2,0,True,2,0,0.8497,observed,77.0,123.19999999999982,77.09999999999997
helsinki,2,8,small_tower,0.179,spacecraft,0.0769,0.1021,2,0,True,2,0,0.9746,observed,42.8,73.19999999999982,42.80000000000007
helsinki,2,9,large_tower,0.0988,helicopter,0.0949,0.0039000000000000007,2,0,True,2,0,0.8381,observed,75.1,75.79999999999973,74.99999999999989
helsinki,2,10,spacecraft,0.17,large_launcher,0.0807,0.08930000000000002,2,0,True,2,0,0.9115,observed,55.8,55.799999999999955,56.5
helsinki,2,6,mine_roller,0.1091,small_plane,0.1045,0.004600000000000007,2,1,True,1,0,0.8471,gmc,59.4,62.0,59.399999999999864
helsinki,3,1,large_launcher,0.4606,large_tower,0.0911,0.3695,4,0,True,3,0,0.9594,observed,102.0,141.0999999999999,102.0
helsinki,3,2,helicopter,0.5951,large_launcher,0.1404,0.4547,4,0,True,3,0,0.9396,observed,99.8,113.59999999999991,99.90000000000009
helsinki,3,3,small_tower,0.8132,spacecraft,0.0367,0.7765000000000001,4,0,True,3,0,0.9987,observed,56.5,56.59999999999991,60.80000000000007
helsinki,3,4,spacecraft,0.4179,large_tower,0.0845,0.3334,4,0,True,3,0,0.9221,observed,43.2,43.100000000000136,44.89999999999998
helsinki,3,5,condor,0.8508,large_launcher,0.0487,0.8021,4,0,True,3,0,0.9832,observed,169.9,181.30000000000018,169.79999999999995
helsinki,3,7,large_launcher,0.1157,helicopter,0.1082,0.007499999999999993,3,0,True,3,0,0.856,observed,99.4,157.0999999999999,99.39999999999998
helsinki,3,8,small_tower,0.2016,large_tower,0.0783,0.1233,3,0,True,3,0,0.8585,observed,31.2,54.09999999999991,31.200000000000045
helsinki,3,9,helicopter,0.1035,large_tower,0.0927,0.01079999999999999,3,0,True,3,0,0.8378,observed,55.9,75.30000000000018,55.799999999999955
helsinki,3,10,spacecraft,0.1665,large_launcher,0.0878,0.0787,3,0,True,3,0,0.8359,observed,47.2,47.200000000000045,65.79999999999995
helsinki,3,6,mine_roller,0.1091,small_plane,0.1045,0.004600000000000007,2,2,True,1,0,0.8471,gmc,60.2,62.399999999999636,60.19999999999982
helsinki,4,1,large_launcher,0.5437,large_tower,0.0876,0.45609999999999995,5,0,True,4,0,0.937,observed,105.9,149.5999999999999,105.90000000000009
helsinki,4,2,helicopter,0.6595,large_launcher,0.1319,0.5276,5,0,True,4,0,0.9274,observed,98.8,111.09999999999991,98.79999999999995
helsinki,4,3,small_tower,0.9022,spacecraft,0.0227,0.8795,5,0,True,4,0,0.9989,observed,56.7,56.69999999999982,60.600000000000136
helsinki,4,4,spacecraft,0.5219,large_tower,0.0741,0.44780000000000003,5,0,True,4,0,0.9458,observed,46.0,45.90000000000009,47.299999999999955
helsinki,4,5,condor,0.9237,large_launcher,0.03,0.8936999999999999,5,0,True,4,0,0.9999,observed,169.5,172.5,169.5
helsinki,4,7,large_launcher,0.1308,helicopter,0.1303,0.0005000000000000004,4,0,True,4,0,0.8438,observed,108.4,284.5,108.5
helsinki,4,9,helicopter,0.1222,large_launcher,0.1152,0.007000000000000006,4,0,True,4,0,0.8469,observed,103.4,128.29999999999973,103.5
helsinki,4,8,small_tower,0.2016,large_tower,0.0783,0.1233,3,1,True,3,0,0.8559,gmc,31.6,54.40000000000009,31.59999999999991
helsinki,4,10,spacecraft,0.1665,large_launcher,0.0878,0.0787,3,1,True,3,0,0.8334,gmc,47.5,47.5,66.59999999999991
helsinki,4,11,jet_plane,0.1095,large_launcher,0.082,0.027499999999999997,1,0,False,4,0,1.0,observed,61.2,61.20000000000027,77.6
helsinki,4,12,helicopter,0.081,large_tower,0.0804,0.0006000000000000033,1,0,False,4,0,1.0,observed,86.8,101.69999999999982,86.80000000000018
helsinki,4,13,tank,0.2357,small_launcher,0.075,0.1607,1,0,False,4,0,1.0,observed,43.7,47.799999999999955,43.599999999999994
helsinki,5,1,large_launcher,0.5863,large_tower,0.0874,0.4989,6,0,True,5,0,0.9247,observed,115.1,153.69999999999982,115.09999999999991
helsinki,5,2,helicopter,0.68,large_launcher,0.1384,0.5416000000000001,6,0,True,5,0,0.9038,observed,99.0,114.09999999999991,99.0
helsinki,5,3,small_tower,0.921,spacecraft,0.0222,0.8988,6,0,True,5,0,0.9625,observed,57.6,57.59999999999991,58.299999999999955
helsinki,5,4,spacecraft,0.7087,jet_plane,0.0402,0.6685,6,0,True,5,0,0.993,observed,44.1,44.09999999999991,46.0
helsinki,5,5,condor,0.93,large_launcher,0.0313,0.8987,6,0,True,5,0,0.9807,observed,164.2,175.0,164.20000000000005
helsinki,5,7,helicopter,0.1693,large_launcher,0.1476,0.021699999999999997,5,0,True,5,0,0.871,observed,119.4,327.1999999999998,119.39999999999998
helsinki,5,8,small_tower,0.2084,medium_launcher,0.0885,0.1199,4,0,True,5,0,0.898,observed,31.3,45.30000000000018,31.299999999999955
helsinki,5,10,spacecraft,0.1757,large_launcher,0.0949,0.0808,4,0,True,5,0,0.8641,observed,43.8,43.90000000000009,71.10000000000002
helsinki,5,11,jet_plane,0.2508,large_launcher,0.0869,0.16390000000000002,2,0,True,5,0,0.9676,observed,62.9,62.90000000000009,74.10000000000001
helsinki,5,9,helicopter,0.1222,large_launcher,0.1152,0.007000000000000006,4,1,True,4,0,0.8469,gmc,104.8,129.19999999999982,104.79999999999995
helsinki,5,14,jet_plane,0.1331,small_tower,0.0806,0.05249999999999999,1,0,False,5,0,1.0,observed,59.3,59.30000000000018,94.50000000000001
helsinki,5,12,helicopter,0.081,large_tower,0.0804,0.0006000000000000033,1,1,False,4,0,1.0,gmc,87.9,102.40000000000009,87.89999999999986
helsinki,5,13,tank,0.2357,small_launcher,0.075,0.1607,1,1,False,4,0,1.0,gmc,44.2,48.19999999999993,44.20000000000002
helsinki,6,1,large_launcher,0.661,large_tower,0.0803,0.5807,7,0,True,6,0,0.9434,observed,116.5,151.4000000000001,116.5
helsinki,6,2,helicopter,0.7099,large_launcher,0.1369,0.573,7,0,True,6,0,0.915,observed,99.4,112.5,99.40000000000009
helsinki,6,3,small_tower,0.9027,spacecraft,0.0222,0.8805,7,0,True,6,0,0.925,observed,62.4,62.40000000000009,62.899999999999864
helsinki,6,4,spacecraft,0.7613,large_tower,0.0351,0.7262,7,0,True,6,0,0.9612,observed,45.4,45.40000000000009,47.200000000000045
helsinki,6,5,condor,0.93,large_launcher,0.0332,0.8968,7,0,True,6,0,1.0,observed,172.2,179.4000000000001,172.20000000000005
helsinki,6,7,helicopter,0.1812,large_launcher,0.1507,0.0305,6,0,True,6,0,0.8358,observed,129.1,330.3000000000002,129.10000000000002
helsinki,6,9,helicopter,0.2278,large_launcher,0.1328,0.095,5,0,True,6,0,0.9214,observed,72.5,85.89999999999964,72.40000000000009
helsinki,6,10,spacecraft,0.2386,large_launcher,0.0959,0.1427,5,0,True,6,0,0.9184,observed,43.0,42.90000000000009,56.19999999999993
helsinki,6,11,jet_plane,0.388,large_launcher,0.0916,0.2964,3,0,True,6,0,0.946,observed,70.1,70.09999999999991,80.19999999999999
helsinki,6,12,large_tower,0.0969,large_launcher,0.0901,0.0068000000000000005,2,0,True,6,0,0.8446,observed,83.3,102.0,83.29999999999995
helsinki,6,14,jet_plane,0.2027,large_tower,0.0952,0.10749999999999998,2,0,True,6,0,0.8969,observed,90.3,90.19999999999982,117.5
helsinki,6,8,small_tower,0.2084,medium_launcher,0.0885,0.1199,4,1,True,5,0,0.8966,gmc,31.7,45.59999999999991,31.59999999999991
helsinki,6,15,spacecraft,0.0705,large_launcher,0.0703,0.00019999999999999185,1,0,False,6,0,1.0,observed,113.5,125.0,113.60000000000002
helsinki,6,16,small_tower,0.0836,condor,0.0787,0.004899999999999988,1,0,False,6,0,1.0,observed,36.2,51.59999999999991,36.19999999999982
helsinki,6,13,tank,0.2357,small_launcher,0.075,0.1607,1,2,False,4,0,0.9985,gmc,44.8,48.5,44.69999999999999
helsinki,7,1,large_launcher,0.7121,large_tower,0.0716,0.6405,8,0,True,7,0,0.9422,observed,119.8,155.69999999999982,119.79999999999995
helsinki,7,2,helicopter,0.7151,large_launcher,0.1412,0.5739,8,0,True,7,0,0.9039,observed,101.0,113.0,101.0
helsinki,7,3,small_tower,0.8879,spacecraft,0.0221,0.8658,8,0,True,7,0,0.9269,observed,62.6,62.59999999999991,65.20000000000005
helsinki,7,4,spacecraft,0.8256,large_tower,0.0276,0.798,8,0,True,7,0,0.9773,observed,43.8,43.80000000000018,48.5
helsinki,7,5,condor,0.93,large_launcher,0.0358,0.8942000000000001,8,0,True,7,0,1.0,observed,173.9,182.19999999999982,173.89999999999986
helsinki,7,11,jet_plane,0.4664,large_launcher,0.0897,0.3767,4,0,True,7,0,0.9248,observed,69.0,69.0,76.6
helsinki,7,14,jet_plane,0.2769,large_tower,0.1108,0.16609999999999997,3,0,True,7,0,0.897,observed,120.3,120.30000000000018,123.4
helsinki,7,15,large_launcher,0.0739,spacecraft,0.0737,0.00019999999999999185,2,0,True,7,0,0.8329,observed,100.2,106.19999999999982,100.10000000000002
helsinki,7,7,helicopter,0.1812,large_launcher,0.1507,0.0305,6,1,True,6,0,0.8346,gmc,130.8,319.0999999999999,130.80000000000007
helsinki,7,9,helicopter,0.2278,large_launcher,0.1328,0.095,5,1,True,6,0,0.9201,gmc,73.4,86.5,73.40000000000009
helsinki,7,10,spacecraft,0.2386,large_launcher,0.0959,0.1427,5,1,True,6,0,0.917,gmc,43.3,43.299999999999955,56.90000000000009
helsinki,7,12,large_tower,0.0969,large_launcher,0.0901,0.0068000000000000005,2,1,True,6,0,0.8433,gmc,84.3,102.70000000000027,84.29999999999995
helsinki,7,8,small_tower,0.2084,medium_launcher,0.0885,0.1199,4,2,True,5,0,0.8953,gmc,32.1,46.0,32.09999999999991
helsinki,7,16,small_tower,0.0836,condor,0.0787,0.004899999999999988,1,1,False,6,0,0.9985,gmc,36.6,52.0,36.600000000000136
helsinki,8,1,large_launcher,0.7167,large_tower,0.0642,0.6525,9,0,True,8,0,0.9112,observed,118.9,148.20000000000027,118.89999999999998
helsinki,8,2,helicopter,0.7943,large_launcher,0.1089,0.6854,9,0,True,8,0,0.9566,observed,95.5,110.5,95.5
helsinki,8,3,small_tower,0.93,jet_plane,0.0148,0.9152,9,0,True,8,0,0.9982,observed,58.1,58.09999999999991,66.20000000000005
helsinki,8,4,spacecraft,0.8387,large_tower,0.027,0.8117,9,0,True,8,0,0.9545,observed,46.0,46.0,48.5
helsinki,8,5,condor,0.93,large_launcher,0.0379,0.8921,9,0,True,8,0,0.9843,observed,176.1,189.9000000000001,176.0999999999999
helsinki,8,9,helicopter,0.2938,large_launcher,0.1586,0.13520000000000001,6,0,True,8,0,0.8856,observed,75.7,101.40000000000009,75.59999999999991
helsinki,8,11,jet_plane,0.5935,large_launcher,0.0839,0.5096,5,0,True,8,0,0.95,observed,64.3,64.20000000000027,74.39999999999998
helsinki,8,14,jet_plane,0.2785,large_tower,0.125,0.15350000000000003,4,0,True,8,0,0.8439,observed,95.1,95.09999999999991,116.39999999999998
helsinki,8,12,large_launcher,0.1141,large_tower,0.1135,0.0005999999999999894,3,0,True,8,0,0.843,observed,104.9,115.60000000000036,104.90000000000009
helsinki,8,15,helicopter,0.0923,large_launcher,0.0881,0.004199999999999995,3,0,True,8,0,0.869,observed,99.0,99.0,108.79999999999995
helsinki,8,7,helicopter,0.1812,large_launcher,0.1507,0.0305,6,2,True,6,0,0.8333,gmc,132.5,307.5999999999999,132.5
helsinki,8,10,spacecraft,0.2386,large_launcher,0.0959,0.1427,5,2,True,6,0,0.9156,gmc,43.6,43.59999999999991,57.59999999999991
helsinki,8,8,small_tower,0.2084,medium_launcher,0.0885,0.1199,4,3,True,5,0,0.8939,gmc,32.5,46.19999999999982,32.5
helsinki,8,16,small_tower,0.0836,condor,0.0787,0.004899999999999988,1,2,False,6,0,0.997,gmc,37.1,52.30000000000018,37.100000000000136
helsinki,9,1,large_launcher,0.7682,large_tower,0.0604,0.7078,10,0,True,9,0,0.9458,observed,121.9,155.39999999999964,121.89999999999998
helsinki,9,2,helicopter,0.8361,large_launcher,0.0919,0.7442,10,0,True,9,0,0.9474,observed,97.2,121.0,97.20000000000005
helsinki,9,3,small_tower,0.93,spacecraft,0.0155,0.9145000000000001,10,0,True,9,0,0.9806,observed,60.7,60.69999999999982,67.90000000000009
helsinki,9,4,spacecraft,0.8182,large_tower,0.0343,0.7839,10,0,True,9,0,0.9169,observed,43.5,43.40000000000009,48.100000000000136
helsinki,9,9,helicopter,0.3471,large_launcher,0.1516,0.1955,7,0,True,9,0,0.9121,observed,74.8,104.09999999999991,74.79999999999995
helsinki,9,11,jet_plane,0.717,large_launcher,0.0668,0.6502,6,0,True,9,0,0.9675,observed,66.8,66.69999999999982,76.69999999999999
helsinki,9,14,jet_plane,0.3607,large_tower,0.1109,0.24980000000000002,5,0,True,9,0,0.9147,observed,69.5,69.5,74.90000000000003
helsinki,9,12,large_launcher,0.1386,large_tower,0.1288,0.009800000000000003,4,0,True,9,0,0.8598,observed,120.2,176.0999999999999,120.20000000000005
helsinki,9,5,condor,0.93,large_launcher,0.0379,0.8921,9,1,True,8,0,0.9813,gmc,122.7,191.29999999999973,122.70000000000005
helsinki,9,15,helicopter,0.0923,large_launcher,0.0881,0.004199999999999995,3,1,True,8,0,0.8664,gmc,86.0,86.0,110.19999999999993
helsinki,9,7,helicopter,0.1812,large_launcher,0.1507,0.0305,6,3,True,6,0,0.8308,gmc,134.4,296.0999999999999,134.39999999999998
helsinki,10,1,large_launcher,0.8101,large_tower,0.0535,0.7566,11,0,True,10,0,0.9537,observed,119.6,156.5999999999999,119.60000000000002
helsinki,10,2,helicopter,0.8459,large_launcher,0.092,0.7539,11,0,True,10,0,0.925,observed,102.8,124.5,102.79999999999995
helsinki,10,3,small_tower,0.93,spacecraft,0.0162,0.9138000000000001,11,0,True,10,0,0.9501,observed,56.6,56.69999999999982,64.5
helsinki,10,4,spacecraft,0.8212,large_tower,0.0306,0.7906000000000001,11,0,True,10,0,0.9355,observed,41.8,41.799999999999955,48.700000000000045
helsinki,10,11,jet_plane,0.741,large_launcher,0.0651,0.6759,7,0,True,10,0,0.9339,observed,73.4,73.40000000000009,77.10000000000002
helsinki,10,12,large_launcher,0.1577,large_tower,0.1442,0.013500000000000012,5,0,True,10,0,0.871,observed,105.7,140.4000000000001,105.80000000000018
helsinki,10,9,helicopter,0.3471,large_launcher,0.1516,0.1955,7,1,True,9,0,0.9107,gmc,75.8,104.89999999999964,75.80000000000018
helsinki,10,14,jet_plane,0.3607,large_tower,0.1109,0.24980000000000002,5,1,True,9,0,0.9134,gmc,70.0,70.0,75.89999999999998
helsinki,10,15,helicopter,0.0923,large_launcher,0.0881,0.004199999999999995,3,2,True,8,0,0.8651,gmc,72.7,72.69999999999982,111.60000000000002
helsinki,10,7,helicopter,0.1812,large_launcher,0.1507,0.0305,6,4,True,6,0,0.8295,gmc,136.2,284.4000000000001,136.20000000000005
helsinki,11,1,large_launcher,0.8383,large_tower,0.05,0.7883,12,0,True,11,0,0.9491,observed,119.1,152.80000000000018,119.10000000000002
helsinki,11,2,helicopter,0.8676,large_launcher,0.0819,0.7857000000000001,12,0,True,11,0,0.9427,observed,106.7,125.69999999999982,106.70000000000005
helsinki,11,3,small_tower,0.93,spacecraft,0.0187,0.9113,12,0,True,11,0,0.9912,observed,60.6,60.59999999999991,64.29999999999995
helsinki,11,4,spacecraft,0.8569,large_tower,0.0216,0.8353,12,0,True,11,0,0.975,observed,40.2,40.19999999999982,47.0
helsinki,11,11,jet_plane,0.7683,large_launcher,0.0597,0.7086,8,0,True,11,0,0.9439,observed,68.3,68.29999999999973,73.80000000000001
helsinki,11,12,helicopter,0.1973,large_launcher,0.1551,0.042200000000000015,6,0,True,11,0,0.9034,observed,88.5,119.90000000000009,88.5
helsinki,11,14,jet_plane,0.3502,large_tower,0.1275,0.2227,6,0,True,11,0,0.8459,observed,87.7,87.60000000000036,96.0
helsinki,11,9,helicopter,0.3471,large_launcher,0.1516,0.1955,7,2,True,9,0,0.908,gmc,76.8,105.70000000000027,76.69999999999982
helsinki,11,15,helicopter,0.0923,large_launcher,0.0881,0.004199999999999995,3,3,True,8,0,0.8625,gmc,59.4,59.40000000000009,113.10000000000002
helsinki,11,7,helicopter,0.1812,large_launcher,0.1507,0.0305,6,5,True,6,0,0.827,gmc,138.0,272.5999999999999,138.0
helsinki,11,17,spacecraft,0.1641,small_tower,0.0801,0.08399999999999999,1,0,False,11,0,1.0,observed,47.0,47.0,53.200000000000045
helsinki,11,18,small_tower,0.0818,large_tower,0.0745,0.007300000000000001,1,0,False,11,0,1.0,observed,53.0,65.39999999999964,53.0
helsinki,12,1,large_launcher,0.8564,large_tower,0.0447,0.8117000000000001,13,0,True,12,0,0.9516,observed,120.8,155.69999999999982,120.79999999999995
helsinki,12,2,helicopter,0.8779,large_launcher,0.0748,0.8031,13,0,True,12,0,0.9411,observed,105.3,121.0,105.29999999999995
helsinki,12,3,small_tower,0.93,spacecraft,0.0167,0.9133,13,0,True,12,0,0.9995,observed,58.9,59.0,65.60000000000014
helsinki,12,4,spacecraft,0.8944,small_launcher,0.0162,0.8782,13,0,True,12,0,0.9862,observed,39.8,39.799999999999955,49.59999999999991
helsinki,12,11,jet_plane,0.8081,large_launcher,0.0554,0.7527,9,0,True,12,0,0.9477,observed,70.4,70.30000000000018,79.0
helsinki,12,14,jet_plane,0.3814,large_tower,0.1381,0.24330000000000002,7,0,True,12,0,0.8806,observed,89.0,89.09999999999991,114.80000000000001
helsinki,12,15,condor,0.108,large_launcher,0.0983,0.0097,4,0,True,12,0,0.882,observed,39.5,39.5,79.09999999999991
helsinki,12,12,helicopter,0.1973,large_launcher,0.1551,0.042200000000000015,6,1,True,11,0,0.902,gmc,89.6,120.69999999999982,89.70000000000005
helsinki,12,7,helicopter,0.1812,large_launcher,0.1507,0.0305,6,6,True,6,0,0.8258,gmc,139.9,260.5999999999999,140.0
helsinki,12,19,tank,0.1889,large_tower,0.0829,0.10600000000000001,1,0,False,12,0,1.0,observed,48.6,49.69999999999993,48.60000000000002
helsinki,12,20,jet_plane,0.0856,medium_launcher,0.0822,0.0034000000000000002,1,0,False,12,0,1.0,observed,78.1,81.0,78.10000000000002
helsinki,12,17,spacecraft,0.1641,small_tower,0.0801,0.08399999999999999,1,1,False,11,0,0.9985,gmc,47.3,47.299999999999955,53.90000000000009
helsinki,12,18,small_tower,0.0818,large_tower,0.0745,0.007300000000000001,1,1,False,11,0,0.9985,gmc,53.7,66.0,53.700000000000045
helsinki,13,1,large_launcher,0.8861,large_tower,0.0357,0.8504,14,0,True,13,0,0.9663,observed,124.1,154.5,124.09999999999991
helsinki,13,2,helicopter,0.8673,large_launcher,0.0814,0.7858999999999999,14,0,True,13,0,0.9158,observed,101.9,119.69999999999982,102.0
helsinki,13,3,small_tower,0.93,spacecraft,0.0146,0.9154000000000001,14,0,True,13,0,0.9521,observed,63.1,63.19999999999982,69.09999999999991
helsinki,13,4,spacecraft,0.9265,large_tower,0.0116,0.9149,14,0,True,13,0,0.9941,observed,44.8,44.799999999999955,50.5
helsinki,13,11,jet_plane,0.8333,large_launcher,0.0466,0.7867000000000001,10,0,True,13,0,0.9422,observed,72.9,72.90000000000009,78.50000000000006
helsinki,13,15,condor,0.1341,large_launcher,0.1071,0.026999999999999996,5,0,True,13,0,0.8781,observed,34.2,34.19999999999982,66.5
helsinki,13,17,spacecraft,0.2397,small_tower,0.0963,0.1434,2,0,True,13,0,0.9118,observed,48.1,48.100000000000136,53.5
helsinki,13,19,tank,0.4466,large_tower,0.0724,0.3742,2,0,True,13,0,0.9997,observed,48.5,51.5,48.60000000000002
helsinki,13,14,jet_plane,0.3814,large_tower,0.1381,0.24330000000000002,7,1,True,12,0,0.8806,gmc,89.7,89.59999999999991,116.20000000000005
helsinki,13,12,helicopter,0.1973,large_launcher,0.1551,0.042200000000000015,6,2,True,11,0,0.902,gmc,90.8,121.59999999999991,90.79999999999995
helsinki,13,7,helicopter,0.1812,large_launcher,0.1507,0.0305,6,7,True,6,0,0.8258,gmc,141.8,248.69999999999982,141.70000000000005
helsinki,13,20,jet_plane,0.0856,medium_launcher,0.0822,0.0034000000000000002,1,1,False,12,0,1.0,gmc,79.1,81.70000000000027,79.19999999999993
helsinki,13,18,small_tower,0.0818,large_tower,0.0745,0.007300000000000001,1,2,False,11,0,0.9985,gmc,54.4,66.40000000000009,54.40000000000009
helsinki,14,1,large_launcher,0.9045,large_tower,0.0297,0.8748,15,0,True,14,0,0.964,observed,127.3,154.0,127.29999999999995
helsinki,14,2,helicopter,0.8846,large_launcher,0.0735,0.8111,15,0,True,14,0,0.9436,observed,114.6,124.10000000000036,114.70000000000005
helsinki,14,3,small_tower,0.93,spacecraft,0.0158,0.9142,15,0,True,14,0,0.9995,observed,57.1,57.09999999999991,64.70000000000005
helsinki,14,4,spacecraft,0.93,small_launcher,0.0108,0.9192,15,0,True,14,0,0.9829,observed,43.5,43.5,53.5
helsinki,14,11,jet_plane,0.8447,large_launcher,0.0452,0.7995,11,0,True,14,0,0.9407,observed,76.8,76.80000000000018,81.20000000000005
helsinki,14,14,jet_plane,0.376,large_tower,0.133,0.243,8,0,True,14,0,0.8669,observed,56.2,56.19999999999982,57.799999999999955
helsinki,14,15,condor,0.1341,large_launcher,0.1071,0.026999999999999996,5,1,True,13,0,0.8741,gmc,20.6,20.59999999999991,67.40000000000009
helsinki,14,17,spacecraft,0.2397,small_tower,0.0963,0.1434,2,1,True,13,0,0.9077,gmc,48.4,48.40000000000009,54.09999999999991
helsinki,14,19,tank,0.4466,large_tower,0.0724,0.3742,2,1,True,13,0,0.9952,gmc,49.2,51.89999999999998,49.200000000000045
helsinki,14,7,helicopter,0.1812,large_launcher,0.1507,0.0305,6,8,True,6,0,0.822,gmc,143.7,236.69999999999982,143.70000000000005
helsinki,14,20,jet_plane,0.0856,medium_launcher,0.0822,0.0034000000000000002,1,2,False,12,0,0.9955,gmc,80.2,82.29999999999973,80.19999999999993
helsinki,15,1,large_launcher,0.9003,helicopter,0.0305,0.8698,16,0,True,15,0,0.9331,observed,120.4,159.39999999999964,120.5
helsinki,15,2,helicopter,0.8725,large_launcher,0.0816,0.7909,16,0,True,15,0,0.9132,observed,105.8,123.80000000000018,105.69999999999982
helsinki,15,3,small_tower,0.93,spacecraft,0.0172,0.9128000000000001,16,0,True,15,0,0.9991,observed,52.5,52.399999999999636,58.600000000000136
helsinki,15,4,spacecraft,0.93,small_launcher,0.0112,0.9188000000000001,16,0,True,15,0,0.9999,observed,47.3,47.299999999999955,51.899999999999864
helsinki,15,11,jet_plane,0.8385,large_launcher,0.0454,0.7931,12,0,True,15,0,0.9264,observed,73.4,73.5,76.30000000000007
helsinki,15,14,jet_plane,0.376,large_tower,0.133,0.243,8,1,True,14,0,0.8655,gmc,56.6,56.59999999999991,58.60000000000002
helsinki,15,17,spacecraft,0.2397,small_tower,0.0963,0.1434,2,2,True,13,0,0.9063,gmc,48.8,48.80000000000018,54.799999999999955
helsinki,15,19,tank,0.4466,large_tower,0.0724,0.3742,2,2,True,13,0,0.9937,gmc,49.8,52.299999999999955,49.799999999999955
helsinki,15,21,large_launcher,0.0968,helicopter,0.0902,0.006599999999999995,1,0,False,15,0,1.0,observed,54.0,93.70000000000027,54.0
helsinki,15,22,small_tower,0.1698,large_tower,0.0727,0.0971,1,0,False,15,0,1.0,observed,51.6,88.20000000000027,51.59999999999991
helsinki,15,23,helicopter,0.1064,medium_launcher,0.0968,0.009599999999999997,1,0,False,15,0,1.0,observed,69.0,76.69999999999982,69.0
helsinki,15,24,large_launcher,0.0853,helicopter,0.0844,0.000899999999999998,1,0,False,15,0,1.0,observed,88.6,195.9000000000001,88.59999999999991
helsinki,15,25,large_launcher,0.0775,large_tower,0.0757,0.001799999999999996,1,0,False,15,0,1.0,observed,84.7,99.59999999999991,84.59999999999991
helsinki,15,26,condor,0.0782,small_tower,0.0739,0.004300000000000012,1,0,False,15,0,1.0,observed,50.5,81.59999999999991,50.5
helsinki,16,1,large_launcher,0.8878,helicopter,0.0401,0.8477,17,0,True,16,0,0.9119,observed,113.3,156.0999999999999,113.29999999999995
helsinki,16,2,helicopter,0.8781,large_launcher,0.0742,0.8039,17,0,True,16,0,0.9404,observed,100.2,115.40000000000009,100.19999999999982
helsinki,16,3,small_tower,0.93,spacecraft,0.0147,0.9153,17,0,True,16,0,0.9628,observed,57.3,57.40000000000009,63.40000000000009
helsinki,16,4,spacecraft,0.93,small_tower,0.0117,0.9183,17,0,True,16,0,0.986,observed,46.3,46.299999999999955,48.69999999999982
helsinki,16,11,jet_plane,0.8522,large_launcher,0.043,0.8091999999999999,13,0,True,16,0,0.9484,observed,73.0,73.09999999999991,77.39999999999998
helsinki,16,14,jet_plane,0.376,large_tower,0.133,0.243,8,2,True,14,0,0.8629,gmc,57.1,57.0,59.40000000000009
helsinki,16,21,large_launcher,0.0968,helicopter,0.0902,0.006599999999999995,1,1,False,15,0,0.9969,gmc,54.8,94.29999999999973,54.799999999999955
helsinki,16,22,small_tower,0.1698,large_tower,0.0727,0.0971,1,1,False,15,0,0.9969,gmc,52.3,88.80000000000018,52.299999999999955
helsinki,16,23,helicopter,0.1064,medium_launcher,0.0968,0.009599999999999997,1,1,False,15,0,0.9969,gmc,70.0,77.29999999999973,70.0
helsinki,16,24,large_launcher,0.0853,helicopter,0.0844,0.000899999999999998,1,1,False,15,0,0.9969,gmc,89.9,197.4000000000001,89.90000000000009
helsinki,16,25,large_launcher,0.0775,large_tower,0.0757,0.001799999999999996,1,1,False,15,0,0.9969,gmc,85.8,100.29999999999973,85.79999999999995
helsinki,16,26,condor,0.0782,small_tower,0.0739,0.004300000000000012,1,1,False,15,0,0.9969,gmc,51.2,82.09999999999991,51.19999999999982
helsinki,17,1,large_launcher,0.8796,helicopter,0.0442,0.8354,18,0,True,17,0,0.9287,observed,110.5,160.19999999999982,110.5
helsinki,17,2,helicopter,0.8736,large_launcher,0.0758,0.7978000000000001,18,0,True,17,0,0.9265,observed,101.4,112.69999999999982,101.40000000000009
helsinki,17,3,small_tower,0.93,spacecraft,0.0152,0.9148000000000001,18,0,True,17,0,0.9995,observed,59.2,59.19999999999982,63.399999999999864
helsinki,17,4,spacecraft,0.93,small_tower,0.013,0.917,18,0,True,17,0,0.9999,observed,51.7,51.700000000000045,54.299999999999955
helsinki,17,11,jet_plane,0.8986,large_launcher,0.0314,0.8672,14,0,True,17,0,0.9795,observed,74.9,75.0,83.39999999999998
helsinki,17,21,helicopter,0.1698,large_launcher,0.1326,0.03720000000000001,2,0,True,17,0,0.9092,observed,69.3,105.69999999999982,69.30000000000018
helsinki,17,22,small_tower,0.179,large_launcher,0.0706,0.1084,2,0,True,17,0,0.8462,observed,34.2,47.59999999999991,34.100000000000136
helsinki,17,24,condor,0.1062,helicopter,0.103,0.0032000000000000084,2,0,True,17,0,0.886,observed,65.8,148.0,65.80000000000018
helsinki,17,27,tank,0.2384,jet_plane,0.0815,0.15689999999999998,1,0,False,17,0,1.0,observed,47.8,53.39999999999998,47.80000000000007
helsinki,17,23,helicopter,0.1064,medium_launcher,0.0968,0.009599999999999997,1,2,False,15,0,0.9939,gmc,70.9,77.90000000000009,70.90000000000009
helsinki,17,25,large_launcher,0.0775,large_tower,0.0757,0.001799999999999996,1,2,False,15,0,0.9939,gmc,87.0,101.0,86.99999999999977
helsinki,17,26,condor,0.0782,small_tower,0.0739,0.004300000000000012,1,2,False,15,0,0.9939,gmc,51.9,82.69999999999982,51.899999999999864
helsinki,18,1,large_launcher,0.8744,helicopter,0.0477,0.8267,19,0,True,18,0,0.9317,observed,116.5,160.5,116.40000000000009
helsinki,18,3,small_tower,0.93,spacecraft,0.0177,0.9123,19,0,True,18,0,0.9735,observed,59.8,60.0,59.80000000000018
helsinki,18,4,spacecraft,0.93,small_tower,0.0139,0.9161,19,0,True,18,0,0.9796,observed,53.6,56.0,53.59999999999991
helsinki,18,11,jet_plane,0.9036,large_launcher,0.0331,0.8704999999999999,15,0,True,18,0,0.9445,observed,77.6,77.70000000000027,87.30000000000007
helsinki,18,21,helicopter,0.1698,large_launcher,0.1326,0.03720000000000001,2,1,True,17,0,0.9051,gmc,61.6,106.40000000000009,61.59999999999991
helsinki,18,22,small_tower,0.179,large_launcher,0.0706,0.1084,2,1,True,17,0,0.8424,gmc,34.6,47.90000000000009,34.69999999999982
helsinki,18,27,tank,0.2384,jet_plane,0.0815,0.15689999999999998,1,1,False,17,0,0.9955,gmc,48.5,53.799999999999955,48.500000000000114
helsinki,19,1,large_launcher,0.8353,helicopter,0.0682,0.7671,20,0,True,19,0,0.8739,observed,118.2,156.5999999999999,118.20000000000005
helsinki,19,4,spacecraft,0.93,small_tower,0.0147,0.9153,20,0,True,19,0,0.9835,observed,51.2,51.200000000000045,52.399999999999864
helsinki,19,11,jet_plane,0.9249,large_launcher,0.0268,0.8981,16,0,True,19,0,0.9748,observed,79.8,79.80000000000018,86.29999999999995
helsinki,19,27,tank,0.2384,jet_plane,0.0815,0.15689999999999998,1,2,False,17,0,0.9894,gmc,49.2,54.200000000000045,49.19999999999982
helsinki,20,1,large_launcher,0.8346,helicopter,0.0761,0.7585,21,0,True,20,0,0.915,observed,114.9,156.0,114.79999999999995
helsinki,20,4,spacecraft,0.93,small_tower,0.0164,0.9136000000000001,21,0,True,20,0,0.9624,observed,52.8,52.799999999999955,53.299999999999955
helsinki,20,11,jet_plane,0.93,large_launcher,0.0261,0.9039,17,0,True,20,0,0.9876,observed,80.0,80.0,87.39999999999998
helsinki,20,27,tank,0.4787,jet_plane,0.0669,0.4118,2,0,True,20,0,0.9882,observed,53.1,54.09999999999991,53.0
helsinki,21,1,large_launcher,0.8331,helicopter,0.0854,0.7476999999999999,22,0,True,21,0,0.9106,observed,123.7,138.4000000000001,123.70000000000005
helsinki,21,4,spacecraft,0.93,small_tower,0.0176,0.9124000000000001,22,0,True,21,0,0.9734,observed,47.1,47.09999999999991,47.59999999999991
helsinki,21,11,jet_plane,0.93,large_launcher,0.026,0.904,18,0,True,21,0,0.9805,observed,79.3,79.19999999999982,85.19999999999993
helsinki,21,27,tank,0.6527,large_tower,0.0553,0.5973999999999999,3,0,True,21,0,0.9749,observed,54.2,54.299999999999955,54.40000000000009
helsinki,21,28,hangar,0.2091,condor,0.0853,0.12380000000000001,1,0,False,21,0,1.0,observed,111.1,180.90000000000003,111.1
helsinki,22,1,large_launcher,0.7996,helicopter,0.104,0.6956,23,0,True,22,0,0.8851,observed,120.2,129.4000000000001,120.20000000000005
helsinki,22,11,jet_plane,0.93,large_launcher,0.0269,0.9031,19,0,True,22,0,0.978,observed,82.5,82.5,88.20000000000005
helsinki,22,27,tank,0.7915,large_tower,0.0398,0.7517,4,0,True,22,0,0.9887,observed,53.4,55.69999999999993,53.399999999999864
helsinki,22,28,hangar,0.4727,medium_plane,0.0637,0.40900000000000003,2,0,True,22,0,0.9994,observed,113.6,179.2,113.6
helsinki,23,1,large_launcher,0.7991,helicopter,0.1163,0.6828000000000001,24,0,True,23,0,0.9009,observed,109.6,109.59999999999991,116.0
helsinki,23,11,jet_plane,0.93,large_launcher,0.0276,0.9024000000000001,20,0,True,23,0,0.9465,observed,82.7,82.69999999999982,89.89999999999986
helsinki,23,28,hangar,0.6345,medium_launcher,0.0535,0.581,3,0,True,23,0,0.9712,observed,121.1,191.5,121.1
helsinki,23,27,tank,0.7915,large_tower,0.0398,0.7517,4,1,True,22,0,0.981,gmc,54.1,56.10000000000002,54.09999999999991
helsinki,24,1,large_launcher,0.7452,helicopter,0.1449,0.6003,25,0,True,24,0,0.8572,observed,101.2,101.19999999999982,108.20000000000027
helsinki,24,11,jet_plane,0.93,large_launcher,0.0274,0.9026000000000001,21,0,True,24,0,0.9469,observed,86.4,86.5,86.89999999999986
helsinki,24,28,hangar,0.7775,medium_launcher,0.0402,0.7373,4,0,True,24,0,0.9858,observed,121.3,190.0,121.4
helsinki,24,27,tank,0.7915,large_tower,0.0398,0.7517,4,2,True,22,0,0.978,gmc,54.9,56.60000000000002,54.899999999999864
helsinki,24,29,large_launcher,0.0821,condor,0.079,0.0031000000000000055,1,0,False,24,0,1.0,observed,114.0,114.0,183.20000000000027
