model,horizon,origin_size_bin,eligible_count,available_count,availability_fraction,valid_count,valid_fraction,mean_iou,median_iou,mean_center_error,median_center_error,median_normalized_center_error
A_FIXED,1,16-32,63,63,1.0,63,1.0,0.9570781054037983,0.9699853946463048,2.952907955126589,1.171119013975591,0.011606128094537857
A_FIXED,1,4-<8,42,42,1.0,42,1.0,0.9254995939038638,0.9347345076522537,0.76225547544821,0.4731399849895847,0.02707112596604656
A_FIXED,1,8-<16,108,108,1.0,108,1.0,0.9190047798458436,0.9385186929751617,2.2773568489961016,1.1499778885317946,0.024891474453474588
A_FIXED,1,<4,5,5,1.0,5,1.0,0.7764727329647552,0.7652959629278823,2.0350145695227435,1.9371952896600984,0.12914635264400656
A_FIXED,1,>32,9,9,1.0,9,1.0,0.9790214209561374,0.9777516812284127,4.049065293274491,1.0194587653113807,0.006141317863321571
A_FIXED,2,16-32,59,59,1.0,59,1.0,0.9335107127771743,0.9485228744046545,3.5104194622208764,1.880953821791206,0.019339851818625367
A_FIXED,2,4-<8,40,40,1.0,40,1.0,0.8859566105876396,0.9131032308537878,1.0637667770698698,0.8223705554534271,0.046491369020349324
A_FIXED,2,8-<16,101,101,1.0,100,0.9900990099009901,0.8709182803066575,0.9035065365383211,3.637243589792737,1.8353908223407078,0.04061441238169864
A_FIXED,2,<4,4,4,1.0,4,1.0,0.6455241719192073,0.6034233460714806,3.2121255874681145,3.672446626176618,0.2623176161554727
A_FIXED,2,>32,8,8,1.0,8,1.0,0.9601923496852842,0.9617156877935498,13.140507399413709,2.1275882941179916,0.012511687699083405
A_FIXED,3,16-32,55,55,1.0,55,1.0,0.9106306082241743,0.9274469753164358,4.439472045467628,2.785674417033207,0.028822375054057308
A_FIXED,3,4-<8,39,39,1.0,39,1.0,0.8480193433817823,0.8782765572543028,1.527251722823971,1.3454995391500473,0.06803608755407829
A_FIXED,3,8-<16,93,93,1.0,90,0.967741935483871,0.8260674241771877,0.8667772091401702,4.849026318722668,2.5654526815301284,0.057189067043600675
A_FIXED,3,<4,3,3,1.0,2,0.6666666666666666,0.4931987780744322,0.5068727340196405,5.057519580372527,5.061193539943872,0.36151382428170514
A_FIXED,3,>32,7,7,1.0,7,1.0,0.9452716425194575,0.9441412520064194,15.28215165606038,3.083508441982502,0.017721312884956906
A_FIXED,4,16-32,51,51,1.0,51,1.0,0.8930055228697624,0.9124566270384303,5.102426029128107,3.171171349144229,0.033425204791696306
A_FIXED,4,4-<8,38,38,1.0,36,0.9473684210526315,0.8091273179667691,0.8466870629066514,1.9301748649167907,1.6436134793745028,0.08057864452959063
A_FIXED,4,8-<16,85,85,1.0,80,0.9411764705882353,0.7966205769140888,0.8465676266002635,5.922688320819346,3.263608076869906,0.07594430665838998
A_FIXED,4,<4,2,2,1.0,0,0.0,0.3967051602901376,0.3967051602901376,6.299589216013532,6.299589216013532,0.4499706582866808
A_FIXED,4,>32,6,6,1.0,6,1.0,0.9347192768611814,0.9344783740186717,17.745707268659267,3.94732542560242,0.02281164368860722
A_FIXED,5,16-32,48,48,1.0,48,1.0,0.8754197818772206,0.8972687556756822,5.8254327726767245,3.680932291646035,0.03725102416296262
A_FIXED,5,4-<8,37,37,1.0,35,0.9459459459459459,0.7707135507560401,0.818311942787546,2.4001248641347748,1.913936360747077,0.10086802220956766
A_FIXED,5,8-<16,77,77,1.0,72,0.935064935064935,0.7706052166712372,0.8181040401310188,6.5978236556495435,4.002453711788591,0.07861943745437018
A_FIXED,5,<4,1,1,1.0,0,0.0,0.28467728460008007,0.28467728460008007,7.947978900591022,7.947978900591022,0.5677127786136444
A_FIXED,5,>32,5,5,1.0,5,1.0,0.92044865630957,0.9160788923719958,20.8399412394258,4.982308473066155,0.029136306860035995
A_FIXED,6,16-32,45,45,1.0,45,1.0,0.8639040213365583,0.8878862472273297,6.163362128734662,3.6478492712155672,0.0374301614752198
A_FIXED,6,4-<8,36,36,1.0,33,0.9166666666666666,0.7406855766863756,0.7836817228683111,2.7901287959467247,2.254783122626251,0.11930553079405232
A_FIXED,6,8-<16,70,70,1.0,65,0.9285714285714286,0.7392672825972237,0.7879036846309635,7.553606435139968,4.63531137466269,0.09339645606472699
A_FIXED,6,>32,4,4,1.0,4,1.0,0.9109935096966937,0.9081141545580378,25.181739213314557,15.483621565957481,0.1214852533746318
A_FIXED,7,16-32,42,42,1.0,42,1.0,0.8528208060258415,0.8670823391336937,6.43829729260605,4.3947536717219915,0.04552911225577923
A_FIXED,7,4-<8,34,34,1.0,31,0.9117647058823529,0.7237041753488709,0.7518825970430594,3.018131654014225,2.4815761636669884,0.13984864569371286
A_FIXED,7,8-<16,63,63,1.0,55,0.873015873015873,0.7092167421158472,0.7593727625202772,8.513570905853003,5.261084555903456,0.10908139882353045
A_FIXED,7,>32,3,3,1.0,3,1.0,0.9080715873648576,0.9103666624415258,31.714561360215697,24.148287934092664,0.20123573278410553
A_FIXED,8,16-32,39,39,1.0,39,1.0,0.8410507233985038,0.8518132163767062,6.746438405635363,4.639062510773812,0.048614462320813095
A_FIXED,8,4-<8,32,32,1.0,29,0.90625,0.7032037841190739,0.7203346454222425,3.2689520479551413,2.9539049679976737,0.15898977438761228
A_FIXED,8,8-<16,56,56,1.0,47,0.8392857142857143,0.6806354096435754,0.7217051418246117,9.304179467008339,5.987189110234745,0.12343945540139425
A_FIXED,8,>32,2,2,1.0,2,1.0,0.9111718132453852,0.9111718132453852,43.34926956501065,43.34926956501065,0.9073173154442651
A_FIXED,9,16-32,36,36,1.0,36,1.0,0.8271112489531931,0.839986381403369,7.066787693674206,5.000743386927567,0.057791075877571756
A_FIXED,9,4-<8,30,30,1.0,27,0.9,0.6773071583971473,0.6937944653754343,3.59336952310665,3.3636850731670274,0.1769232674848537
A_FIXED,9,8-<16,50,50,1.0,42,0.84,0.6640417881891147,0.7053792797036817,9.893102869130509,6.43388279497691,0.1299144269665357
A_FIXED,9,>32,1,1,1.0,1,1.0,0.8980516513434055,0.8980516513434055,62.42130867326941,62.42130867326941,1.600546376237677
A_FIXED,10,16-32,33,33,1.0,33,1.0,0.8155890455948418,0.8352344700583859,7.375231312304024,4.940213895220187,0.053124885962255966
A_FIXED,10,4-<8,28,28,1.0,25,0.8928571428571429,0.6568288698875344,0.6828350277206634,3.85909783949083,3.8113735171011633,0.18978841089848975
A_FIXED,10,8-<16,45,45,1.0,33,0.7333333333333333,0.6452765414277308,0.6881268910531133,10.6987180005012,6.753169655520971,0.13733140502791916
A_FIXED,11,16-32,30,30,1.0,30,1.0,0.805306696278622,0.8256904466857147,7.8060770019199355,4.771596133536001,0.04900713879924547
A_FIXED,11,4-<8,26,26,1.0,23,0.8846153846153846,0.6373666913069924,0.6586941076380552,4.093869562916018,3.9601278940931284,0.2017997984080268
A_FIXED,11,8-<16,40,40,1.0,28,0.7,0.6275035777164575,0.6706310758743346,11.330299129159041,7.161096144916822,0.1519063014249727
A_FIXED,12,16-32,27,27,1.0,27,1.0,0.7952328648870995,0.8130139152435167,8.279909965695468,4.738578649258453,0.04398413400067335
A_FIXED,12,4-<8,24,24,1.0,21,0.875,0.6228425946842023,0.6450504533700365,4.338536860290276,3.9822342119273078,0.22327242270633685
A_FIXED,12,8-<16,35,35,1.0,25,0.7142857142857143,0.6117209169912066,0.6534130752481975,12.15457606168699,7.701879524803962,0.1756255344068671
A_FIXED,13,16-32,24,24,1.0,24,1.0,0.7820613780356318,0.8029095509171411,9.047308221689025,5.458328573774592,0.05596478628997782
A_FIXED,13,4-<8,22,22,1.0,18,0.8181818181818182,0.6073788922569336,0.6225818239896783,4.532749823211211,4.518697383285048,0.22799265207901026
A_FIXED,13,8-<16,31,31,1.0,21,0.6774193548387096,0.5940831496137007,0.6067071993836453,12.804429978706738,9.182413321778887,0.18407513281989266
A_FIXED,14,16-32,21,21,1.0,21,1.0,0.7724847064355916,0.8035714285714286,9.56566983258957,5.711966511928279,0.05718435050781441
A_FIXED,14,4-<8,20,20,1.0,17,0.85,0.5946220322842418,0.5839656144615413,4.659467376056027,4.884840860023944,0.23816021501556156
A_FIXED,14,8-<16,27,27,1.0,17,0.6296296296296297,0.5729344362769804,0.5871685952575437,13.527392469711446,10.412470228608422,0.23162723023868256
A_FIXED,15,16-32,18,18,1.0,18,1.0,0.7642204420214783,0.7791745730550285,10.22062778343681,6.570680036632496,0.06684812402169983
A_FIXED,15,4-<8,18,18,1.0,15,0.8333333333333334,0.5917871582373384,0.5653107016526352,4.719055138621021,4.9800578850008295,0.25923442350516224
A_FIXED,15,8-<16,23,23,1.0,12,0.5217391304347826,0.5568876058125379,0.5606430153182239,14.327363498152048,12.638710855156406,0.26059384358541393
A_FIXED,16,16-32,15,15,1.0,15,1.0,0.7496763409911903,0.7630964986141937,11.662978984422294,9.86613149110443,0.0885116064172535
A_FIXED,16,4-<8,16,16,1.0,11,0.6875,0.5887943912521358,0.5710951060617521,4.773797399956498,5.125216834096346,0.2673844245213596
A_FIXED,16,8-<16,19,19,1.0,9,0.47368421052631576,0.5332265040936238,0.4846102322074251,14.988469419720957,13.429603354510618,0.297873846561082
A_FIXED,17,16-32,12,12,1.0,12,1.0,0.7423561438923785,0.7431435487594478,13.329193494161897,10.800525195298768,0.11603108633579134
A_FIXED,17,4-<8,14,14,1.0,10,0.7142857142857143,0.5919250186550533,0.5920522263141704,4.685807774384484,4.858509261254019,0.25604213344112015
A_FIXED,17,8-<16,15,15,1.0,7,0.4666666666666667,0.5055911468714562,0.4650895619962392,15.841504835060485,15.285995580386553,0.38185437968013886
A_FIXED,18,16-32,9,9,1.0,9,1.0,0.7436725539742899,0.7238811482466156,12.783399310955389,9.816664944444904,0.10609007104699238
A_FIXED,18,4-<8,12,12,1.0,9,0.75,0.6016358637222528,0.6372277089961065,4.603009240613396,4.543959118369881,0.24171212968953287
A_FIXED,18,8-<16,11,11,1.0,5,0.45454545454545453,0.4833810682456944,0.4172957691760066,16.172317542726322,21.891179913489168,0.4339600576903991
A_FIXED,19,16-32,7,7,1.0,7,1.0,0.7507540798395208,0.7168838031153119,14.014932525757075,11.904697558811328,0.11745782933034231
A_FIXED,19,4-<8,10,10,1.0,8,0.8,0.6096074499278039,0.6220627107139016,4.436291344808881,4.091491438288507,0.2380461021166018
A_FIXED,19,8-<16,8,8,1.0,3,0.375,0.4183695076043952,0.29887640042092567,19.941287063486076,23.880766078677695,0.4777214307399004
A_FIXED,20,16-32,5,5,1.0,5,1.0,0.7490047965950597,0.7880826678082985,16.381433933508738,15.240545250014142,0.13368899342117668
A_FIXED,20,4-<8,8,8,1.0,7,0.875,0.6023345266399998,0.6241771224411614,4.540015858536217,4.09004787691295,0.2352735299223604
A_FIXED,20,8-<16,6,6,1.0,1,0.16666666666666666,0.3514409947504276,0.26522137465130335,23.124930464396556,26.070239381570786,0.540838008679974
A_FIXED,21,16-32,3,3,1.0,3,1.0,0.7845467217557426,0.7890273157346218,19.588173522350655,18.951519141133016,0.17228653764666377
A_FIXED,21,4-<8,6,6,1.0,5,0.8333333333333334,0.5864674920149165,0.6142037412944605,4.738095986874125,4.299966117190358,0.2658160302792997
A_FIXED,21,8-<16,4,4,1.0,0,0.0,0.24873319597752042,0.22457477104306722,28.2156710917037,28.705271066906725,0.5803561928905785
A_FIXED,22,16-32,2,2,1.0,2,1.0,0.7847698635090047,0.7847698635090047,21.95865650071866,21.95865650071866,0.21686438020070392
A_FIXED,22,4-<8,4,4,1.0,3,0.75,0.5622811339062427,0.5727442122165117,5.039364625007848,4.881439543546178,0.26861293328449165
A_FIXED,22,8-<16,2,2,1.0,0,0.0,0.19841361831845855,0.19841361831845855,30.346459226825765,30.346459226825765,0.5894228403055403
A_FIXED,23,16-32,1,1,1.0,1,1.0,0.7861511595488626,0.7861511595488626,25.017080280837554,25.017080280837554,0.2633376871667111
A_FIXED,23,4-<8,2,2,1.0,1,0.5,0.5443379504629946,0.5443379504629946,5.14441765195213,5.14441765195213,0.26127767718685696
A_FIXED,23,8-<16,1,1,1.0,0,0.0,0.17674044756614993,0.17674044756614993,31.892853822561115,31.892853822561115,0.6133241119723292
A_RES_CV,1,16-32,63,63,1.0,63,1.0,0.9415227128499699,0.9615642817170723,3.3620352430642617,1.3424859892585281,0.014271915347966332
A_RES_CV,1,4-<8,42,42,1.0,42,1.0,0.8952160576408881,0.9063578489837755,0.8982041300783808,0.8586132979681003,0.0419259676405249
A_RES_CV,1,8-<16,108,108,1.0,108,1.0,0.9046289673081889,0.9341895088232572,2.6352565809547404,1.1564949876650021,0.027237188886755262
A_RES_CV,1,<4,5,5,1.0,5,1.0,0.765117361421988,0.7674992497829249,2.0742232081023113,2.1509100691544503,0.15363643351103215
A_RES_CV,1,>32,9,9,1.0,9,1.0,0.9827886920639983,0.9825251680671698,3.9252525159118727,0.7139402092194089,0.004199648289525935
A_RES_CV,2,16-32,59,59,1.0,58,0.9830508474576272,0.8978138259452803,0.9310774144347145,6.051338211805134,2.696637436489919,0.02800493089626692
A_RES_CV,2,4-<8,40,40,1.0,39,0.975,0.8247096851079702,0.8421404508459127,1.608755374120861,1.4056046334405856,0.07065822983934736
A_RES_CV,2,8-<16,101,101,1.0,97,0.9603960396039604,0.8411960001725051,0.8858397850284111,4.647013498554711,2.382832406657103,0.04963229550357049
A_RES_CV,2,<4,4,4,1.0,4,1.0,0.6369783098179873,0.5939961221185348,3.129583422398074,3.5539445481358616,0.2538531820097044
A_RES_CV,2,>32,8,8,1.0,8,1.0,0.9702959459019069,0.9743991707246358,13.065822846507501,1.5223020291488183,0.008928758759597328
A_RES_CV,3,16-32,55,55,1.0,51,0.9272727272727272,0.8638306858848785,0.9095003349527457,8.376289523588694,3.7246994559014395,0.03932152966998581
A_RES_CV,3,4-<8,39,39,1.0,37,0.9487179487179487,0.7618976881917006,0.7812062978621263,2.3882171988414944,1.9234259741752113,0.09622786522741512
A_RES_CV,3,8-<16,93,93,1.0,85,0.9139784946236559,0.784630403916228,0.8443555033891644,7.0743835000447906,3.1051986038668553,0.0665948705852634
A_RES_CV,3,<4,3,3,1.0,1,0.3333333333333333,0.47142406821655625,0.40533263374614265,5.355707252017541,6.320003467510397,0.4514288191078855
A_RES_CV,3,>32,7,7,1.0,7,1.0,0.9515764522971005,0.9578802241828501,15.340859257727718,2.1573083745593435,0.01261583844771546
A_RES_CV,4,16-32,51,51,1.0,48,0.9411764705882353,0.8484974515357339,0.8983766570680732,9.639371146217792,4.15266969472893,0.04359610852831451
A_RES_CV,4,4-<8,38,38,1.0,34,0.8947368421052632,0.695534231567301,0.7419136032045557,3.119929884021181,2.54843322119718,0.11683734864311968
A_RES_CV,4,8-<16,85,85,1.0,75,0.8823529411764706,0.7424000478367363,0.8197736019954146,9.347290801505512,3.94876497282511,0.08052016473682932
A_RES_CV,4,<4,2,2,1.0,0,0.0,0.2955065293294274,0.2955065293294274,7.251848138478911,7.251848138478911,0.5179891527484937
A_RES_CV,4,>32,6,6,1.0,6,1.0,0.9481979390515846,0.9473069661670968,18.182736876449408,4.217660817653229,0.024586292695993217
A_RES_CV,5,16-32,48,48,1.0,46,0.9583333333333334,0.8243414811337679,0.8563203376081295,11.503981061054416,5.436526869563263,0.06324351037945761
A_RES_CV,5,4-<8,37,37,1.0,31,0.8378378378378378,0.6299147736211813,0.6711106093184529,4.157342403041707,3.686397058377215,0.16054342693599427
A_RES_CV,5,8-<16,77,77,1.0,68,0.8831168831168831,0.7228675572371023,0.7869761480367203,10.235278121456243,5.022238852927735,0.0913615629935142
A_RES_CV,5,<4,1,1,1.0,0,0.0,0.23280165776500644,0.23280165776500644,7.316585350053288,7.316585350053288,0.5226132392895205
A_RES_CV,5,>32,5,5,1.0,5,1.0,0.9310360430232532,0.9241759247936667,20.99190005184445,7.576683532437266,0.04430809083296647
A_RES_CV,6,16-32,45,45,1.0,44,0.9777777777777777,0.8084765439778929,0.844737914066714,12.639804980568947,6.82070522795709,0.06826672296433502
A_RES_CV,6,4-<8,36,36,1.0,28,0.7777777777777778,0.569434855220421,0.6081473891873365,5.105337144476934,4.443861037161959,0.21933288938360906
A_RES_CV,6,8-<16,70,70,1.0,59,0.8428571428571429,0.6907213104787152,0.7613969145311421,12.171376051453715,6.341993906215171,0.12364796804311706
A_RES_CV,6,>32,4,4,1.0,4,1.0,0.8952023035346279,0.8932544522058743,26.31686774389995,20.005526050571508,0.15494736386053093
A_RES_CV,7,16-32,42,42,1.0,39,0.9285714285714286,0.7949086572232861,0.8281678453186346,14.414409039948001,8.223028984801523,0.07923022954912821
A_RES_CV,7,4-<8,34,34,1.0,22,0.6470588235294118,0.5285774101253611,0.5581636500754148,6.001849652614323,4.98719545810944,0.2503416020849171
A_RES_CV,7,8-<16,63,63,1.0,49,0.7777777777777778,0.6405214027348668,0.6782365336315026,14.888125377045656,7.519123782498509,0.1620074550144907
A_RES_CV,7,>32,3,3,1.0,3,1.0,0.8658036775061161,0.869005478351949,36.82682336617939,28.823487502841044,0.24019572919034202
A_RES_CV,8,16-32,39,39,1.0,36,0.9230769230769231,0.7682519524777661,0.8188511818085901,16.81581250654154,8.267086224731614,0.08328552660186576
A_RES_CV,8,4-<8,32,32,1.0,19,0.59375,0.5035732405352561,0.5265146802178245,6.657280353305534,5.526576694838743,0.25387388759466234
A_RES_CV,8,8-<16,56,56,1.0,44,0.7857142857142857,0.6135681293886501,0.6672555372227784,17.431485523491087,8.586247555735518,0.1623932695413416
A_RES_CV,8,>32,2,2,1.0,2,1.0,0.878642964251724,0.878642964251724,42.368729965015916,42.368729965015916,0.9475968480323287
A_RES_CV,9,16-32,36,36,1.0,32,0.8888888888888888,0.7478461532361851,0.8096121448217625,18.992942144288374,9.31214233707086,0.09172901233067686
A_RES_CV,9,4-<8,30,30,1.0,12,0.4,0.4630706616944363,0.4677200450905512,7.702347220460029,6.748303854534296,0.3035683982024562
A_RES_CV,9,8-<16,50,50,1.0,38,0.76,0.5937747829957487,0.6273497026472477,18.317723376552618,9.706091454834178,0.1970872708975265
A_RES_CV,9,>32,1,1,1.0,1,1.0,0.6628463522252737,0.6628463522252737,54.25426562526453,54.25426562526453,1.3911350160324238
A_RES_CV,10,16-32,33,33,1.0,29,0.8787878787878788,0.729776442472928,0.789954574611132,20.84025069463255,8.989016218737124,0.0985043398358157
A_RES_CV,10,4-<8,28,28,1.0,9,0.32142857142857145,0.42859535633521706,0.42724559821987035,8.458503825748243,6.805084704642772,0.34606233008077164
A_RES_CV,10,8-<16,45,45,1.0,29,0.6444444444444445,0.5547499701499287,0.570646329937638,21.19927889183096,10.848204717607192,0.23354570509500705
A_RES_CV,11,16-32,30,30,1.0,25,0.8333333333333334,0.7015246721980218,0.7662585138030419,25.056089347122448,12.795377520647737,0.1237535137417246
A_RES_CV,11,4-<8,26,26,1.0,7,0.2692307692307692,0.4006717743355915,0.394930683908468,9.55014725602987,7.36826249787654,0.36986997368805824
A_RES_CV,11,8-<16,40,40,1.0,24,0.6,0.523646650549723,0.5488408639730645,23.675447367469328,11.025898339043337,0.23545526890002666
A_RES_CV,12,16-32,27,27,1.0,22,0.8148148148148148,0.6823378184734035,0.7572640479903601,28.52014983224364,12.75710986548759,0.15000130939407147
A_RES_CV,12,4-<8,24,24,1.0,6,0.25,0.36126652361725203,0.3491143893539092,10.656091699102353,7.514536979224629,0.4182399653896872
A_RES_CV,12,8-<16,35,35,1.0,20,0.5714285714285714,0.4960138182114948,0.5252566976894704,28.315676498512875,15.109074965241838,0.26721995492936124
A_RES_CV,13,16-32,24,24,1.0,20,0.8333333333333334,0.6581918873839903,0.7461292349149611,32.75649250725551,14.103460390453634,0.15799894746201754
A_RES_CV,13,4-<8,22,22,1.0,5,0.22727272727272727,0.31524639270903465,0.29580470166301925,12.434548992242458,9.287137338281262,0.49549520337345465
A_RES_CV,13,8-<16,31,31,1.0,15,0.4838709677419355,0.448712458718942,0.4874828553275242,32.14392134346587,15.56408040961941,0.2723094383553687
A_RES_CV,14,16-32,21,21,1.0,17,0.8095238095238095,0.6223934400322488,0.7209983908458184,39.4112245231848,15.261751744041433,0.13505974994726933
A_RES_CV,14,4-<8,20,20,1.0,4,0.2,0.2887927724460938,0.2626149523833884,13.825231457438292,9.755527599942402,0.5978800696590274
A_RES_CV,14,8-<16,27,27,1.0,14,0.5185185185185185,0.45370628949353,0.5071552191764354,35.7021982065705,12.490598262558464,0.27856165933337745
A_RES_CV,15,16-32,18,18,1.0,14,0.7777777777777778,0.6087085093945472,0.7168491551291954,44.761496280763495,16.335037897740463,0.1601215578615212
A_RES_CV,15,4-<8,18,18,1.0,3,0.16666666666666666,0.2670973350140506,0.23743625336851504,14.555876809194908,10.153883581002283,0.6335619388763165
A_RES_CV,15,8-<16,23,23,1.0,11,0.4782608695652174,0.43679465204474277,0.47362078308836125,42.77094480831111,17.654057553228707,0.3746176135000271
A_RES_CV,16,16-32,15,15,1.0,10,0.6666666666666666,0.5683879499501168,0.7118158460437823,54.72527497968282,17.628289552456913,0.1776568770438502
A_RES_CV,16,4-<8,16,16,1.0,2,0.125,0.2394500856103754,0.2032388792602669,16.042105110309535,10.211407139700178,0.6731273572942722
A_RES_CV,16,8-<16,19,19,1.0,8,0.42105263157894735,0.41516309838452486,0.47807167900478326,47.3504859120146,13.130684002155343,0.2979560889187112
A_RES_CV,17,16-32,12,12,1.0,7,0.5833333333333334,0.5014214382007381,0.6664161161896662,70.0471879469119,22.005087272976695,0.2613751148729717
A_RES_CV,17,4-<8,14,14,1.0,2,0.14285714285714285,0.23751079779470516,0.23831060703683182,18.41303194103562,11.701461514246933,0.7334206115888702
A_RES_CV,17,8-<16,15,15,1.0,6,0.4,0.40436770896806545,0.4818105595497953,59.913336362679416,15.69513039260808,0.38312532348164896
A_RES_CV,18,16-32,9,9,1.0,6,0.6666666666666666,0.542039429706301,0.6585708055363425,76.1660027195167,18.68264039637866,0.17031698367725845
A_RES_CV,18,4-<8,12,12,1.0,0,0.0,0.19666784571163584,0.20400502969401407,20.973894723955084,13.097122627229423,0.8222139552029017
A_RES_CV,18,8-<16,11,11,1.0,4,0.36363636363636365,0.38437141935093366,0.4192482471006452,43.98154034677904,14.69443746621507,0.481242274729284
A_RES_CV,19,16-32,7,7,1.0,4,0.5714285714285714,0.5061071129066786,0.6592108970523429,100.00889420936498,24.575000781485425,0.25868421875247816
A_RES_CV,19,4-<8,10,10,1.0,0,0.0,0.16618215173272088,0.12283615569900197,23.754202592746687,12.940171755781282,0.7765618928467112
A_RES_CV,19,8-<16,8,8,1.0,3,0.375,0.32183722195791653,0.31822182900879536,59.55502017241304,21.281244073793538,0.5883248089070738
A_RES_CV,20,16-32,5,5,1.0,3,0.6,0.43161366334832907,0.624803651766347,136.51664689527394,20.04854294098904,0.18225948128171857
A_RES_CV,20,4-<8,8,8,1.0,0,0.0,0.15753034796962925,0.09958162596273232,28.96295593377028,19.147506967601203,1.0636968541790703
A_RES_CV,20,8-<16,6,6,1.0,2,0.3333333333333333,0.29829373965418576,0.26520779262436395,76.51137306452657,21.30088169079358,0.7756675415061138
A_RES_CV,21,16-32,3,3,1.0,3,1.0,0.6750031412326224,0.6382748046683451,15.41525973436764,15.280993014400055,0.1340437983719303
A_RES_CV,21,4-<8,6,6,1.0,0,0.0,0.12339405626409126,0.05684710081703008,33.003543609013306,20.137691884578473,1.2939395500207433
A_RES_CV,21,8-<16,4,4,1.0,2,0.5,0.29753854033538113,0.29023264206649235,112.89943178440762,33.02710522364328,3.549004508460372
A_RES_CV,22,16-32,2,2,1.0,2,1.0,0.676235043419336,0.676235043419336,13.490341028780385,13.490341028780385,0.12827233985873626
A_RES_CV,22,4-<8,4,4,1.0,0,0.0,0.11297861804901917,0.0,42.15022947447865,33.52997044284673,1.661621087762639
A_RES_CV,22,8-<16,2,2,1.0,1,0.5,0.27805534590474396,0.27805534590474396,204.42434642818043,204.42434642818043,4.005991099171082
A_RES_CV,23,16-32,1,1,1.0,1,1.0,0.7303831545163636,0.7303831545163636,24.34380466004845,24.34380466004845,0.25625057536893103
A_RES_CV,23,4-<8,2,2,1.0,0,0.0,0.0,0.0,78.75162897729311,78.75162897729311,4.7923154405337325
A_RES_CV,23,8-<16,1,1,1.0,0,0.0,0.0,0.0,416.7209523659785,416.7209523659785,8.01386446857651
CV,1,16-32,63,63,1.0,63,1.0,0.9600180824494833,0.9721554116558742,2.556221382001152,1.118033988749895,0.011893978603722287
CV,1,4-<8,42,42,1.0,42,1.0,0.902127614830749,0.903125,1.0155891669035215,1.0590169943749475,0.04971495009263367
CV,1,8-<16,108,108,1.0,108,1.0,0.9299720235824762,0.9411764705882353,2.04901787686712,1.118033988749895,0.023787957207444574
CV,1,<4,5,5,1.0,5,1.0,0.8175258179693408,0.7906976744186046,1.368372892345421,1.5811388300841898,0.10540925533894599
CV,1,>32,9,9,1.0,9,1.0,0.9818244885883433,0.9823852955510687,4.032663555040568,1.118033988749895,0.0067351445105415355
CV,2,16-32,59,59,1.0,58,0.9830508474576272,0.911540185752242,0.9311568488289567,5.41479189190851,3.0413812651491097,0.03185165681020485
CV,2,4-<8,40,40,1.0,40,1.0,0.7564255371342254,0.7810632470119522,2.778674792370829,2.5495097567963922,0.14594325141111325
CV,2,8-<16,101,101,1.0,98,0.9702970297029703,0.8460298018853328,0.8691358024691358,4.679643881672869,3.0413812651491097,0.06202691063039891
CV,2,<4,4,4,1.0,3,0.75,0.5846756334751285,0.6071323763955343,3.574539711268341,3.3618556388582634,0.23053461974190148
CV,2,>32,8,8,1.0,8,1.0,0.9458778564908572,0.9544212750272927,13.732500848034215,3.348905783050559,0.019638635085953877
CV,3,16-32,55,55,1.0,53,0.9636363636363636,0.853375979996736,0.8710700132100396,9.008101906202421,5.5901699437494745,0.059809196378005955
CV,3,4-<8,39,39,1.0,31,0.7948717948717948,0.5827893328220041,0.6176470588235294,5.465877525423372,5.5,0.28125
CV,3,8-<16,93,93,1.0,88,0.946236559139785,0.7387784627986372,0.7637075718015666,8.474186726232485,6.020797289396148,0.12790697674418605
CV,3,<4,3,3,1.0,0,0.0,0.3609332217826457,0.37383177570093457,6.4631289281238535,6.519202405202649,0.46565731465733207
CV,3,>32,7,7,1.0,7,1.0,0.8992512111936307,0.9176112279820402,16.7884688586196,7.0178344238090995,0.04033238174602931
CV,4,16-32,51,51,1.0,50,0.9803921568627451,0.7912611694193823,0.8038852913968547,12.238565150220026,9.340770846134703,0.0976621440265231
CV,4,4-<8,38,38,1.0,11,0.2894736842105263,0.4015524885745153,0.42055341606047636,9.05594736108212,8.930011286667337,0.45581751041181723
CV,4,8-<16,85,85,1.0,79,0.9294117647058824,0.6327274605920876,0.6495049504950495,12.797474289037561,9.5524865872714,0.19445911938612198
CV,4,<4,2,2,1.0,0,0.0,0.09390403467855912,0.09390403467855912,11.146758286230725,11.146758286230725,0.7961970204450518
CV,4,>32,6,6,1.0,6,1.0,0.8554138404985113,0.8714297574156395,19.579270725391023,11.411955276646836,0.06539640312718847
CV,5,16-32,48,48,1.0,47,0.9791666666666666,0.7154828117007517,0.7238602054653884,17.432423248158823,13.837927949363667,0.1476587770384173
CV,5,4-<8,37,37,1.0,1,0.02702702702702703,0.237059236215017,0.24155405405405406,13.500317614955048,13.5,0.6956521739130435
CV,5,8-<16,77,77,1.0,51,0.6623376623376623,0.5192395271884024,0.5390796201607012,17.1977806258028,14.0089257261219,0.28743098055545313
CV,5,<4,1,1,1.0,0,0.0,0.0,0.0,18.0,18.0,1.2857142857142858
CV,5,>32,5,5,1.0,5,1.0,0.7860658371074705,0.813544179397838,22.02701591900087,16.0,0.09204467514322717
CV,6,16-32,45,45,1.0,44,0.9777777777777777,0.6335842525219609,0.6443156369384798,23.051091097053263,19.557607215607945,0.20379721011381702
CV,6,4-<8,36,36,1.0,0,0.0,0.1193398861501224,0.08106355382619973,18.879866433826365,19.016437699594327,0.9673913043478262
CV,6,8-<16,70,70,1.0,10,0.14285714285714285,0.4060467133859281,0.41372041809751925,23.67180445237706,19.2901278678422,0.3980172984486381
CV,6,>32,4,4,1.0,4,1.0,0.732066894634585,0.7579929824444067,23.909389035061885,22.354579090514157,0.1281050431331708
CV,7,16-32,42,42,1.0,39,0.9285714285714286,0.551679652032137,0.5574356843638006,29.735309909135076,25.96772457366349,0.2719046261256395
CV,7,4-<8,34,34,1.0,0,0.0,0.0474729710919346,0.0,25.234867164135316,25.775447175374058,1.2747351395478304
CV,7,8-<16,63,63,1.0,0,0.0,0.2966940892721641,0.30548302872062666,31.188153208046145,25.22399651125888,0.5217106312867758
CV,7,>32,3,3,1.0,3,1.0,0.6746180623651638,0.6867335562987736,23.221122994023705,29.769951293208393,0.17011400738976226
CV,8,16-32,39,39,1.0,11,0.28205128205128205,0.467520647505289,0.47164696953269003,37.6049427097931,33.0,0.35
CV,8,4-<8,32,32,1.0,0,0.0,0.009672511229678086,0.0,32.07274155115835,33.15270248338089,1.5996737132785
CV,8,8-<16,56,56,1.0,0,0.0,0.19813821890352723,0.20701799067569385,39.850474414967216,32.519221448142446,0.6568368273257201
CV,8,>32,2,2,1.0,1,0.5,0.5908881818435805,0.5908881818435805,20.24140019301077,20.24140019301077,0.424113429726966
CV,9,16-32,36,36,1.0,0,0.0,0.38716502501133276,0.38968067871172885,46.450905997469214,41.39730467465583,0.43631017507327935
CV,9,4-<8,30,30,1.0,0,0.0,0.0,0.0,39.98877709735514,40.04154736324004,1.9725160770651557
CV,9,8-<16,50,50,1.0,0,0.0,0.10971480956049938,0.10120394038507632,47.41920463567206,40.684621619644616,0.8044661861556007
CV,9,>32,1,1,1.0,0,0.0,0.4073226544622426,0.4073226544622426,21.224985276791124,21.224985276791124,0.5442303917125929
CV,10,16-32,33,33,1.0,0,0.0,0.308326783805331,0.30995745316115547,56.745055374402604,51.12973694436536,0.5368891878218447
CV,10,4-<8,28,28,1.0,0,0.0,0.0,0.0,48.69093013162543,48.31436438084239,2.4923742744913726
CV,10,8-<16,45,45,1.0,0,0.0,0.043430665164459994,0.024693836579000202,57.639824363722774,50.039984012787215,0.9942977212987475
CV,11,16-32,30,30,1.0,0,0.0,0.23342289157042861,0.22902038899726931,67.79392283256492,60.61061967244603,0.6389417803884923
CV,11,4-<8,26,26,1.0,0,0.0,0.0,0.0,58.397368446493665,57.857559155655764,3.072913780639577
CV,11,8-<16,40,40,1.0,0,0.0,0.011273841572399626,0.0,69.13699261422701,60.05203996810623,1.1909399039409745
CV,12,16-32,27,27,1.0,0,0.0,0.16388884356587946,0.15919456156957232,79.81453556226955,71.68856254661549,0.7520050533327244
CV,12,4-<8,24,24,1.0,0,0.0,0.0,0.0,68.38824994389567,67.25470005802481,3.504764685814079
CV,12,8-<16,35,35,1.0,0,0.0,0.0011517373602705479,0.0,81.60265404720855,69.14658342969665,1.3406237242464774
CV,13,16-32,24,24,1.0,0,0.0,0.09539220872060528,0.0896312791667406,93.44204041502984,83.21399108737171,0.8629207847352811
CV,13,4-<8,22,22,1.0,0,0.0,0.0,0.0,79.2972175110523,77.10195446468468,4.1030833020204724
CV,13,8-<16,31,31,1.0,0,0.0,0.0,0.0,95.53687827121354,80.94751385929032,1.5566829588325062
CV,14,16-32,21,21,1.0,0,0.0,0.03859413858562256,0.027206320810971973,107.90913336633238,96.20940702446929,0.9819666476924294
CV,14,4-<8,20,20,1.0,0,0.0,0.0,0.0,91.1329254467787,89.00672420017617,4.90373242053351
CV,14,8-<16,27,27,1.0,0,0.0,0.0,0.0,111.55419809871125,95.72094859538323,1.7941545247281927
CV,15,16-32,18,18,1.0,0,0.0,0.008581282245068145,0.0,124.45439653978922,109.56880722910947,1.1076701756977851
CV,15,4-<8,18,18,1.0,0,0.0,0.0,0.0,104.37183109110694,102.27537017487198,5.627773126529268
CV,15,8-<16,23,23,1.0,0,0.0,0.0,0.0,128.90668765835318,106.51877768731671,2.1209716429172674
CV,16,16-32,15,15,1.0,0,0.0,0.0,0.0,143.16832997608205,123.51619327035625,1.238835217547245
CV,16,4-<8,16,16,1.0,0,0.0,0.0,0.0,117.74644658160466,115.96055108140689,6.384442555902869
CV,16,8-<16,19,19,1.0,0,0.0,0.0,0.0,149.73246085792525,127.89155562428662,2.318263564092918
CV,17,16-32,12,12,1.0,0,0.0,0.0,0.0,165.09145333198748,137.79120600401936,1.3478600431802816
CV,17,4-<8,14,14,1.0,0,0.0,0.0,0.0,132.6978658089515,130.05821149194026,7.090085776442622
CV,17,8-<16,15,15,1.0,0,0.0,0.0,0.0,172.5108125131026,132.29701432761058,2.9364785530359345
CV,18,16-32,9,9,1.0,0,0.0,0.0,0.0,195.12819969538273,158.38244852255568,1.5228968697955414
CV,18,4-<8,12,12,1.0,0,0.0,0.0,0.0,146.42009713171794,144.47611192309367,7.867984262360803
CV,18,8-<16,11,11,1.0,0,0.0,0.0,0.0,170.4103817024659,147.1674216666175,3.2397340532999173
CV,19,16-32,7,7,1.0,0,0.0,0.0,0.0,229.84337000323225,177.1383639983163,1.6103487636210572
CV,19,4-<8,10,10,1.0,0,0.0,0.0,0.0,161.71274249477406,161.75038819782174,8.812616661763318
CV,19,8-<16,8,8,1.0,0,0.0,0.0,0.0,196.69002835142294,164.63969963451612,3.3650514768715523
CV,20,16-32,5,5,1.0,0,0.0,0.0,0.0,278.86586110014684,197.03108891745993,1.7920393295566048
CV,20,4-<8,8,8,1.0,0,0.0,0.0,0.0,180.0605873560034,179.00352321225324,9.73146283816369
CV,20,8-<16,6,6,1.0,0,0.0,0.0,0.0,224.54255627379914,175.9224698473493,3.6637581723423933
CV,21,16-32,3,3,1.0,0,0.0,0.0,0.0,208.10431324097513,207.61803871532936,1.8874367155939034
CV,21,4-<8,6,6,1.0,0,0.0,0.0,0.0,197.1816583947964,195.30702882423128,11.218278783222829
CV,21,8-<16,4,4,1.0,0,0.0,0.0,0.0,266.56968613917877,190.3240943936433,6.755773326674374
CV,22,16-32,2,2,1.0,0,0.0,0.0,0.0,224.13345513944242,224.13345513944242,2.2019501269827964
CV,22,4-<8,4,4,1.0,0,0.0,0.0,0.0,217.31227583541306,215.3845060073877,12.372888653959942
CV,22,8-<16,2,2,1.0,0,0.0,0.0,0.0,369.4582057841114,369.4582057841114,7.206989076261265
CV,23,16-32,1,1,1.0,0,0.0,0.0,0.0,240.96732143591586,240.96732143591586,2.5364981203780617
CV,23,4-<8,2,2,1.0,0,0.0,0.0,0.0,236.92129344725714,236.92129344725714,13.403572833205043
CV,23,8-<16,1,1,1.0,0,0.0,0.0,0.0,576.7531967835115,576.7531967835115,11.091407630452144
S_FIXED,1,16-32,63,63,1.0,63,1.0,0.9146662894922151,0.9178932351993596,4.971153233086505,3.7022397254164794,0.042351520604081795
S_FIXED,1,4-<8,42,42,1.0,41,0.9761904761904762,0.8042336098030683,0.8178655279378433,2.3752285417622567,2.074111746500021,0.10163982284580533
S_FIXED,1,8-<16,108,108,1.0,106,0.9814814814814815,0.819174487024444,0.8213352152630276,4.414088617832724,3.9833670260679828,0.07979245176818102
S_FIXED,1,<4,5,5,1.0,1,0.2,0.3981059049531548,0.35218692122293693,6.269983368791887,6.576596271561179,0.46975687654008424
S_FIXED,1,>32,9,9,1.0,9,1.0,0.9326168756184953,0.9396431498991051,6.827117248044864,4.574607185725968,0.026889561734332382
S_FIXED,2,16-32,59,59,1.0,59,1.0,0.8479256672841315,0.8427393906403091,8.234080288805753,7.029054562933901,0.08309265208904901
S_FIXED,2,4-<8,40,40,1.0,35,0.875,0.6745701677492482,0.6699462360965674,4.20740040799287,3.9985059725334304,0.2148057014960762
S_FIXED,2,8-<16,101,101,1.0,94,0.9306930693069307,0.6873647498023676,0.685210654410106,8.155516819283532,7.600398301472261,0.14742832328776947
S_FIXED,2,<4,4,4,1.0,0,0.0,0.07441391959539576,0.02520198794988321,13.12698791598781,14.16339873549299,1.0116713382494993
S_FIXED,2,>32,8,8,1.0,8,1.0,0.8628712669908318,0.8866203497211281,15.880497252784409,9.712424043871106,0.05628120560400094
S_FIXED,3,16-32,55,55,1.0,55,1.0,0.788270920932099,0.7768850986100503,11.67141488634329,10.231570791457953,0.12100728379239528
S_FIXED,3,4-<8,39,39,1.0,26,0.6666666666666666,0.5606184134961706,0.580891307766217,6.279895316884309,5.955350983059118,0.31770317747369314
S_FIXED,3,8-<16,93,93,1.0,64,0.6881720430107527,0.5884106946490458,0.5750249652654246,11.565745813480401,11.218268815093543,0.2163445773093205
S_FIXED,3,<4,3,3,1.0,0,0.0,0.0,0.0,20.23045603746091,21.186066095871354,1.5132904354193824
S_FIXED,3,>32,7,7,1.0,7,1.0,0.8078130240342114,0.8358281510399288,18.457450318425135,13.307547104129533,0.08561772743889418
S_FIXED,4,16-32,51,51,1.0,51,1.0,0.7365835635990834,0.7182222054887698,14.764456836743463,13.620335083464438,0.159082525242197
S_FIXED,4,4-<8,38,38,1.0,18,0.47368421052631576,0.4697158729509462,0.4872029491317025,8.351859827177424,8.101244413842142,0.41062704506055336
S_FIXED,4,8-<16,85,85,1.0,40,0.47058823529411764,0.5128662103107704,0.4805437595166267,14.75829798051881,14.839675073534092,0.28670100483369343
S_FIXED,4,<4,2,2,1.0,0,0.0,0.0,0.0,26.37259493880226,26.37259493880226,1.8837567813430187
S_FIXED,4,>32,6,6,1.0,6,1.0,0.758791252278579,0.7805245427941733,20.70572050450636,18.372799646502415,0.10648214041623971
S_FIXED,5,16-32,48,48,1.0,45,0.9375,0.6858579012152433,0.6596370707058028,18.02562220176743,16.979114458410578,0.20110151043647767
S_FIXED,5,4-<8,37,37,1.0,11,0.2972972972972973,0.39691843504288105,0.41179581217154604,10.436320922548486,9.68917367766242,0.5257426321042955
S_FIXED,5,8-<16,77,77,1.0,29,0.37662337662337664,0.4539128001929978,0.4200850965849729,17.167635481166762,18.131187986707847,0.34187681045211693
S_FIXED,5,<4,1,1,1.0,0,0.0,0.0,0.0,31.584582364640767,31.584582364640767,2.2560415974743404
S_FIXED,5,>32,5,5,1.0,5,1.0,0.7128749308933559,0.731258237222028,22.50714220845082,23.484387564162834,0.13496774462162547
S_FIXED,6,16-32,45,45,1.0,41,0.9111111111111111,0.6394381868913914,0.6091099319673888,21.08661534291162,20.32793697853295,0.23529372500887463
S_FIXED,6,4-<8,36,36,1.0,9,0.25,0.3352578956897499,0.33871841291915655,12.603747865927046,11.642821870718407,0.6305886451325857
S_FIXED,6,8-<16,70,70,1.0,21,0.3,0.4031876702339378,0.3705610748019684,20.002516482681457,21.8741789340297,0.3998419814855717
S_FIXED,6,>32,4,4,1.0,4,1.0,0.6718247884584199,0.6835765996929826,24.09941401810437,28.605133871738666,0.16390991193771245
S_FIXED,7,16-32,42,42,1.0,35,0.8333333333333334,0.5962056358832291,0.5655856008957156,24.13933140625656,23.23603166934128,0.256634742136462
S_FIXED,7,4-<8,34,34,1.0,4,0.11764705882352941,0.2932992544505716,0.3073297314640385,14.082013518422247,12.875855245363681,0.7472777411295839
S_FIXED,7,8-<16,63,63,1.0,17,0.2698412698412698,0.360965410539103,0.3393716363086907,22.561195693092657,24.16089708371405,0.4386470501662026
S_FIXED,7,>32,3,3,1.0,3,1.0,0.6344861828609029,0.6370583100490272,24.239526728780238,29.81590830193826,0.1929707403894533
S_FIXED,8,16-32,39,39,1.0,25,0.6410256410256411,0.5558559990648057,0.5340395825836347,27.299929390535947,26.620029741181195,0.28336218357307774
S_FIXED,8,4-<8,32,32,1.0,3,0.09375,0.257024480644718,0.2728290023592148,15.467854145420716,15.085774922048335,0.8503390930430383
S_FIXED,8,8-<16,56,56,1.0,11,0.19642857142857142,0.32724195791493443,0.29413375757639093,24.71142264492109,25.2092650275029,0.4859818578558009
S_FIXED,8,>32,2,2,1.0,1,0.5,0.6085068991013256,0.6085068991013256,19.204239616491698,19.204239616491698,0.3807189818490524
S_FIXED,9,16-32,36,36,1.0,19,0.5277777777777778,0.5188128362204651,0.5073919396990951,30.495897100074476,29.862688406310504,0.3108164070968233
S_FIXED,9,4-<8,30,30,1.0,2,0.06666666666666667,0.22499761305170496,0.2270211141064351,16.88994964469266,16.450958275488127,0.8836210938772029
S_FIXED,9,8-<16,50,50,1.0,8,0.16,0.29369330608643957,0.2782360679927116,26.701547100092274,26.691432306992844,0.5265880184356194
S_FIXED,9,>32,1,1,1.0,0,0.0,0.4608502596656328,0.4608502596656328,21.418231966876114,21.418231966876114,0.5491854350481055
S_FIXED,10,16-32,33,33,1.0,15,0.45454545454545453,0.4852326049513461,0.4759877657090359,33.692816610155994,33.141792408402566,0.36060362345467095
S_FIXED,10,4-<8,28,28,1.0,1,0.03571428571428571,0.1957548157418231,0.207302323407124,18.367913909150047,17.54554109052392,1.0116819498463099
S_FIXED,10,8-<16,45,45,1.0,4,0.08888888888888889,0.2581492371248225,0.2663320766072578,29.28197068782416,30.271348975643754,0.5531286462679502
S_FIXED,11,16-32,30,30,1.0,11,0.36666666666666664,0.4549446602737354,0.45196570232051986,36.77756461731671,37.15412108527481,0.38291449764296204
S_FIXED,11,4-<8,26,26,1.0,1,0.038461538461538464,0.171748622544501,0.18260810871301164,19.79248867437927,18.91685116832231,1.0525720506155045
S_FIXED,11,8-<16,40,40,1.0,1,0.025,0.22613870701523084,0.23019972643975728,31.62549592138098,30.35566855767516,0.5851832065332584
S_FIXED,12,16-32,27,27,1.0,6,0.2222222222222222,0.42842761589554773,0.42969391844413507,39.89803232466453,39.11819870593457,0.40811116190985985
S_FIXED,12,4-<8,24,24,1.0,0,0.0,0.1519944581980488,0.15492092314833292,21.24395920304534,20.13521660164681,1.1542872072981651
S_FIXED,12,8-<16,35,35,1.0,0,0.0,0.1991880951068821,0.2059107062421621,33.84532095838983,32.653402964090446,0.6290648992849169
S_FIXED,13,16-32,24,24,1.0,4,0.16666666666666666,0.4050082878097723,0.40884756566435143,43.107694469382636,42.47963000966964,0.4241746265378774
S_FIXED,13,4-<8,22,22,1.0,0,0.0,0.13313446800810685,0.12889476581654233,22.661517082225824,22.321428997368514,1.2345522262849928
S_FIXED,13,8-<16,31,31,1.0,0,0.0,0.1686274308638742,0.16778923201050458,36.63973592465317,35.44238204181483,0.6791390696518171
S_FIXED,14,16-32,21,21,1.0,2,0.09523809523809523,0.38560745154253917,0.3771813445519669,46.39604242407187,46.94678278296447,0.46059709140529054
S_FIXED,14,4-<8,20,20,1.0,0,0.0,0.11691110381664285,0.10517806241369473,24.069841441627368,24.22845369675005,1.3417010962222564
S_FIXED,14,8-<16,27,27,1.0,0,0.0,0.14013090862255495,0.14277177116418527,39.4804065207922,36.11253747348533,0.7292107689715286
S_FIXED,15,16-32,18,18,1.0,2,0.1111111111111111,0.36937342711338744,0.35957078065001363,49.86054045073117,50.143460642228284,0.5082829059552249
S_FIXED,15,4-<8,18,18,1.0,0,0.0,0.10207160281459655,0.07146446783286352,25.445235800813975,26.141850642371107,1.5127023310518015
S_FIXED,15,8-<16,23,23,1.0,0,0.0,0.11549025028228214,0.10537512320350147,42.27983592126066,39.7941713265855,0.7802778691487353
S_FIXED,16,16-32,15,15,1.0,1,0.06666666666666667,0.35589881668015144,0.34981022815332213,53.678241547250295,55.85993075031325,0.5524179039451708
S_FIXED,16,4-<8,16,16,1.0,0,0.0,0.08915028024999844,0.03981460216190759,26.71330522361182,28.53735138481239,1.6598803736826175
S_FIXED,16,8-<16,19,19,1.0,0,0.0,0.09088293591529639,0.06507459667778813,45.24567586963887,42.95048638133194,0.8948017996110821
S_FIXED,17,16-32,12,12,1.0,1,0.08333333333333333,0.34446036406701647,0.3425613070867723,58.131085317830006,63.747365234589225,0.6028253503130054
S_FIXED,17,4-<8,14,14,1.0,0,0.0,0.08222279027731343,0.029745038259589355,27.78028540775613,30.130336275727068,1.7770556249286589
S_FIXED,17,8-<16,15,15,1.0,0,0.0,0.06637709912875862,0.061757090356158,48.34023058327344,47.49280284500604,1.0231376371374825
S_FIXED,18,16-32,9,9,1.0,0,0.0,0.31773907169577775,0.3080350336952256,67.29560106558965,71.28657596578459,0.6536011021342493
S_FIXED,18,4-<8,12,12,1.0,0,0.0,0.08029943799484657,0.03070687829216945,28.72531919647572,31.297255542264743,1.8364275050274967
S_FIXED,18,8-<16,11,11,1.0,0,0.0,0.04424537537152931,0.005982016420853817,50.96671540215475,51.647897770648264,1.215763346182401
S_FIXED,19,16-32,7,7,1.0,0,0.0,0.289899817891015,0.29119328600753414,74.24069958673383,79.82081433226745,0.7063788878961721
S_FIXED,19,4-<8,10,10,1.0,0,0.0,0.0837345716048021,0.041180494838913576,29.387461942578124,32.02988406425301,1.9201758518177003
S_FIXED,19,8-<16,8,8,1.0,0,0.0,0.024688468425921383,0.0,55.1232387760109,58.43894415335373,1.2486601763168546
S_FIXED,20,16-32,5,5,1.0,0,0.0,0.25982629423228276,0.25787191530916,82.71009128969033,87.28331595084046,0.766282407049706
S_FIXED,20,4-<8,8,8,1.0,0,0.0,0.08831950677249994,0.05635570191695232,29.963602514343815,32.0680203737386,1.9393936726120395
S_FIXED,20,8-<16,6,6,1.0,0,0.0,0.012758718536901326,0.0,57.73063604537305,63.10724951420927,1.324231328224869
S_FIXED,21,16-32,3,3,1.0,0,0.0,0.2263519821814776,0.23139717504338816,95.99708349480579,95.32983210148504,0.8666348372862276
S_FIXED,21,4-<8,6,6,1.0,0,0.0,0.09284218020208339,0.07784017839890649,30.34837044767603,31.29433126469933,1.979793286032812
S_FIXED,21,8-<16,4,4,1.0,0,0.0,0.00494293940034081,0.0,59.71858579300846,66.97255284520149,1.3904664500881248
S_FIXED,22,16-32,2,2,1.0,0,0.0,0.15675121797707084,0.15675121797707084,103.13334827596074,103.13334827596074,1.0125983503538025
S_FIXED,22,4-<8,4,4,1.0,0,0.0,0.09266265612859007,0.08283889781466212,31.276950391677154,31.31074782041886,2.0074633235805615
S_FIXED,22,8-<16,2,2,1.0,0,0.0,0.0,0.0,70.31320219463137,70.31320219463137,1.3657916536118342
S_FIXED,23,16-32,1,1,1.0,0,0.0,0.06342976152149059,0.06342976152149059,110.97777909463463,110.97777909463463,1.168187148364575
S_FIXED,23,4-<8,2,2,1.0,0,0.0,0.08977476803318205,0.08977476803318205,32.38399847951372,32.38399847951372,2.0873457713327777
S_FIXED,23,8-<16,1,1,1.0,0,0.0,0.0,0.0,71.71169989369014,71.71169989369014,1.3790711518017333
S_RES_CV,1,16-32,63,63,1.0,63,1.0,0.9564420723108705,0.9700249092798847,2.6580099336940366,1.0227998499911641,0.01009964968707992
S_RES_CV,1,4-<8,42,42,1.0,42,1.0,0.8764262968354495,0.8912692451549922,1.1303474756797651,1.0522165059999002,0.053327363655850925
S_RES_CV,1,8-<16,108,108,1.0,108,1.0,0.9167827060928808,0.9331013584473187,2.3047617914861385,1.2466646383756248,0.024614637236133323
S_RES_CV,1,<4,5,5,1.0,5,1.0,0.7452037304974845,0.7483974975154674,2.0715319127835645,1.9687947789584888,0.14062819849703492
S_RES_CV,1,>32,9,9,1.0,9,1.0,0.979291636849569,0.9813044579303348,4.057516181429708,1.2596866109528133,0.008745357948155428
S_RES_CV,2,16-32,59,59,1.0,58,0.9830508474576272,0.9222065602162418,0.9447896965879229,4.9891937197061145,2.0473447015987687,0.0231553258172157
S_RES_CV,2,4-<8,40,40,1.0,39,0.975,0.7924018864017457,0.8258914881272124,2.1607126752955272,1.7904188266819818,0.09113919219589012
S_RES_CV,2,8-<16,101,101,1.0,98,0.9702970297029703,0.8519573994005394,0.8906804353655813,4.430922997009364,2.0329530650526295,0.04505492256778448
S_RES_CV,2,<4,4,4,1.0,2,0.5,0.457927244439135,0.45286652466186506,5.64961518368029,5.611090267821755,0.3801864964745004
S_RES_CV,2,>32,8,8,1.0,8,1.0,0.9566406191001706,0.9604977263474135,13.121902999638742,2.0449952834353957,0.011705410034029633
S_RES_CV,3,16-32,55,55,1.0,53,0.9636363636363636,0.888520413716686,0.9189144898490542,7.4073078557270975,3.2596102023569533,0.03441851512276659
S_RES_CV,3,4-<8,39,39,1.0,34,0.8717948717948718,0.6908688076066709,0.7077715242481378,3.68992904419592,3.1032110453933646,0.16257554977039823
S_RES_CV,3,8-<16,93,93,1.0,86,0.9247311827956989,0.784364668567889,0.8405041333525411,7.245675586912691,3.8847836604727113,0.07126690800021905
S_RES_CV,3,<4,3,3,1.0,1,0.3333333333333333,0.22324072906889955,0.066981956520939,10.784043067024951,12.668684574412202,0.904906041029443
S_RES_CV,3,>32,7,7,1.0,7,1.0,0.9282534820319462,0.9601084046666887,14.900591380398842,2.676214059313683,0.015380540570768294
S_RES_CV,4,16-32,51,51,1.0,50,0.9803921568627451,0.855814348051435,0.8825447201401848,9.050055167781073,5.873421011292458,0.05877718973310385
S_RES_CV,4,4-<8,38,38,1.0,29,0.7631578947368421,0.5943131517096267,0.610516700308773,5.294200649431528,4.127200197624167,0.21953783881611996
S_RES_CV,4,8-<16,85,85,1.0,77,0.9058823529411765,0.7180959701611888,0.7582109028777774,9.861357027039357,5.774046874856825,0.1075172327719091
S_RES_CV,4,<4,2,2,1.0,0,0.0,0.0,0.0,19.800553319190723,19.800553319190723,1.4143252370850516
S_RES_CV,4,>32,6,6,1.0,6,1.0,0.9120163152053938,0.9391768648605616,17.31130946430905,6.9885957501205676,0.04072538528641571
S_RES_CV,5,16-32,48,48,1.0,47,0.9791666666666666,0.812909574191921,0.8501066505929962,12.429035975309233,8.028500894399508,0.0918475426921867
S_RES_CV,5,4-<8,37,37,1.0,24,0.6486486486486487,0.5203045343898293,0.5670051557795653,7.123562444003609,5.5291384562217765,0.2916428314261574
S_RES_CV,5,8-<16,77,77,1.0,64,0.8311688311688312,0.6639067744953163,0.6774420733009298,11.611622259376304,7.273186975900964,0.15142287051702827
S_RES_CV,5,<4,1,1,1.0,0,0.0,0.0,0.0,29.45539962836622,29.45539962836622,2.103957116311873
S_RES_CV,5,>32,5,5,1.0,5,1.0,0.8798471328601464,0.922438645960313,20.69872016562495,12.299009256239394,0.07192403073824206
S_RES_CV,6,16-32,45,45,1.0,44,0.9777777777777777,0.766413689167822,0.7847384253715644,15.506910399429774,11.003824478958236,0.1241653435705331
S_RES_CV,6,4-<8,36,36,1.0,17,0.4722222222222222,0.4558570350909263,0.48902247141047495,8.975731741614863,6.48165270432931,0.3340863997368534
S_RES_CV,6,8-<16,70,70,1.0,52,0.7428571428571429,0.6095552710762999,0.6421766619760272,14.241919393339643,8.966488257619222,0.18819228605400506
S_RES_CV,6,>32,4,4,1.0,4,1.0,0.8525069412933883,0.852104934878422,25.72527586686556,18.905442387802637,0.13761927595969314
S_RES_CV,7,16-32,42,42,1.0,40,0.9523809523809523,0.7135740667026947,0.7273367137610209,19.118281623849505,14.085619547267093,0.15508100352154452
S_RES_CV,7,4-<8,34,34,1.0,13,0.38235294117647056,0.4048532261754548,0.41379815215513477,10.541857050788021,7.907646009304431,0.41912268269498815
S_RES_CV,7,8-<16,63,63,1.0,36,0.5714285714285714,0.5476684135885463,0.563329457038169,18.007541205228954,11.140093227498113,0.27667184587108207
S_RES_CV,7,>32,3,3,1.0,3,1.0,0.8361313326286558,0.873605365695754,33.3488475206415,20.582261859908126,0.1715188488325677
S_RES_CV,8,16-32,39,39,1.0,33,0.8461538461538461,0.6575696029763475,0.6654816026135191,23.997090936540705,18.27815531857471,0.20879588585733344
S_RES_CV,8,4-<8,32,32,1.0,10,0.3125,0.361157976403508,0.3567003730011984,11.379730898891527,8.85887417979473,0.442504342849327
S_RES_CV,8,8-<16,56,56,1.0,27,0.48214285714285715,0.49597973578748084,0.4786126097551695,21.61601384300519,13.415417664961025,0.31178438918601825
S_RES_CV,8,>32,2,2,1.0,2,1.0,0.7266379834234469,0.7266379834234469,33.27360432288924,33.27360432288924,0.7739091064567503
S_RES_CV,9,16-32,36,36,1.0,27,0.75,0.598982095698076,0.597362993887605,29.348051214340856,25.21597548987139,0.24943501451417666
S_RES_CV,9,4-<8,30,30,1.0,6,0.2,0.30003409261820285,0.3046441167180014,12.769935868558889,10.545746943583989,0.5146299198850627
S_RES_CV,9,8-<16,50,50,1.0,20,0.4,0.45412605336180534,0.4302179689915624,23.66654554688399,17.584302913774657,0.35127354731831806
S_RES_CV,9,>32,1,1,1.0,1,1.0,0.5044094402602353,0.5044094402602353,41.369776095150414,41.369776095150414,1.0607634896192413
S_RES_CV,10,16-32,33,33,1.0,19,0.5757575757575758,0.5357498395844997,0.525988952238241,34.675597139858375,27.48583524463847,0.28053453706969533
S_RES_CV,10,4-<8,28,28,1.0,5,0.17857142857142858,0.26254591795122584,0.25306826892278445,14.276553491346203,12.600568016617824,0.5829086434802977
S_RES_CV,10,8-<16,45,45,1.0,14,0.3111111111111111,0.3985881353693193,0.38134784391894083,28.813443481382137,21.22788768050199,0.45486911191869445
S_RES_CV,11,16-32,30,30,1.0,15,0.5,0.49198932229369097,0.4948015072369383,40.68209683753417,30.75974365616063,0.31615512510192745
S_RES_CV,11,4-<8,26,26,1.0,3,0.11538461538461539,0.2338331854146108,0.2106284641471135,16.379628999220746,14.121824890195295,0.6263593933179873
S_RES_CV,11,8-<16,40,40,1.0,10,0.25,0.3375517582537874,0.313722706176886,33.89384106314401,24.40357087199383,0.4962750268574351
S_RES_CV,12,16-32,27,27,1.0,9,0.3333333333333333,0.4441762230389048,0.4609041227086668,47.59977023945161,34.36314568084336,0.35372728704969597
S_RES_CV,12,4-<8,24,24,1.0,0,0.0,0.19519157388817784,0.1841227842656687,18.94261191675002,16.30742608143465,0.77188009156977
S_RES_CV,12,8-<16,35,35,1.0,7,0.2,0.2942567419460742,0.2944141562544319,39.637677730696495,25.628125407829526,0.5260438418301231
S_RES_CV,13,16-32,24,24,1.0,6,0.25,0.39735712944874857,0.40505410346186627,55.437638652722335,39.47449729212867,0.4074694111132583
S_RES_CV,13,4-<8,22,22,1.0,0,0.0,0.15584436337071267,0.12614762495503828,21.800473453917604,18.669840492040056,0.8830856653943651
S_RES_CV,13,8-<16,31,31,1.0,4,0.12903225806451613,0.23865339791101878,0.23155817522521524,46.84691302421836,29.10439820391299,0.5827671308683873
S_RES_CV,14,16-32,21,21,1.0,5,0.23809523809523808,0.34584424682493775,0.3621306836512703,64.94938778671306,43.83483614141096,0.45130411781259966
S_RES_CV,14,4-<8,20,20,1.0,0,0.0,0.1350496304738749,0.10399321310643944,23.615871465513795,19.585975375650953,0.9462175112139284
S_RES_CV,14,8-<16,27,27,1.0,4,0.14814814814814814,0.20607665215293108,0.14701833697317046,53.77757839662294,36.903487036397784,0.7301077995971358
S_RES_CV,15,16-32,18,18,1.0,2,0.1111111111111111,0.2747778365853294,0.2533199207571195,77.64728223615707,63.47088526903468,0.6129415804383294
S_RES_CV,15,4-<8,18,18,1.0,0,0.0,0.10016516891067523,0.07249299422361916,26.789165805145757,22.263423750173317,1.18575784878396
S_RES_CV,15,8-<16,23,23,1.0,1,0.043478260869565216,0.1815787000542824,0.13998783928890882,61.73489814791629,33.262880108714015,0.8654301085874563
S_RES_CV,16,16-32,15,15,1.0,0,0.0,0.1908134621784377,0.14644707272187055,94.51243993281075,86.5045155285871,0.7864046866235191
S_RES_CV,16,4-<8,16,16,1.0,0,0.0,0.06094568094699443,0.018154191095951143,30.132969938578817,25.236454406187217,1.336185773227311
S_RES_CV,16,8-<16,19,19,1.0,0,0.0,0.1544570583431477,0.09269449480745266,72.03643704240379,40.570035201324636,0.8452090666942632
S_RES_CV,17,16-32,12,12,1.0,0,0.0,0.13516558620054625,0.09856935445208531,113.42729075564922,104.52990449099863,0.9447823478982018
S_RES_CV,17,4-<8,14,14,1.0,0,0.0,0.03316081876932246,0.0,32.28452664027311,29.97860404399502,1.3709195425035001
S_RES_CV,17,8-<16,15,15,1.0,1,0.06666666666666667,0.16962778696454314,0.0636238219814124,78.52520505229585,38.30989381315633,0.870561310253474
S_RES_CV,18,16-32,9,9,1.0,0,0.0,0.0707545352966777,0.02611717666628507,143.61428480724464,118.06652864264862,1.0643140554251582
S_RES_CV,18,4-<8,12,12,1.0,0,0.0,0.018354224476046514,0.0,32.80227122204525,34.46152700860391,1.68657112242685
S_RES_CV,18,8-<16,11,11,1.0,0,0.0,0.20613264558619304,0.15265875249357014,57.65950121149285,33.33117688309135,0.653552487903752
S_RES_CV,19,16-32,7,7,1.0,0,0.0,0.0389299216431373,0.012230259807378557,171.1003895137223,126.31453167482869,1.1539669964823
S_RES_CV,19,4-<8,10,10,1.0,0,0.0,0.0033289862679177647,0.0,36.48957201413731,37.22877330502381,1.9292331940011516
S_RES_CV,19,8-<16,8,8,1.0,1,0.125,0.20698883358726522,0.15331224260360682,67.1736716142122,37.05825968063421,0.7595947891823753
S_RES_CV,20,16-32,5,5,1.0,0,0.0,0.007438745137857325,0.0041433886410715244,215.63931953482228,134.93293566784155,1.2266630515258323
S_RES_CV,20,4-<8,8,8,1.0,0,0.0,0.0007202974229563198,0.0,41.6833302568396,41.74640481939221,2.2841488046905787
S_RES_CV,20,8-<16,6,6,1.0,1,0.16666666666666666,0.24541133187401554,0.21137086773188923,79.73271332785544,32.06648194055741,0.6810802381664973
S_RES_CV,21,16-32,3,3,1.0,0,0.0,0.0031844930790087874,0.0,140.9491735023489,141.44722627434533,1.2814011311243587
S_RES_CV,21,4-<8,6,6,1.0,0,0.0,0.0,0.0,46.35170028189532,45.13123043946509,2.61322236831019
S_RES_CV,21,8-<16,4,4,1.0,1,0.25,0.22220203858888984,0.15388581678354313,109.79254657834483,29.841424891882816,2.158654916668672
S_RES_CV,22,16-32,2,2,1.0,0,0.0,0.0,0.0,147.77425789884546,147.77425789884546,1.4451148395810158
S_RES_CV,22,4-<8,4,4,1.0,0,0.0,0.0,0.0,50.875427561459624,49.02469716998773,2.919157962941635
S_RES_CV,22,8-<16,2,2,1.0,1,0.5,0.2612444015905468,0.2612444015905468,204.295384739205,204.295384739205,4.003120393323534
S_RES_CV,23,16-32,1,1,1.0,0,0.0,0.0,0.0,159.42197105166946,159.42197105166946,1.6781260110702048
S_RES_CV,23,4-<8,2,2,1.0,0,0.0,0.0,0.0,54.24300898812081,54.24300898812081,3.055984627934831
S_RES_CV,23,8-<16,1,1,1.0,0,0.0,0.0,0.0,420.3512902566412,420.3512902566412,8.083678658781562
T_FIXED,1,16-32,63,63,1.0,63,1.0,0.7862988783421111,0.7919375812743823,10.884648397829096,10.920164833920778,0.10807979194378474
T_FIXED,1,4-<8,42,42,1.0,27,0.6428571428571429,0.4976574096952766,0.5148549733346715,7.725499463877312,7.7862223358545535,0.3624404861337828
T_FIXED,1,8-<16,108,108,1.0,76,0.7037037037037037,0.5589739537136553,0.5568501042788744,11.965393685508312,11.710037212289803,0.24575515516088953
T_FIXED,1,<4,5,5,1.0,0,0.0,0.22753649401666162,0.22807017543859648,10.358291919635175,10.0,0.7142857142857143
T_FIXED,1,>32,9,9,1.0,9,1.0,0.7842628805091046,0.7921283560528055,15.561282060781192,15.20896117425513,0.09415931104154747
T_FIXED,2,16-32,59,59,1.0,54,0.9152542372881356,0.6330400979269852,0.6377390902183608,20.588417484008993,21.646304534492717,0.21236858409959175
T_FIXED,2,4-<8,40,40,1.0,0,0.0,0.25875980963156253,0.2601755387469673,14.953116666912859,15.134495274033934,0.6964947070435452
T_FIXED,2,8-<16,101,101,1.0,12,0.1188118811881188,0.3225892758936313,0.3172240319986805,23.507271401556252,23.2768661980087,0.47121775724149156
T_FIXED,2,<4,4,4,1.0,0,0.0,0.002562225475841874,0.0,20.680537269171936,20.619851693879724,1.4728465495628373
T_FIXED,2,>32,8,8,1.0,7,0.875,0.61873128827273,0.6279153264537121,29.115063751569533,30.751017923083033,0.18034981402105382
T_FIXED,3,16-32,55,55,1.0,31,0.5636363636363636,0.5132652054753801,0.519138551403406,29.947426265667364,31.730308854469097,0.31703549584022483
T_FIXED,3,4-<8,39,39,1.0,0,0.0,0.1189481892579542,0.1092884061183773,22.27546517184721,22.80350850198276,1.03947047394967
T_FIXED,3,8-<16,93,93,1.0,2,0.021505376344086023,0.18284543159406194,0.16583796431705178,34.840405966809264,34.77157603560701,0.6952157938367052
T_FIXED,3,<4,3,3,1.0,0,0.0,0.0,0.0,30.883126596525813,31.21097563358121,2.229355402398658
T_FIXED,3,>32,7,7,1.0,3,0.42857142857142855,0.4988404115353981,0.49829450193675207,40.412803227282716,44.05181608061125,0.2707206026090268
T_FIXED,4,16-32,51,51,1.0,8,0.1568627450980392,0.41940662222366726,0.43383775173512346,38.97930788024182,41.615051363659276,0.4198288341693553
T_FIXED,4,4-<8,38,38,1.0,0,0.0,0.0479790041040765,0.01367013387650189,29.472289762451307,30.071874534497315,1.404879894400652
T_FIXED,4,8-<16,85,85,1.0,0,0.0,0.09919994147174231,0.07887867051135491,45.87707008110546,46.24189118104925,0.8883993877880727
T_FIXED,4,<4,2,2,1.0,0,0.0,0.0,0.0,41.355553490028626,41.355553490028626,2.953968106430616
T_FIXED,4,>32,6,6,1.0,0,0.0,0.39872288424644325,0.3971634073807734,52.04300701451786,59.03877488279251,0.3593726725566505
T_FIXED,5,16-32,48,48,1.0,0,0.0,0.3386074442053859,0.34301582469580066,48.50840479613057,51.32829502796149,0.5281609911933102
T_FIXED,5,4-<8,37,37,1.0,0,0.0,0.01768353291806949,0.0,36.58852488195145,37.16517186829626,1.7697700889664887
T_FIXED,5,8-<16,77,77,1.0,0,0.0,0.05110955874484969,0.018464315999671747,55.859430480018375,58.32934510175817,1.0888963400315144
T_FIXED,5,<4,1,1,1.0,0,0.0,0.0,0.0,51.4404996087713,51.4404996087713,3.6743214006265212
T_FIXED,5,>32,5,5,1.0,0,0.0,0.31564113145539063,0.31438299397441927,64.3388779577593,74.02068967525229,0.45714508928026476
T_FIXED,6,16-32,45,45,1.0,0,0.0,0.2699056926904104,0.2776226515218517,57.98462157346237,60.530983801686226,0.6316094282241784
T_FIXED,6,4-<8,36,36,1.0,0,0.0,0.004334494732724124,0.0,43.61066010024675,48.14985405581071,2.4762589950453133
T_FIXED,6,8-<16,70,70,1.0,0,0.0,0.026038546268932025,0.0,66.07561858998686,69.04815112573226,1.2798881261859782
T_FIXED,6,>32,4,4,1.0,0,0.0,0.2500413947989468,0.24432216096851192,75.6898724239203,81.75609250323885,0.5709769170698146
T_FIXED,7,16-32,42,42,1.0,0,0.0,0.20937802137810338,0.2131893004626205,67.48458487730655,68.880856838701,0.7368375772097927
T_FIXED,7,4-<8,34,34,1.0,0,0.0,0.001137501370904121,0.0,49.8954826797168,55.11139353724526,2.893431276821042
T_FIXED,7,8-<16,63,63,1.0,0,0.0,0.013609013390818835,0.0,75.81390370576403,80.5640273323026,1.4648367206300297
T_FIXED,7,>32,3,3,1.0,0,0.0,0.199941449183921,0.1956410837773495,84.43471070673677,86.61192181218472,0.7217660151015394
T_FIXED,8,16-32,39,39,1.0,0,0.0,0.15602340605450918,0.16522005991020142,77.05829034622076,78.26237921249263,0.8394071062010545
T_FIXED,8,4-<8,32,32,1.0,0,0.0,0.00042518021673748033,0.0,55.85995354579144,61.47237037014765,3.2450770986544732
T_FIXED,8,8-<16,56,56,1.0,0,0.0,0.00555089318572477,0.0,84.98538627761488,90.80680502709444,1.6357490882657357
T_FIXED,8,>32,2,2,1.0,0,0.0,0.16556836376491196,0.16556836376491196,86.49829705183643,86.49829705183643,1.3481558427496732
T_FIXED,9,16-32,36,36,1.0,0,0.0,0.11025140754614572,0.11408027563098483,86.69365465054791,85.82657224374609,0.9517545718713611
T_FIXED,9,4-<8,30,30,1.0,0,0.0,0.0,0.0,61.778992985767985,66.83948537561595,3.5320562022175315
T_FIXED,9,8-<16,50,50,1.0,0,0.0,0.0010899724755110952,0.0,94.11029801595181,98.73178964255054,1.8403558042431045
T_FIXED,9,>32,1,1,1.0,0,0.0,0.14441356079314727,0.14441356079314727,86.0559411080955,86.0559411080955,2.206562592515269
T_FIXED,10,16-32,33,33,1.0,0,0.0,0.07253996039781203,0.07239536364384976,96.39642626286779,94.40901704816125,1.0523394077197008
T_FIXED,10,4-<8,28,28,1.0,0,0.0,0.0,0.0,67.65400130488969,73.37797185623752,3.8929769363469355
T_FIXED,10,8-<16,45,45,1.0,0,0.0,2.653072826849097e-05,0.0,103.80391743983655,105.89883143831192,2.044900250518086
T_FIXED,11,16-32,30,30,1.0,0,0.0,0.043125678764031956,0.03695729141982451,106.08182922210581,102.00928318958921,1.148271379273202
T_FIXED,11,4-<8,26,26,1.0,0,0.0,0.0,0.0,73.37416279809383,79.48241556753823,4.255064209787944
T_FIXED,11,8-<16,40,40,1.0,0,0.0,0.0,0.0,113.20095234041646,115.0706231465912,2.2562867283645334
T_FIXED,12,16-32,27,27,1.0,0,0.0,0.020571564426395822,0.013531502124063849,115.85977702347894,108.41586599755591,1.2482768735585965
T_FIXED,12,4-<8,24,24,1.0,0,0.0,0.0,0.0,78.96421883638213,86.13737795547456,4.609175486264013
T_FIXED,12,8-<16,35,35,1.0,0,0.0,0.0,0.0,122.33297949736716,124.49523083234956,2.48321427405667
T_FIXED,13,16-32,24,24,1.0,0,0.0,0.005465472548086908,0.0,125.67850868823314,117.13262004484301,1.349918038992648
T_FIXED,13,4-<8,22,22,1.0,0,0.0,0.0,0.0,84.4067712617361,92.00232696553395,4.956431020370842
T_FIXED,13,8-<16,31,31,1.0,0,0.0,0.0,0.0,132.11768997869663,132.2651220087896,2.6908371513644966
T_FIXED,14,16-32,21,21,1.0,0,0.0,0.0014302531007563976,0.0,135.54758679976217,125.39238413875063,1.4466369586440118
T_FIXED,14,4-<8,20,20,1.0,0,0.0,0.0,0.0,89.73593650318045,97.70757591657386,5.397107293146837
T_FIXED,14,8-<16,27,27,1.0,0,0.0,0.0,0.0,141.61793653319666,142.13659803161184,2.9146269024999794
T_FIXED,15,16-32,18,18,1.0,0,0.0,0.0,0.0,145.59396205011316,151.3040227679482,1.5484786380105695
T_FIXED,15,4-<8,18,18,1.0,0,0.0,0.0,0.0,94.90371482430676,103.93247666957987,5.750309456635336
T_FIXED,15,8-<16,23,23,1.0,0,0.0,0.0,0.0,150.73700303248236,152.3665399620271,3.1348719503878812
T_FIXED,16,16-32,15,15,1.0,0,0.0,0.0,0.0,156.19797505751328,184.64239085323825,1.6523300864550616
T_FIXED,16,4-<8,16,16,1.0,0,0.0,0.0,0.0,99.54019138613236,110.07318903219715,6.104843346144971
T_FIXED,16,8-<16,19,19,1.0,0,0.0,0.0,0.0,159.383730995007,163.59477375515394,3.361765992485987
T_FIXED,17,16-32,12,12,1.0,0,0.0,0.0,0.0,167.6748784662906,196.61329974091922,1.7528942837166008
T_FIXED,17,4-<8,14,14,1.0,0,0.0,0.0,0.0,103.45513628283625,113.8456375212034,6.3774881538213455
T_FIXED,17,8-<16,15,15,1.0,0,0.0,0.0,0.0,167.0803808612511,174.4505660638566,3.5890655848556503
T_FIXED,18,16-32,9,9,1.0,0,0.0,0.0,0.0,184.68089555997807,209.4528586579806,1.8535651208670851
T_FIXED,18,4-<8,12,12,1.0,0,0.0,0.0,0.0,106.94899022212917,117.23627458489122,6.915044254925218
T_FIXED,18,8-<16,11,11,1.0,0,0.0,0.0,0.0,172.32407198713128,185.64751546950473,3.8184292279091094
T_FIXED,19,16-32,7,7,1.0,0,0.0,0.0,0.0,198.80185555341635,220.37808420984152,1.943581350019292
T_FIXED,19,4-<8,10,10,1.0,0,0.0,0.0,0.0,109.8507859730295,119.52010242107926,7.0690926001845575
T_FIXED,19,8-<16,8,8,1.0,0,0.0,0.0,0.0,183.3040271995432,199.7095767433463,4.005863646620648
T_FIXED,20,16-32,5,5,1.0,0,0.0,0.0,0.0,217.1204432357854,232.2035744772246,2.04386465397887
T_FIXED,20,4-<8,8,8,1.0,0,0.0,0.0,0.0,112.38787574873923,119.40551456715329,7.173738569584499
T_FIXED,20,8-<16,6,6,1.0,0,0.0,0.0,0.0,192.9411999819391,210.9307309495222,4.229536668671643
T_FIXED,21,16-32,3,3,1.0,0,0.0,0.0,0.0,246.7115095174411,245.51807469104997,2.2319824971913635
T_FIXED,21,4-<8,6,6,1.0,0,0.0,0.0,0.0,115.1496959247457,119.8099574909187,7.623731007366303
T_FIXED,21,8-<16,4,4,1.0,0,0.0,0.0,0.0,204.8401078273589,222.1703376282984,4.455945958211406
T_FIXED,22,16-32,2,2,1.0,0,0.0,0.0,0.0,258.9150748530996,258.9150748530996,2.5420165095215306
T_FIXED,22,4-<8,4,4,1.0,0,0.0,0.0,0.0,117.980304027391,120.91987775075341,7.770420953374229
T_FIXED,22,8-<16,2,2,1.0,0,0.0,0.0,0.0,233.5458272617439,233.5458272617439,4.535874325752083
T_FIXED,23,16-32,1,1,1.0,0,0.0,0.0,0.0,272.0847753917885,272.0847753917885,2.8640502672819843
T_FIXED,23,4-<8,2,2,1.0,0,0.0,0.0,0.0,119.96090248849177,119.96090248849177,7.766650574673868
T_FIXED,23,8-<16,1,1,1.0,0,0.0,0.0,0.0,241.73642671306283,241.73642671306283,4.64877743678967
T_RES_CV,1,16-32,63,63,1.0,63,1.0,0.9464118590131341,0.9619012561542355,3.036637720904367,1.4142135623730951,0.01510856741553912
T_RES_CV,1,4-<8,42,42,1.0,42,1.0,0.8431379177777794,0.8712612106165514,1.591921521307282,1.118033988749895,0.06051928223693656
T_RES_CV,1,8-<16,108,108,1.0,108,1.0,0.9045878413246519,0.9232041611916657,2.594251952113735,1.5509147313293723,0.031135075692262416
T_RES_CV,1,<4,5,5,1.0,5,1.0,0.7919320792430546,0.7574257425742574,2.2951266541035134,2.2638462845343543,0.16170330603816815
T_RES_CV,1,>32,9,9,1.0,9,1.0,0.9770116877600109,0.9781420765027322,4.038382505148733,1.5811388300841898,0.009411540655263034
T_RES_CV,2,16-32,59,59,1.0,58,0.9830508474576272,0.894580857046332,0.9155990957045969,5.8580000229997715,3.2015621187164243,0.03510964227401667
T_RES_CV,2,4-<8,40,40,1.0,34,0.85,0.7120216066250142,0.7552447263869961,3.450839911905338,2.4358541225631423,0.13030430998711717
T_RES_CV,2,8-<16,101,101,1.0,98,0.9702970297029703,0.8202021980331982,0.8464474639560211,5.107548977860316,3.132491021535417,0.06611698402498065
T_RES_CV,2,<4,4,4,1.0,3,0.75,0.6435201387864802,0.675297377346773,4.593214917676314,3.2532434858268195,0.23237453470191566
T_RES_CV,2,>32,8,8,1.0,8,1.0,0.9484942248312898,0.9560436694895436,13.769504032899182,3.715748250666568,0.022122911791049648
T_RES_CV,3,16-32,55,55,1.0,53,0.9636363636363636,0.8342093050461501,0.8591437527278498,9.249772494602722,5.900211860602973,0.06523901306357058
T_RES_CV,3,4-<8,39,39,1.0,24,0.6153846153846154,0.5558230272363893,0.6287878787878788,6.299698444707969,4.808846015417836,0.23109012636379675
T_RES_CV,3,8-<16,93,93,1.0,85,0.9139784946236559,0.7215458137876721,0.7594339622641509,8.647901099530877,5.75,0.12559492160768732
T_RES_CV,3,<4,3,3,1.0,1,0.3333333333333333,0.5066653240277127,0.4962124510230736,7.5350014557322105,4.808846015417836,0.343489001101274
T_RES_CV,3,>32,7,7,1.0,7,1.0,0.9134565924937906,0.9239434563635921,16.29826182805167,5.836308764964376,0.03413046061382676
T_RES_CV,4,16-32,51,51,1.0,48,0.9411764705882353,0.7702910429013662,0.7820197968835458,12.095630206365461,9.414085191881366,0.09909563359875122
T_RES_CV,4,4-<8,38,38,1.0,15,0.39473684210526316,0.4053103433809293,0.45385676607831205,10.042641752710177,8.342109541730334,0.39389773432987873
T_RES_CV,4,8-<16,85,85,1.0,66,0.7764705882352941,0.6207948950813788,0.619458756904795,12.48732317908503,9.25,0.20478276368296056
T_RES_CV,4,<4,2,2,1.0,0,0.0,0.2106405894431644,0.2106405894431644,13.806932476713696,13.806932476713696,0.9862094626224068
T_RES_CV,4,>32,6,6,1.0,6,1.0,0.8720552867445952,0.8831341709807227,18.72131379764034,10.372707875622805,0.06033537350301456
T_RES_CV,5,16-32,48,48,1.0,44,0.9166666666666666,0.7085600671613049,0.7198687829056101,16.451929231654372,13.132432641461467,0.14028115987796572
T_RES_CV,5,4-<8,37,37,1.0,9,0.24324324324324326,0.286568388031929,0.2860423577443225,14.13405622739573,13.285330255586423,0.603878647981201
T_RES_CV,5,8-<16,77,77,1.0,41,0.5324675324675324,0.5316243019024652,0.5164555265098197,16.110388595269686,12.562344526401112,0.2841792757927822
T_RES_CV,5,<4,1,1,1.0,0,0.0,0.019477578136796014,0.019477578136796014,26.42560311516087,26.42560311516087,1.887543079654348
T_RES_CV,5,>32,5,5,1.0,5,1.0,0.8171476861109305,0.8166395167185546,22.722116835993518,15.041608956491324,0.08796262547655745
T_RES_CV,6,16-32,45,45,1.0,40,0.8888888888888888,0.6506168756739624,0.6628718599529693,20.892078693389205,17.72004514666935,0.1818605602439122
T_RES_CV,6,4-<8,36,36,1.0,6,0.16666666666666666,0.19981320444177822,0.1249317626933713,18.447368801076575,17.222795091825958,0.920856728507333
T_RES_CV,6,8-<16,70,70,1.0,28,0.4,0.4549458265235716,0.44706060703681516,20.76708415298417,16.467540191012233,0.34220942936456644
T_RES_CV,6,>32,4,4,1.0,4,1.0,0.7769167531698553,0.7926265690559935,24.950727357652212,17.435123399590882,0.1033691886854727
T_RES_CV,7,16-32,42,42,1.0,33,0.7857142857142857,0.5970901252193769,0.5991605704473435,25.776878059341023,22.005269867392222,0.24115470137939607
T_RES_CV,7,4-<8,34,34,1.0,4,0.11764705882352941,0.13706674799973856,0.005166471069262936,23.431232809472444,20.982349048031686,1.162625514114729
T_RES_CV,7,8-<16,63,63,1.0,15,0.23809523809523808,0.38588546540856894,0.36275615963894936,25.851418662122757,21.536306554281772,0.4306211627235978
T_RES_CV,7,>32,3,3,1.0,3,1.0,0.7138142754544435,0.7217638691322902,26.97825590302048,26.1725046566048,0.14955716946631314
T_RES_CV,8,16-32,39,39,1.0,22,0.5641025641025641,0.5451276045971817,0.5240613078107221,31.025393245545974,26.443335644354704,0.2939633255849718
T_RES_CV,8,4-<8,32,32,1.0,3,0.09375,0.09795905233641601,0.0,27.84198230148023,26.86675975122555,1.4258808443307065
T_RES_CV,8,8-<16,56,56,1.0,7,0.125,0.3239837779407546,0.27276262532565543,31.611239201553513,27.146154508514794,0.5432872239669033
T_RES_CV,8,>32,2,2,1.0,2,1.0,0.6486483755355748,0.6486483755355748,24.807431979695174,24.807431979695174,0.5885902865945314
T_RES_CV,9,16-32,36,36,1.0,14,0.3888888888888889,0.49148134549899,0.4609791953312634,37.11269738572557,32.079520028482584,0.34446391412778776
T_RES_CV,9,4-<8,30,30,1.0,1,0.03333333333333333,0.05971407230279873,0.0,32.97597617928768,31.849698251447183,1.7500247984923973
T_RES_CV,9,8-<16,50,50,1.0,6,0.12,0.267070089054158,0.19964720027125726,35.55193489881868,31.530240142929244,0.6119640352845673
T_RES_CV,9,>32,1,1,1.0,0,0.0,0.4517761604087338,0.4517761604087338,28.187985029086416,28.187985029086416,0.7227688468996517
T_RES_CV,10,16-32,33,33,1.0,8,0.24242424242424243,0.4334909484818381,0.4033642982676375,43.229846959214605,38.77015604817706,0.3904939176255605
T_RES_CV,10,4-<8,28,28,1.0,0,0.0,0.03738680932920622,0.0,39.13573949420802,38.98885983982471,2.1416017391683604
T_RES_CV,10,8-<16,45,45,1.0,6,0.13333333333333333,0.20559906785903806,0.16461290048440555,42.766156236657295,37.25335555356054,0.7279776944012133
T_RES_CV,11,16-32,30,30,1.0,3,0.1,0.3804838299458784,0.33859967551559694,50.33672448076251,44.95355560428262,0.4563899634231357
T_RES_CV,11,4-<8,26,26,1.0,0,0.0,0.015271289699230715,0.0,45.57285873381128,45.28124199957177,2.387364716950177
T_RES_CV,11,8-<16,40,40,1.0,1,0.025,0.14226733188449242,0.10753330297498313,51.109623766126376,42.79161358755289,0.8323882858720946
T_RES_CV,12,16-32,27,27,1.0,3,0.1111111111111111,0.3205572257167616,0.3056379821958457,59.6103347601711,50.00999900019995,0.5356810468120403
T_RES_CV,12,4-<8,24,24,1.0,0,0.0,0.0015299495428885447,0.0,53.005715489552074,52.28334816741401,2.797765225920613
T_RES_CV,12,8-<16,35,35,1.0,1,0.02857142857142857,0.09350482048856774,0.029422448238285506,59.894989833849166,50.08991914547278,1.0129680083316328
T_RES_CV,13,16-32,24,24,1.0,1,0.041666666666666664,0.25816293123982753,0.2388960883637842,69.8485517746926,57.210972111077574,0.6250985647275868
T_RES_CV,13,4-<8,22,22,1.0,0,0.0,0.0,0.0,60.47014519328714,60.0155786935328,3.039699776880707
T_RES_CV,13,8-<16,31,31,1.0,0,0.0,0.05622503258365197,0.0,70.98069759694124,60.85433427456092,1.217476899164826
T_RES_CV,14,16-32,21,21,1.0,0,0.0,0.18778915137192773,0.1532458838051005,82.0942482246043,66.45487190567746,0.7151954307358291
T_RES_CV,14,4-<8,20,20,1.0,0,0.0,0.0,0.0,69.47007535004512,68.87214500607757,3.6095344922153947
T_RES_CV,14,8-<16,27,27,1.0,0,0.0,0.026457800865739664,0.0,85.19183349603192,71.36613342475547,1.3993359495050093
T_RES_CV,15,16-32,18,18,1.0,0,0.0,0.1125489155519239,0.08154165400218952,99.10118872215472,79.90842380407534,0.8755526174132113
T_RES_CV,15,4-<8,18,18,1.0,0,0.0,0.0,0.0,82.36116851711782,80.342484169593,4.177459240085488
T_RES_CV,15,8-<16,23,23,1.0,0,0.0,0.007695292474927281,0.0,101.71463995373793,86.47868234426332,1.706292556237959
T_RES_CV,16,16-32,15,15,1.0,0,0.0,0.04623618818971549,0.01950932995978855,120.9375750920371,100.51989852760497,1.0041872344049727
T_RES_CV,16,4-<8,16,16,1.0,0,0.0,0.0,0.0,97.44580503843531,95.32531272631294,5.13089437636764
T_RES_CV,16,8-<16,19,19,1.0,0,0.0,0.0,0.0,124.38625160777902,98.64709828474429,1.8970595823989287
T_RES_CV,17,16-32,12,12,1.0,0,0.0,0.015469158761908205,0.0,140.5460397443168,112.18814056486676,1.128817366764198
T_RES_CV,17,4-<8,14,14,1.0,0,0.0,0.0,0.0,108.64693804071955,106.03635934253701,5.706083402843838
T_RES_CV,17,8-<16,15,15,1.0,0,0.0,0.0,0.0,142.26767449278142,107.05606008068857,2.423134753011066
T_RES_CV,18,16-32,9,9,1.0,0,0.0,0.0026675447389186693,0.0,167.27084639798392,130.92173234417578,1.1842866368188791
T_RES_CV,18,4-<8,12,12,1.0,0,0.0,0.0,0.0,117.36072148922538,118.74944916018029,6.27779969620825
T_RES_CV,18,8-<16,11,11,1.0,0,0.0,0.0,0.0,138.21533592953418,112.20739726060845,2.7275460359950334
T_RES_CV,19,16-32,7,7,1.0,0,0.0,0.0,0.0,196.17771178695253,147.03230937450448,1.289757099776355
T_RES_CV,19,4-<8,10,10,1.0,0,0.0,0.0,0.0,126.16066977158364,128.33579254028643,6.705613971964141
T_RES_CV,19,8-<16,8,8,1.0,0,0.0,0.0,0.0,161.79675096449165,139.04675434784343,2.771141625079424
T_RES_CV,20,16-32,5,5,1.0,0,0.0,0.0,0.0,239.3969665067172,162.7901256219185,1.4799102329265317
T_RES_CV,20,4-<8,8,8,1.0,0,0.0,0.0,0.0,137.47963067212154,135.81867463278138,7.285749751293006
T_RES_CV,20,8-<16,6,6,1.0,0,0.0,0.0,0.0,182.71348856716372,141.39172865866414,2.849954757127503
T_RES_CV,21,16-32,3,3,1.0,0,0.0,0.0,0.0,167.90765203662465,172.77188718075635,1.5706535198250577
T_RES_CV,21,4-<8,6,6,1.0,0,0.0,0.0,0.0,148.83162384427882,146.63149732240348,8.419223604149666
T_RES_CV,21,8-<16,4,4,1.0,0,0.0,0.0,0.0,215.552099035468,144.97637695028584,5.615183861533514
T_RES_CV,22,16-32,2,2,1.0,0,0.0,0.0,0.0,178.80216525152906,178.80216525152906,1.761299706922099
T_RES_CV,22,4-<8,4,4,1.0,0,0.0,0.0,0.0,163.28964660858287,161.16382438928036,9.114239913859604
T_RES_CV,22,8-<16,2,2,1.0,0,0.0,0.0,0.0,307.54325439463423,307.54325439463423,6.003251683634896
T_RES_CV,23,16-32,1,1,1.0,0,0.0,0.0,0.0,184.96705787788267,184.96705787788267,1.9470216618724492
T_RES_CV,23,4-<8,2,2,1.0,0,0.0,0.0,0.0,171.45766783198815,171.45766783198815,9.772738239041358
T_RES_CV,23,8-<16,1,1,1.0,0,0.0,0.0,0.0,501.4432295883553,501.4432295883553,9.643139030545294
