frame,class,x1,y1,x2,y2,width,height,area,width_fraction,height_fraction,area_fraction,aspect_ratio,cx,cy,edge_left,edge_top,edge_right,edge_bottom,min_edge,boundary_touch,L0_width,L0_height,L0_short,L0_bucket,L1_width,L1_height,L1_short,L1_bucket,L2_width,L2_height,L2_short,L2_bucket
0,jammer,1496,1247,1528,1290,32,43,1376,0.008333333333333333,0.01990740740740741,0.00016589506172839507,0.7441860465116279,1512.0,1268.5,1496,1247,2312,870,870,0,8.0,10.75,8.0,8-<16,16.0,21.5,16.0,16-32,32.0,43.0,32.0,16-32
0,large_launcher,3455,359,3594,464,139,105,14595,0.03619791666666667,0.04861111111111111,0.001759620949074074,1.3238095238095238,3524.5,411.5,3455,359,246,1696,246,0,34.75,26.25,26.25,16-32,69.5,52.5,52.5,>32,139.0,105.0,105.0,>32
0,mine_roller,1979,2010,2032,2070,53,60,3180,0.013802083333333333,0.027777777777777776,0.0003833912037037037,0.8833333333333333,2005.5,2040.0,1979,2010,1808,90,90,0,13.25,15.0,13.25,8-<16,26.5,30.0,26.5,16-32,53.0,60.0,53.0,>32
0,spacecraft,1525,627,1566,675,41,48,1968,0.010677083333333334,0.022222222222222223,0.00023726851851851852,0.8541666666666666,1545.5,651.0,1525,627,2274,1485,627,0,10.25,12.0,10.25,8-<16,20.5,24.0,20.5,16-32,41.0,48.0,41.0,>32
0,condor,2657,1369,2823,1531,166,162,26892,0.043229166666666666,0.075,0.0032421875,1.0246913580246915,2740.0,1450.0,2657,1369,1017,629,629,0,41.5,40.5,40.5,>32,83.0,81.0,81.0,>32,166.0,162.0,162.0,>32
0,small_plane,2028,1502,2069,1550,41,48,1968,0.010677083333333334,0.022222222222222223,0.00023726851851851852,0.8541666666666666,2048.5,1526.0,2028,1502,1771,610,610,0,10.25,12.0,10.25,8-<16,20.5,24.0,20.5,16-32,41.0,48.0,41.0,>32
0,small_launcher,1788,221,1808,251,20,30,600,0.005208333333333333,0.013888888888888888,7.233796296296296e-05,0.6666666666666666,1798.0,236.0,1788,221,2032,1909,221,0,5.0,7.5,5.0,4-<8,10.0,15.0,10.0,8-<16,20.0,30.0,20.0,16-32
0,tank,888,0,934,13,46,13,598,0.011979166666666667,0.0060185185185185185,7.209683641975309e-05,3.5384615384615383,911.0,6.5,888,0,2906,2147,0,1,11.5,3.25,3.25,<4,23.0,6.5,6.5,4-<8,46.0,13.0,13.0,8-<16
0,helicopter,2233,850,2342,937,109,87,9483,0.028385416666666666,0.04027777777777778,0.0011433015046296295,1.2528735632183907,2287.5,893.5,2233,850,1498,1223,850,0,27.25,21.75,21.75,16-32,54.5,43.5,43.5,>32,109.0,87.0,87.0,>32
0,small_tower,2616,791,2669,851,53,60,3180,0.013802083333333333,0.027777777777777776,0.0003833912037037037,0.8833333333333333,2642.5,821.0,2616,791,1171,1309,791,0,13.25,15.0,13.25,8-<16,26.5,30.0,26.5,16-32,53.0,60.0,53.0,>32
0,ta-ta,1098,293,1127,312,29,19,551,0.007552083333333333,0.008796296296296297,6.643036265432099e-05,1.5263157894736843,1112.5,302.5,1098,293,2713,1848,293,0,7.25,4.75,4.75,4-<8,14.5,9.5,9.5,8-<16,29.0,19.0,19.0,16-32
1,jammer,1493,1314,1525,1358,32,44,1408,0.008333333333333333,0.020370370370370372,0.00016975308641975308,0.7272727272727273,1509.0,1336.0,1493,1314,2315,802,802,0,8.0,11.0,8.0,8-<16,16.0,22.0,16.0,16-32,32.0,44.0,32.0,16-32
1,large_launcher,3465,416,3605,521,140,105,14700,0.036458333333333336,0.04861111111111111,0.0017722800925925927,1.3333333333333333,3535.0,468.5,3465,416,235,1639,235,0,35.0,26.25,26.25,16-32,70.0,52.5,52.5,>32,140.0,105.0,105.0,>32
1,mine_roller,1980,2090,2033,2150,53,60,3180,0.013802083333333333,0.027777777777777776,0.0003833912037037037,0.8833333333333333,2006.5,2120.0,1980,2090,1807,10,10,0,13.25,15.0,13.25,8-<16,26.5,30.0,26.5,16-32,53.0,60.0,53.0,>32
1,spacecraft,1522,686,1563,735,41,49,2009,0.010677083333333334,0.022685185185185187,0.00024221161265432098,0.8367346938775511,1542.5,710.5,1522,686,2277,1425,686,0,10.25,12.25,10.25,8-<16,20.5,24.5,20.5,16-32,41.0,49.0,41.0,>32
1,condor,2662,1439,2830,1603,168,164,27552,0.04375,0.07592592592592592,0.003321759259259259,1.024390243902439,2746.0,1521.0,2662,1439,1010,557,557,0,42.0,41.0,41.0,>32,84.0,82.0,82.0,>32,168.0,164.0,164.0,>32
1,small_plane,2029,1573,2070,1622,41,49,2009,0.010677083333333334,0.022685185185185187,0.00024221161265432098,0.8367346938775511,2049.5,1597.5,2029,1573,1770,538,538,0,10.25,12.25,10.25,8-<16,20.5,24.5,20.5,16-32,41.0,49.0,41.0,>32
1,small_launcher,1787,275,1807,305,20,30,600,0.005208333333333333,0.013888888888888888,7.233796296296296e-05,0.6666666666666666,1797.0,290.0,1787,275,2033,1855,275,0,5.0,7.5,5.0,4-<8,10.0,15.0,10.0,8-<16,20.0,30.0,20.0,16-32
1,tank,882,21,928,64,46,43,1978,0.011979166666666667,0.01990740740740741,0.0002384741512345679,1.069767441860465,905.0,42.5,882,21,2912,2096,21,0,11.5,10.75,10.75,8-<16,23.0,21.5,21.5,16-32,46.0,43.0,43.0,>32
1,helicopter,2235,912,2345,1000,110,88,9680,0.028645833333333332,0.040740740740740744,0.0011670524691358025,1.25,2290.0,956.0,2235,912,1495,1160,912,0,27.5,22.0,22.0,16-32,55.0,44.0,44.0,>32,110.0,88.0,88.0,>32
1,small_tower,2620,853,2674,913,54,60,3240,0.0140625,0.027777777777777776,0.000390625,0.9,2647.0,883.0,2620,853,1166,1247,853,0,13.5,15.0,13.5,8-<16,27.0,30.0,27.0,16-32,54.0,60.0,54.0,>32
1,ta-ta,1093,348,1122,367,29,19,551,0.007552083333333333,0.008796296296296297,6.643036265432099e-05,1.5263157894736843,1107.5,357.5,1093,348,2718,1793,348,0,7.25,4.75,4.75,4-<8,14.5,9.5,9.5,8-<16,29.0,19.0,19.0,16-32
2,jammer,1490,1383,1522,1426,32,43,1376,0.008333333333333333,0.01990740740740741,0.00016589506172839507,0.7441860465116279,1506.0,1404.5,1490,1383,2318,734,734,0,8.0,10.75,8.0,8-<16,16.0,21.5,16.0,16-32,32.0,43.0,32.0,16-32
2,large_launcher,3475,473,3617,579,142,106,15052,0.03697916666666667,0.049074074074074076,0.001814718364197531,1.3396226415094339,3546.0,526.0,3475,473,223,1581,223,0,35.5,26.5,26.5,16-32,71.0,53.0,53.0,>32,142.0,106.0,106.0,>32
2,spacecraft,1519,746,1561,795,42,49,2058,0.0109375,0.022685185185185187,0.00024811921296296295,0.8571428571428571,1540.0,770.5,1519,746,2279,1365,746,0,10.5,12.25,10.5,8-<16,21.0,24.5,21.0,16-32,42.0,49.0,42.0,>32
2,condor,2668,1510,2837,1676,169,166,28054,0.04401041666666667,0.07685185185185185,0.0033822820216049382,1.0180722891566265,2752.5,1593.0,2668,1510,1003,484,484,0,42.25,41.5,41.5,>32,84.5,83.0,83.0,>32,169.0,166.0,166.0,>32
2,small_plane,2030,1646,2071,1695,41,49,2009,0.010677083333333334,0.022685185185185187,0.00024221161265432098,0.8367346938775511,2050.5,1670.5,2030,1646,1769,465,465,0,10.25,12.25,10.25,8-<16,20.5,24.5,20.5,16-32,41.0,49.0,41.0,>32
2,small_launcher,1786,330,1807,360,21,30,630,0.00546875,0.013888888888888888,7.595486111111111e-05,0.7,1796.5,345.0,1786,330,2033,1800,330,0,5.25,7.5,5.25,4-<8,10.5,15.0,10.5,8-<16,21.0,30.0,21.0,16-32
2,tank,875,73,922,117,47,44,2068,0.012239583333333333,0.020370370370370372,0.0002493248456790123,1.0681818181818181,898.5,95.0,875,73,2918,2043,73,0,11.75,11.0,11.0,8-<16,23.5,22.0,22.0,16-32,47.0,44.0,44.0,>32
2,helicopter,2238,975,2348,1064,110,89,9790,0.028645833333333332,0.0412037037037037,0.0011803144290123456,1.2359550561797752,2293.0,1019.5,2238,975,1492,1096,975,0,27.5,22.25,22.25,16-32,55.0,44.5,44.5,>32,110.0,89.0,89.0,>32
2,small_tower,2625,916,2679,976,54,60,3240,0.0140625,0.027777777777777776,0.000390625,0.9,2652.0,946.0,2625,916,1161,1184,916,0,13.5,15.0,13.5,8-<16,27.0,30.0,27.0,16-32,54.0,60.0,54.0,>32
2,ta-ta,1087,404,1117,422,30,18,540,0.0078125,0.008333333333333333,6.510416666666667e-05,1.6666666666666667,1102.0,413.0,1087,404,2723,1738,404,0,7.5,4.5,4.5,4-<8,15.0,9.0,9.0,8-<16,30.0,18.0,18.0,16-32
3,jammer,1487,1453,1519,1496,32,43,1376,0.008333333333333333,0.01990740740740741,0.00016589506172839507,0.7441860465116279,1503.0,1474.5,1487,1453,2321,664,664,0,8.0,10.75,8.0,8-<16,16.0,21.5,16.0,16-32,32.0,43.0,32.0,16-32
3,large_launcher,3486,531,3628,637,142,106,15052,0.03697916666666667,0.049074074074074076,0.001814718364197531,1.3396226415094339,3557.0,584.0,3486,531,212,1523,212,0,35.5,26.5,26.5,16-32,71.0,53.0,53.0,>32,142.0,106.0,106.0,>32
3,spacecraft,1516,807,1558,856,42,49,2058,0.0109375,0.022685185185185187,0.00024811921296296295,0.8571428571428571,1537.0,831.5,1516,807,2282,1304,807,0,10.5,12.25,10.5,8-<16,21.0,24.5,21.0,16-32,42.0,49.0,42.0,>32
3,condor,2673,1583,2844,1749,171,166,28386,0.04453125,0.07685185185185185,0.0034223090277777776,1.0301204819277108,2758.5,1666.0,2673,1583,996,411,411,0,42.75,41.5,41.5,>32,85.5,83.0,83.0,>32,171.0,166.0,166.0,>32
3,small_plane,2030,1719,2073,1769,43,50,2150,0.011197916666666667,0.023148148148148147,0.0002592110339506173,0.86,2051.5,1744.0,2030,1719,1767,391,391,0,10.75,12.5,10.75,8-<16,21.5,25.0,21.5,16-32,43.0,50.0,43.0,>32
3,jet_plane,2199,0,2271,27,72,27,1944,0.01875,0.0125,0.000234375,2.6666666666666665,2235.0,13.5,2199,0,1569,2133,0,1,18.0,6.75,6.75,4-<8,36.0,13.5,13.5,8-<16,72.0,27.0,27.0,16-32
3,small_launcher,1785,386,1806,416,21,30,630,0.00546875,0.013888888888888888,7.595486111111111e-05,0.7,1795.5,401.0,1785,386,2034,1744,386,0,5.25,7.5,5.25,4-<8,10.5,15.0,10.5,8-<16,21.0,30.0,21.0,16-32
3,tank,868,126,915,170,47,44,2068,0.012239583333333333,0.020370370370370372,0.0002493248456790123,1.0681818181818181,891.5,148.0,868,126,2925,1990,126,0,11.75,11.0,11.0,8-<16,23.5,22.0,22.0,16-32,47.0,44.0,44.0,>32
3,helicopter,2240,1039,2351,1129,111,90,9990,0.02890625,0.041666666666666664,0.0012044270833333334,1.2333333333333334,2295.5,1084.0,2240,1039,1489,1031,1031,0,27.75,22.5,22.5,16-32,55.5,45.0,45.0,>32,111.0,90.0,90.0,>32
3,small_tower,2630,979,2685,1039,55,60,3300,0.014322916666666666,0.027777777777777776,0.0003978587962962963,0.9166666666666666,2657.5,1009.0,2630,979,1155,1121,979,0,13.75,15.0,13.75,8-<16,27.5,30.0,27.5,16-32,55.0,60.0,55.0,>32
3,ta-ta,1082,460,1112,479,30,19,570,0.0078125,0.008796296296296297,6.872106481481482e-05,1.5789473684210527,1097.0,469.5,1082,460,2728,1681,460,0,7.5,4.75,4.75,4-<8,15.0,9.5,9.5,8-<16,30.0,19.0,19.0,16-32
4,jammer,1484,1524,1516,1567,32,43,1376,0.008333333333333333,0.01990740740740741,0.00016589506172839507,0.7441860465116279,1500.0,1545.5,1484,1524,2324,593,593,0,8.0,10.75,8.0,8-<16,16.0,21.5,16.0,16-32,32.0,43.0,32.0,16-32
4,large_launcher,3496,590,3640,696,144,106,15264,0.0375,0.049074074074074076,0.0018402777777777777,1.3584905660377358,3568.0,643.0,3496,590,200,1464,200,0,36.0,26.5,26.5,16-32,72.0,53.0,53.0,>32,144.0,106.0,106.0,>32
4,spacecraft,1514,869,1556,918,42,49,2058,0.0109375,0.022685185185185187,0.00024811921296296295,0.8571428571428571,1535.0,893.5,1514,869,2284,1242,869,0,10.5,12.25,10.5,8-<16,21.0,24.5,21.0,16-32,42.0,49.0,42.0,>32
4,condor,2679,1656,2851,1824,172,168,28896,0.04479166666666667,0.07777777777777778,0.0034837962962962965,1.0238095238095237,2765.0,1740.0,2679,1656,989,336,336,0,43.0,42.0,42.0,>32,86.0,84.0,84.0,>32,172.0,168.0,168.0,>32
4,small_plane,2031,1794,2074,1844,43,50,2150,0.011197916666666667,0.023148148148148147,0.0002592110339506173,0.86,2052.5,1819.0,2031,1794,1766,316,316,0,10.75,12.5,10.75,8-<16,21.5,25.0,21.5,16-32,43.0,50.0,43.0,>32
4,jet_plane,2201,4,2273,79,72,75,5400,0.01875,0.034722222222222224,0.0006510416666666666,0.96,2237.0,41.5,2201,4,1567,2081,4,0,18.0,18.75,18.0,16-32,36.0,37.5,36.0,>32,72.0,75.0,72.0,>32
4,small_launcher,1784,442,1805,473,21,31,651,0.00546875,0.014351851851851852,7.848668981481481e-05,0.6774193548387096,1794.5,457.5,1784,442,2035,1687,442,0,5.25,7.75,5.25,4-<8,10.5,15.5,10.5,8-<16,21.0,31.0,21.0,16-32
4,tank,861,180,909,224,48,44,2112,0.0125,0.020370370370370372,0.0002546296296296296,1.0909090909090908,885.0,202.0,861,180,2931,1936,180,0,12.0,11.0,11.0,8-<16,24.0,22.0,22.0,16-32,48.0,44.0,44.0,>32
4,helicopter,2242,1104,2354,1195,112,91,10192,0.029166666666666667,0.04212962962962963,0.0012287808641975309,1.2307692307692308,2298.0,1149.5,2242,1104,1486,965,965,0,28.0,22.75,22.75,16-32,56.0,45.5,45.5,>32,112.0,91.0,91.0,>32
4,small_tower,2635,1044,2690,1104,55,60,3300,0.014322916666666666,0.027777777777777776,0.0003978587962962963,0.9166666666666666,2662.5,1074.0,2635,1044,1150,1056,1044,0,13.75,15.0,13.75,8-<16,27.5,30.0,27.5,16-32,55.0,60.0,55.0,>32
4,ta-ta,1076,517,1106,536,30,19,570,0.0078125,0.008796296296296297,6.872106481481482e-05,1.5789473684210527,1091.0,526.5,1076,517,2734,1624,517,0,7.5,4.75,4.75,4-<8,15.0,9.5,9.5,8-<16,30.0,19.0,19.0,16-32
5,jammer,1481,1596,1513,1639,32,43,1376,0.008333333333333333,0.01990740740740741,0.00016589506172839507,0.7441860465116279,1497.0,1617.5,1481,1596,2327,521,521,0,8.0,10.75,8.0,8-<16,16.0,21.5,16.0,16-32,32.0,43.0,32.0,16-32
5,large_launcher,3507,649,3652,756,145,107,15515,0.037760416666666664,0.04953703703703704,0.0018705391589506173,1.355140186915888,3579.5,702.5,3507,649,188,1404,188,0,36.25,26.75,26.75,16-32,72.5,53.5,53.5,>32,145.0,107.0,107.0,>32
5,spacecraft,1511,932,1553,981,42,49,2058,0.0109375,0.022685185185185187,0.00024811921296296295,0.8571428571428571,1532.0,956.5,1511,932,2287,1179,932,0,10.5,12.25,10.5,8-<16,21.0,24.5,21.0,16-32,42.0,49.0,42.0,>32
5,condor,2685,1730,2858,1900,173,170,29410,0.04505208333333333,0.0787037037037037,0.0035457658179012344,1.0176470588235293,2771.5,1815.0,2685,1730,982,260,260,0,43.25,42.5,42.5,>32,86.5,85.0,85.0,>32,173.0,170.0,170.0,>32
5,small_plane,2032,1870,2075,1920,43,50,2150,0.011197916666666667,0.023148148148148147,0.0002592110339506173,0.86,2053.5,1895.0,2032,1870,1765,240,240,0,10.75,12.5,10.75,8-<16,21.5,25.0,21.5,16-32,43.0,50.0,43.0,>32
5,jet_plane,2202,56,2275,132,73,76,5548,0.019010416666666665,0.03518518518518519,0.0006688850308641975,0.9605263157894737,2238.5,94.0,2202,56,1565,2028,56,0,18.25,19.0,18.25,16-32,36.5,38.0,36.5,>32,73.0,76.0,73.0,>32
5,small_launcher,1783,500,1804,530,21,30,630,0.00546875,0.013888888888888888,7.595486111111111e-05,0.7,1793.5,515.0,1783,500,2036,1630,500,0,5.25,7.5,5.25,4-<8,10.5,15.0,10.5,8-<16,21.0,30.0,21.0,16-32
5,tank,854,234,902,278,48,44,2112,0.0125,0.020370370370370372,0.0002546296296296296,1.0909090909090908,878.0,256.0,854,234,2938,1882,234,0,12.0,11.0,11.0,8-<16,24.0,22.0,22.0,16-32,48.0,44.0,44.0,>32
5,helicopter,2244,1170,2357,1261,113,91,10283,0.029427083333333333,0.04212962962962963,0.0012397521219135801,1.2417582417582418,2300.5,1215.5,2244,1170,1483,899,899,0,28.25,22.75,22.75,16-32,56.5,45.5,45.5,>32,113.0,91.0,91.0,>32
5,small_tower,2640,1110,2696,1169,56,59,3304,0.014583333333333334,0.027314814814814816,0.00039834104938271604,0.9491525423728814,2668.0,1139.5,2640,1110,1144,991,991,0,14.0,14.75,14.0,8-<16,28.0,29.5,28.0,16-32,56.0,59.0,56.0,>32
5,ta-ta,1070,576,1101,594,31,18,558,0.008072916666666667,0.008333333333333333,6.727430555555556e-05,1.7222222222222223,1085.5,585.0,1070,576,2739,1566,576,0,7.75,4.5,4.5,4-<8,15.5,9.0,9.0,8-<16,31.0,18.0,18.0,16-32
6,jammer,1477,1668,1510,1712,33,44,1452,0.00859375,0.020370370370370372,0.00017505787037037037,0.75,1493.5,1690.0,1477,1668,2330,448,448,0,8.25,11.0,8.25,8-<16,16.5,22.0,16.5,16-32,33.0,44.0,33.0,>32
6,large_launcher,3518,710,3664,817,146,107,15622,0.03802083333333333,0.04953703703703704,0.0018834394290123456,1.3644859813084111,3591.0,763.5,3518,710,176,1343,176,0,36.5,26.75,26.75,16-32,73.0,53.5,53.5,>32,146.0,107.0,107.0,>32
6,spacecraft,1508,995,1551,1044,43,49,2107,0.011197916666666667,0.022685185185185187,0.0002540268132716049,0.8775510204081632,1529.5,1019.5,1508,995,2289,1116,995,0,10.75,12.25,10.75,8-<16,21.5,24.5,21.5,16-32,43.0,49.0,43.0,>32
6,condor,2691,1806,2866,1977,175,171,29925,0.045572916666666664,0.07916666666666666,0.003607855902777778,1.023391812865497,2778.5,1891.5,2691,1806,974,183,183,0,43.75,42.75,42.75,>32,87.5,85.5,85.5,>32,175.0,171.0,171.0,>32
6,small_plane,2033,1947,2076,1998,43,51,2193,0.011197916666666667,0.02361111111111111,0.0002643952546296296,0.8431372549019608,2054.5,1972.5,2033,1947,1764,162,162,0,10.75,12.75,10.75,8-<16,21.5,25.5,21.5,16-32,43.0,51.0,43.0,>32
6,jet_plane,2204,109,2278,185,74,76,5624,0.019270833333333334,0.03518518518518519,0.0006780478395061729,0.9736842105263158,2241.0,147.0,2204,109,1562,1975,109,0,18.5,19.0,18.5,16-32,37.0,38.0,37.0,>32,74.0,76.0,74.0,>32
6,large_tower,3395,0,3451,26,56,26,1456,0.014583333333333334,0.012037037037037037,0.00017554012345679014,2.1538461538461537,3423.0,13.0,3395,0,389,2134,0,1,14.0,6.5,6.5,4-<8,28.0,13.0,13.0,8-<16,56.0,26.0,26.0,16-32
6,small_launcher,1782,558,1803,588,21,30,630,0.00546875,0.013888888888888888,7.595486111111111e-05,0.7,1792.5,573.0,1782,558,2037,1572,558,0,5.25,7.5,5.25,4-<8,10.5,15.0,10.5,8-<16,21.0,30.0,21.0,16-32
6,tank,847,289,895,334,48,45,2160,0.0125,0.020833333333333332,0.00026041666666666666,1.0666666666666667,871.0,311.5,847,289,2945,1826,289,0,12.0,11.25,11.25,8-<16,24.0,22.5,22.5,16-32,48.0,45.0,45.0,>32
6,helicopter,2247,1237,2360,1329,113,92,10396,0.029427083333333333,0.04259259259259259,0.0012533757716049383,1.2282608695652173,2303.5,1283.0,2247,1237,1480,831,831,0,28.25,23.0,23.0,16-32,56.5,46.0,46.0,>32,113.0,92.0,92.0,>32
6,small_tower,2646,1176,2701,1236,55,60,3300,0.014322916666666666,0.027777777777777776,0.0003978587962962963,0.9166666666666666,2673.5,1206.0,2646,1176,1139,924,924,0,13.75,15.0,13.75,8-<16,27.5,30.0,27.5,16-32,55.0,60.0,55.0,>32
6,ta-ta,1064,634,1095,653,31,19,589,0.008072916666666667,0.008796296296296297,7.101176697530864e-05,1.631578947368421,1079.5,643.5,1064,634,2745,1507,634,0,7.75,4.75,4.75,4-<8,15.5,9.5,9.5,8-<16,31.0,19.0,19.0,16-32
7,jammer,1474,1743,1507,1786,33,43,1419,0.00859375,0.01990740740740741,0.00017107928240740742,0.7674418604651163,1490.5,1764.5,1474,1743,2333,374,374,0,8.25,10.75,8.25,8-<16,16.5,21.5,16.5,16-32,33.0,43.0,33.0,>32
7,large_launcher,3529,771,3676,879,147,108,15876,0.03828125,0.05,0.0019140625,1.3611111111111112,3602.5,825.0,3529,771,164,1281,164,0,36.75,27.0,27.0,16-32,73.5,54.0,54.0,>32,147.0,108.0,108.0,>32
7,spacecraft,1505,1060,1548,1109,43,49,2107,0.011197916666666667,0.022685185185185187,0.0002540268132716049,0.8775510204081632,1526.5,1084.5,1505,1060,2292,1051,1051,0,10.75,12.25,10.75,8-<16,21.5,24.5,21.5,16-32,43.0,49.0,43.0,>32
7,condor,2697,1882,2873,2056,176,174,30624,0.04583333333333333,0.08055555555555556,0.00369212962962963,1.0114942528735633,2785.0,1969.0,2697,1882,967,104,104,0,44.0,43.5,43.5,>32,88.0,87.0,87.0,>32,176.0,174.0,174.0,>32
7,small_plane,2034,2025,2077,2077,43,52,2236,0.011197916666666667,0.024074074074074074,0.000269579475308642,0.8269230769230769,2055.5,2051.0,2034,2025,1763,83,83,0,10.75,13.0,10.75,8-<16,21.5,26.0,21.5,16-32,43.0,52.0,43.0,>32
7,jet_plane,2206,162,2280,239,74,77,5698,0.019270833333333334,0.03564814814814815,0.0006869695216049382,0.961038961038961,2243.0,200.5,2206,162,1560,1921,162,0,18.5,19.25,18.5,16-32,37.0,38.5,37.0,>32,74.0,77.0,74.0,>32
7,large_tower,3404,11,3462,79,58,68,3944,0.015104166666666667,0.03148148148148148,0.0004755015432098765,0.8529411764705882,3433.0,45.0,3404,11,378,2081,11,0,14.5,17.0,14.5,8-<16,29.0,34.0,29.0,16-32,58.0,68.0,58.0,>32
7,small_launcher,1781,616,1803,646,22,30,660,0.005729166666666666,0.013888888888888888,7.957175925925927e-05,0.7333333333333333,1792.0,631.0,1781,616,2037,1514,616,0,5.5,7.5,5.5,4-<8,11.0,15.0,11.0,8-<16,22.0,30.0,22.0,16-32
7,tank,840,345,888,390,48,45,2160,0.0125,0.020833333333333332,0.00026041666666666666,1.0666666666666667,864.0,367.5,840,345,2952,1770,345,0,12.0,11.25,11.25,8-<16,24.0,22.5,22.5,16-32,48.0,45.0,45.0,>32
7,helicopter,2249,1304,2364,1398,115,94,10810,0.029947916666666668,0.04351851851851852,0.0013032889660493827,1.2234042553191489,2306.5,1351.0,2249,1304,1476,762,762,0,28.75,23.5,23.5,16-32,57.5,47.0,47.0,>32,115.0,94.0,94.0,>32
7,small_tower,2651,1244,2707,1303,56,59,3304,0.014583333333333334,0.027314814814814816,0.00039834104938271604,0.9491525423728814,2679.0,1273.5,2651,1244,1133,857,857,0,14.0,14.75,14.0,8-<16,28.0,29.5,28.0,16-32,56.0,59.0,56.0,>32
7,ta-ta,1059,694,1090,712,31,18,558,0.008072916666666667,0.008333333333333333,6.727430555555556e-05,1.7222222222222223,1074.5,703.0,1059,694,2750,1448,694,0,7.75,4.5,4.5,4-<8,15.5,9.0,9.0,8-<16,31.0,18.0,18.0,16-32
8,jammer,1470,1818,1504,1862,34,44,1496,0.008854166666666666,0.020370370370370372,0.00018036265432098766,0.7727272727272727,1487.0,1840.0,1470,1818,2336,298,298,0,8.5,11.0,8.5,8-<16,17.0,22.0,17.0,16-32,34.0,44.0,34.0,>32
8,large_launcher,3540,833,3689,942,149,109,16241,0.038802083333333334,0.050462962962962966,0.0019580680941358023,1.3669724770642202,3614.5,887.5,3540,833,151,1218,151,0,37.25,27.25,27.25,16-32,74.5,54.5,54.5,>32,149.0,109.0,109.0,>32
8,spacecraft,1502,1125,1546,1174,44,49,2156,0.011458333333333333,0.022685185185185187,0.0002599344135802469,0.8979591836734694,1524.0,1149.5,1502,1125,2294,986,986,0,11.0,12.25,11.0,8-<16,22.0,24.5,22.0,16-32,44.0,49.0,44.0,>32
8,condor,2703,1960,2881,2135,178,175,31150,0.04635416666666667,0.08101851851851852,0.0037555459104938274,1.0171428571428571,2792.0,2047.5,2703,1960,959,25,25,0,44.5,43.75,43.75,>32,89.0,87.5,87.5,>32,178.0,175.0,175.0,>32
8,small_plane,2035,2105,2079,2157,44,52,2288,0.011458333333333333,0.024074074074074074,0.00027584876543209876,0.8461538461538461,2057.0,2131.0,2035,2105,1761,3,3,0,11.0,13.0,11.0,8-<16,22.0,26.0,22.0,16-32,44.0,52.0,44.0,>32
8,jet_plane,2208,216,2282,294,74,78,5772,0.019270833333333334,0.03611111111111111,0.0006958912037037037,0.9487179487179487,2245.0,255.0,2208,216,1558,1866,216,0,18.5,19.5,18.5,16-32,37.0,39.0,37.0,>32,74.0,78.0,74.0,>32
8,large_tower,3414,65,3472,133,58,68,3944,0.015104166666666667,0.03148148148148148,0.0004755015432098765,0.8529411764705882,3443.0,99.0,3414,65,368,2027,65,0,14.5,17.0,14.5,8-<16,29.0,34.0,29.0,16-32,58.0,68.0,58.0,>32
8,small_launcher,1781,676,1802,706,21,30,630,0.00546875,0.013888888888888888,7.595486111111111e-05,0.7,1791.5,691.0,1781,676,2038,1454,676,0,5.25,7.5,5.25,4-<8,10.5,15.0,10.5,8-<16,21.0,30.0,21.0,16-32
8,tank,833,401,881,447,48,46,2208,0.0125,0.021296296296296296,0.0002662037037037037,1.0434782608695652,857.0,424.0,833,401,2959,1713,401,0,12.0,11.5,11.5,8-<16,24.0,23.0,23.0,16-32,48.0,46.0,46.0,>32
8,helicopter,2251,1373,2367,1467,116,94,10904,0.030208333333333334,0.04351851851851852,0.001314621913580247,1.2340425531914894,2309.0,1420.0,2251,1373,1473,693,693,0,29.0,23.5,23.5,16-32,58.0,47.0,47.0,>32,116.0,94.0,94.0,>32
8,small_tower,2656,1312,2713,1371,57,59,3363,0.01484375,0.027314814814814816,0.00040545428240740743,0.9661016949152542,2684.5,1341.5,2656,1312,1127,789,789,0,14.25,14.75,14.25,8-<16,28.5,29.5,28.5,16-32,57.0,59.0,57.0,>32
8,ta-ta,1053,755,1084,772,31,17,527,0.008072916666666667,0.00787037037037037,6.353684413580247e-05,1.8235294117647058,1068.5,763.5,1053,755,2756,1388,755,0,7.75,4.25,4.25,4-<8,15.5,8.5,8.5,8-<16,31.0,17.0,17.0,16-32
9,jammer,1467,1894,1500,1938,33,44,1452,0.00859375,0.020370370370370372,0.00017505787037037037,0.75,1483.5,1916.0,1467,1894,2340,222,222,0,8.25,11.0,8.25,8-<16,16.5,22.0,16.5,16-32,33.0,44.0,33.0,>32
9,large_launcher,3552,897,3701,1005,149,108,16092,0.038802083333333334,0.05,0.0019401041666666666,1.3796296296296295,3626.5,951.0,3552,897,139,1155,139,0,37.25,27.0,27.0,16-32,74.5,54.0,54.0,>32,149.0,108.0,108.0,>32
9,spacecraft,1499,1192,1543,1241,44,49,2156,0.011458333333333333,0.022685185185185187,0.0002599344135802469,0.8979591836734694,1521.0,1216.5,1499,1192,2297,919,919,0,11.0,12.25,11.0,8-<16,22.0,24.5,22.0,16-32,44.0,49.0,44.0,>32
9,condor,2709,2039,2888,2159,179,120,21480,0.046614583333333334,0.05555555555555555,0.002589699074074074,1.4916666666666667,2798.5,2099.0,2709,2039,952,1,1,1,44.75,30.0,30.0,16-32,89.5,60.0,60.0,>32,179.0,120.0,120.0,>32
9,jet_plane,2210,271,2285,349,75,78,5850,0.01953125,0.03611111111111111,0.0007052951388888889,0.9615384615384616,2247.5,310.0,2210,271,1555,1811,271,0,18.75,19.5,18.75,16-32,37.5,39.0,37.5,>32,75.0,78.0,75.0,>32
9,large_tower,3424,120,3483,188,59,68,4012,0.015364583333333333,0.03148148148148148,0.00048369984567901236,0.8676470588235294,3453.5,154.0,3424,120,357,1972,120,0,14.75,17.0,14.75,8-<16,29.5,34.0,29.5,16-32,59.0,68.0,59.0,>32
9,small_launcher,1780,736,1801,766,21,30,630,0.00546875,0.013888888888888888,7.595486111111111e-05,0.7,1790.5,751.0,1780,736,2039,1394,736,0,5.25,7.5,5.25,4-<8,10.5,15.0,10.5,8-<16,21.0,30.0,21.0,16-32
9,tank,825,458,874,504,49,46,2254,0.012760416666666666,0.021296296296296296,0.00027174961419753084,1.065217391304348,849.5,481.0,825,458,2966,1656,458,0,12.25,11.5,11.5,8-<16,24.5,23.0,23.0,16-32,49.0,46.0,46.0,>32
9,helicopter,2254,1443,2370,1538,116,95,11020,0.030208333333333334,0.04398148148148148,0.0013286072530864198,1.2210526315789474,2312.0,1490.5,2254,1443,1470,622,622,0,29.0,23.75,23.75,16-32,58.0,47.5,47.5,>32,116.0,95.0,95.0,>32
9,small_tower,2662,1382,2719,1441,57,59,3363,0.01484375,0.027314814814814816,0.00040545428240740743,0.9661016949152542,2690.5,1411.5,2662,1382,1121,719,719,0,14.25,14.75,14.25,8-<16,28.5,29.5,28.5,16-32,57.0,59.0,57.0,>32
9,ta-ta,1047,816,1078,834,31,18,558,0.008072916666666667,0.008333333333333333,6.727430555555556e-05,1.7222222222222223,1062.5,825.0,1047,816,2762,1326,816,0,7.75,4.5,4.5,4-<8,15.5,9.0,9.0,8-<16,31.0,18.0,18.0,16-32
10,jammer,1463,1972,1497,2016,34,44,1496,0.008854166666666666,0.020370370370370372,0.00018036265432098766,0.7727272727272727,1480.0,1994.0,1463,1972,2343,144,144,0,8.5,11.0,8.5,8-<16,17.0,22.0,17.0,16-32,34.0,44.0,34.0,>32
10,large_launcher,3563,961,3714,1069,151,108,16308,0.039322916666666666,0.05,0.001966145833333333,1.3981481481481481,3638.5,1015.0,3563,961,126,1091,126,0,37.75,27.0,27.0,16-32,75.5,54.0,54.0,>32,151.0,108.0,108.0,>32
10,spacecraft,1496,1259,1540,1308,44,49,2156,0.011458333333333333,0.022685185185185187,0.0002599344135802469,0.8979591836734694,1518.0,1283.5,1496,1259,2300,852,852,0,11.0,12.25,11.0,8-<16,22.0,24.5,22.0,16-32,44.0,49.0,44.0,>32
10,condor,2715,2120,2896,2159,181,39,7059,0.047135416666666666,0.018055555555555554,0.0008510561342592593,4.641025641025641,2805.5,2139.5,2715,2120,944,1,1,1,45.25,9.75,9.75,8-<16,90.5,19.5,19.5,16-32,181.0,39.0,39.0,>32
10,jet_plane,2212,327,2287,405,75,78,5850,0.01953125,0.03611111111111111,0.0007052951388888889,0.9615384615384616,2249.5,366.0,2212,327,1553,1755,327,0,18.75,19.5,18.75,16-32,37.5,39.0,37.5,>32,75.0,78.0,75.0,>32
10,large_tower,3434,176,3493,243,59,67,3953,0.015364583333333333,0.031018518518518518,0.00047658661265432097,0.8805970149253731,3463.5,209.5,3434,176,347,1917,176,0,14.75,16.75,14.75,8-<16,29.5,33.5,29.5,16-32,59.0,67.0,59.0,>32
10,small_launcher,1779,798,1800,828,21,30,630,0.00546875,0.013888888888888888,7.595486111111111e-05,0.7,1789.5,813.0,1779,798,2040,1332,798,0,5.25,7.5,5.25,4-<8,10.5,15.0,10.5,8-<16,21.0,30.0,21.0,16-32
10,tank,818,516,867,563,49,47,2303,0.012760416666666666,0.02175925925925926,0.00027765721450617286,1.0425531914893618,842.5,539.5,818,516,2973,1597,516,0,12.25,11.75,11.75,8-<16,24.5,23.5,23.5,16-32,49.0,47.0,47.0,>32
10,helicopter,2256,1514,2374,1610,118,96,11328,0.030729166666666665,0.044444444444444446,0.0013657407407407407,1.2291666666666667,2315.0,1562.0,2256,1514,1466,550,550,0,29.5,24.0,24.0,16-32,59.0,48.0,48.0,>32,118.0,96.0,96.0,>32
10,small_tower,2667,1452,2725,1511,58,59,3422,0.015104166666666667,0.027314814814814816,0.00041256751543209877,0.9830508474576272,2696.0,1481.5,2667,1452,1115,649,649,0,14.5,14.75,14.5,8-<16,29.0,29.5,29.0,16-32,58.0,59.0,58.0,>32
10,ta-ta,1040,878,1072,896,32,18,576,0.008333333333333333,0.008333333333333333,6.944444444444444e-05,1.7777777777777777,1056.0,887.0,1040,878,2768,1264,878,0,8.0,4.5,4.5,4-<8,16.0,9.0,9.0,8-<16,32.0,18.0,18.0,16-32
11,jammer,1460,2051,1494,2095,34,44,1496,0.008854166666666666,0.020370370370370372,0.00018036265432098766,0.7727272727272727,1477.0,2073.0,1460,2051,2346,65,65,0,8.5,11.0,8.5,8-<16,17.0,22.0,17.0,16-32,34.0,44.0,34.0,>32
11,large_launcher,3575,1025,3727,1135,152,110,16720,0.03958333333333333,0.05092592592592592,0.002015817901234568,1.3818181818181818,3651.0,1080.0,3575,1025,113,1025,113,0,38.0,27.5,27.5,16-32,76.0,55.0,55.0,>32,152.0,110.0,110.0,>32
11,spacecraft,1493,1327,1537,1377,44,50,2200,0.011458333333333333,0.023148148148148147,0.0002652391975308642,0.88,1515.0,1352.0,1493,1327,2303,783,783,0,11.0,12.5,11.0,8-<16,22.0,25.0,22.0,16-32,44.0,50.0,44.0,>32
11,jet_plane,2214,383,2290,462,76,79,6004,0.019791666666666666,0.03657407407407407,0.0007238618827160494,0.9620253164556962,2252.0,422.5,2214,383,1550,1698,383,0,19.0,19.75,19.0,16-32,38.0,39.5,38.0,>32,76.0,79.0,76.0,>32
11,large_tower,3444,233,3504,299,60,66,3960,0.015625,0.030555555555555555,0.00047743055555555554,0.9090909090909091,3474.0,266.0,3444,233,336,1861,233,0,15.0,16.5,15.0,8-<16,30.0,33.0,30.0,16-32,60.0,66.0,60.0,>32
11,small_launcher,1778,860,1799,890,21,30,630,0.00546875,0.013888888888888888,7.595486111111111e-05,0.7,1788.5,875.0,1778,860,2041,1270,860,0,5.25,7.5,5.25,4-<8,10.5,15.0,10.5,8-<16,21.0,30.0,21.0,16-32
11,tank,810,575,860,622,50,47,2350,0.013020833333333334,0.02175925925925926,0.00028332368827160495,1.0638297872340425,835.0,598.5,810,575,2980,1538,575,0,12.5,11.75,11.75,8-<16,25.0,23.5,23.5,16-32,50.0,47.0,47.0,>32
11,helicopter,2259,1586,2377,1683,118,97,11446,0.030729166666666665,0.04490740740740741,0.0013799672067901234,1.2164948453608246,2318.0,1634.5,2259,1586,1463,477,477,0,29.5,24.25,24.25,16-32,59.0,48.5,48.5,>32,118.0,97.0,97.0,>32
11,small_tower,2673,1524,2731,1582,58,58,3364,0.015104166666666667,0.026851851851851852,0.00040557484567901235,1.0,2702.0,1553.0,2673,1524,1109,578,578,0,14.5,14.5,14.5,8-<16,29.0,29.0,29.0,16-32,58.0,58.0,58.0,>32
11,ta-ta,1034,941,1066,959,32,18,576,0.008333333333333333,0.008333333333333333,6.944444444444444e-05,1.7777777777777777,1050.0,950.0,1034,941,2774,1201,941,0,8.0,4.5,4.5,4-<8,16.0,9.0,9.0,8-<16,32.0,18.0,18.0,16-32
12,jammer,1456,2131,1491,2159,35,28,980,0.009114583333333334,0.012962962962962963,0.0001181520061728395,1.25,1473.5,2145.0,1456,2131,2349,1,1,1,8.75,7.0,7.0,4-<8,17.5,14.0,14.0,8-<16,35.0,28.0,28.0,16-32
12,large_launcher,3587,1091,3740,1201,153,110,16830,0.03984375,0.05092592592592592,0.0020290798611111113,1.3909090909090909,3663.5,1146.0,3587,1091,100,959,100,0,38.25,27.5,27.5,16-32,76.5,55.0,55.0,>32,153.0,110.0,110.0,>32
12,spacecraft,1490,1397,1535,1446,45,49,2205,0.01171875,0.022685185185185187,0.00026584201388888887,0.9183673469387755,1512.5,1421.5,1490,1397,2305,714,714,0,11.25,12.25,11.25,8-<16,22.5,24.5,22.5,16-32,45.0,49.0,45.0,>32
12,jet_plane,2216,440,2292,520,76,80,6080,0.019791666666666666,0.037037037037037035,0.0007330246913580247,0.95,2254.0,480.0,2216,440,1548,1640,440,0,19.0,20.0,19.0,16-32,38.0,40.0,38.0,>32,76.0,80.0,76.0,>32
12,large_tower,3455,290,3515,356,60,66,3960,0.015625,0.030555555555555555,0.00047743055555555554,0.9090909090909091,3485.0,323.0,3455,290,325,1804,290,0,15.0,16.5,15.0,8-<16,30.0,33.0,30.0,16-32,60.0,66.0,60.0,>32
12,small_launcher,1777,923,1799,953,22,30,660,0.005729166666666666,0.013888888888888888,7.957175925925927e-05,0.7333333333333333,1788.0,938.0,1777,923,2041,1207,923,0,5.5,7.5,5.5,4-<8,11.0,15.0,11.0,8-<16,22.0,30.0,22.0,16-32
12,tank,803,635,853,682,50,47,2350,0.013020833333333334,0.02175925925925926,0.00028332368827160495,1.0638297872340425,828.0,658.5,803,635,2987,1478,635,0,12.5,11.75,11.75,8-<16,25.0,23.5,23.5,16-32,50.0,47.0,47.0,>32
12,helicopter,2261,1659,2381,1756,120,97,11640,0.03125,0.04490740740740741,0.0014033564814814816,1.2371134020618557,2321.0,1707.5,2261,1659,1459,404,404,0,30.0,24.25,24.25,16-32,60.0,48.5,48.5,>32,120.0,97.0,97.0,>32
12,small_tower,2678,1597,2737,1655,59,58,3422,0.015364583333333333,0.026851851851851852,0.00041256751543209877,1.0172413793103448,2707.5,1626.0,2678,1597,1103,505,505,0,14.75,14.5,14.5,8-<16,29.5,29.0,29.0,16-32,59.0,58.0,58.0,>32
12,ta-ta,1028,1005,1060,1022,32,17,544,0.008333333333333333,0.00787037037037037,6.558641975308642e-05,1.8823529411764706,1044.0,1013.5,1028,1005,2780,1138,1005,0,8.0,4.25,4.25,4-<8,16.0,8.5,8.5,8-<16,32.0,17.0,17.0,16-32
13,large_launcher,3599,1158,3754,1268,155,110,17050,0.040364583333333336,0.05092592592592592,0.0020556037808641976,1.4090909090909092,3676.5,1213.0,3599,1158,86,892,86,0,38.75,27.5,27.5,16-32,77.5,55.0,55.0,>32,155.0,110.0,110.0,>32
13,spacecraft,1486,1467,1532,1516,46,49,2254,0.011979166666666667,0.022685185185185187,0.00027174961419753084,0.9387755102040817,1509.0,1491.5,1486,1467,2308,644,644,0,11.5,12.25,11.5,8-<16,23.0,24.5,23.0,16-32,46.0,49.0,46.0,>32
13,jet_plane,2218,498,2295,578,77,80,6160,0.020052083333333335,0.037037037037037035,0.0007426697530864198,0.9625,2256.5,538.0,2218,498,1545,1582,498,0,19.25,20.0,19.25,16-32,38.5,40.0,38.5,>32,77.0,80.0,77.0,>32
13,large_tower,3465,348,3526,414,61,66,4026,0.015885416666666666,0.030555555555555555,0.0004853877314814815,0.9242424242424242,3495.5,381.0,3465,348,314,1746,314,0,15.25,16.5,15.25,8-<16,30.5,33.0,30.5,16-32,61.0,66.0,61.0,>32
13,small_launcher,1776,986,1798,1016,22,30,660,0.005729166666666666,0.013888888888888888,7.957175925925927e-05,0.7333333333333333,1787.0,1001.0,1776,986,2042,1144,986,0,5.5,7.5,5.5,4-<8,11.0,15.0,11.0,8-<16,22.0,30.0,22.0,16-32
13,tank,795,695,845,742,50,47,2350,0.013020833333333334,0.02175925925925926,0.00028332368827160495,1.0638297872340425,820.0,718.5,795,695,2995,1418,695,0,12.5,11.75,11.75,8-<16,25.0,23.5,23.5,16-32,50.0,47.0,47.0,>32
13,helicopter,2264,1733,2384,1831,120,98,11760,0.03125,0.04537037037037037,0.0014178240740740742,1.2244897959183674,2324.0,1782.0,2264,1733,1456,329,329,0,30.0,24.5,24.5,16-32,60.0,49.0,49.0,>32,120.0,98.0,98.0,>32
13,small_tower,2684,1670,2743,1728,59,58,3422,0.015364583333333333,0.026851851851851852,0.00041256751543209877,1.0172413793103448,2713.5,1699.0,2684,1670,1097,432,432,0,14.75,14.5,14.5,8-<16,29.5,29.0,29.0,16-32,59.0,58.0,58.0,>32
13,ta-ta,1022,1070,1054,1087,32,17,544,0.008333333333333333,0.00787037037037037,6.558641975308642e-05,1.8823529411764706,1038.0,1078.5,1022,1070,2786,1073,1022,0,8.0,4.25,4.25,4-<8,16.0,8.5,8.5,8-<16,32.0,17.0,17.0,16-32
14,large_launcher,3611,1226,3767,1336,156,110,17160,0.040625,0.05092592592592592,0.002068865740740741,1.4181818181818182,3689.0,1281.0,3611,1226,73,824,73,0,39.0,27.5,27.5,16-32,78.0,55.0,55.0,>32,156.0,110.0,110.0,>32
14,spacecraft,1483,1539,1529,1588,46,49,2254,0.011979166666666667,0.022685185185185187,0.00027174961419753084,0.9387755102040817,1506.0,1563.5,1483,1539,2311,572,572,0,11.5,12.25,11.5,8-<16,23.0,24.5,23.0,16-32,46.0,49.0,46.0,>32
14,jet_plane,2220,556,2297,638,77,82,6314,0.020052083333333335,0.03796296296296296,0.0007612364969135803,0.9390243902439024,2258.5,597.0,2220,556,1543,1522,556,0,19.25,20.5,19.25,16-32,38.5,41.0,38.5,>32,77.0,82.0,77.0,>32
14,large_tower,3476,407,3538,472,62,65,4030,0.016145833333333335,0.03009259259259259,0.0004858699845679012,0.9538461538461539,3507.0,439.5,3476,407,302,1688,302,0,15.5,16.25,15.5,8-<16,31.0,32.5,31.0,16-32,62.0,65.0,62.0,>32
14,medium_launcher,3719,0,3765,17,46,17,782,0.011979166666666667,0.00787037037037037,9.428047839506172e-05,2.7058823529411766,3742.0,8.5,3719,0,75,2143,0,1,11.5,4.25,4.25,4-<8,23.0,8.5,8.5,8-<16,46.0,17.0,17.0,16-32
14,small_launcher,1775,1051,1797,1081,22,30,660,0.005729166666666666,0.013888888888888888,7.957175925925927e-05,0.7333333333333333,1786.0,1066.0,1775,1051,2043,1079,1051,0,5.5,7.5,5.5,4-<8,11.0,15.0,11.0,8-<16,22.0,30.0,22.0,16-32
14,tank,787,756,838,804,51,48,2448,0.01328125,0.022222222222222223,0.0002951388888888889,1.0625,812.5,780.0,787,756,3002,1356,756,0,12.75,12.0,12.0,8-<16,25.5,24.0,24.0,16-32,51.0,48.0,48.0,>32
14,helicopter,2267,1808,2388,1908,121,100,12100,0.031510416666666666,0.046296296296296294,0.001458815586419753,1.21,2327.5,1858.0,2267,1808,1452,252,252,0,30.25,25.0,25.0,16-32,60.5,50.0,50.0,>32,121.0,100.0,100.0,>32
14,small_tower,2690,1745,2750,1803,60,58,3480,0.015625,0.026851851851851852,0.0004195601851851852,1.0344827586206897,2720.0,1774.0,2690,1745,1090,357,357,0,15.0,14.5,14.5,8-<16,30.0,29.0,29.0,16-32,60.0,58.0,58.0,>32
14,ta-ta,1015,1136,1048,1153,33,17,561,0.00859375,0.00787037037037037,6.763599537037037e-05,1.9411764705882353,1031.5,1144.5,1015,1136,2792,1007,1007,0,8.25,4.25,4.25,4-<8,16.5,8.5,8.5,8-<16,33.0,17.0,17.0,16-32
15,large_launcher,3623,1295,3781,1406,158,111,17538,0.04114583333333333,0.05138888888888889,0.0021144386574074073,1.4234234234234233,3702.0,1350.5,3623,1295,59,754,59,0,39.5,27.75,27.75,16-32,79.0,55.5,55.5,>32,158.0,111.0,111.0,>32
15,spacecraft,1480,1611,1526,1661,46,50,2300,0.011979166666666667,0.023148148148148147,0.000277295524691358,0.92,1503.0,1636.0,1480,1611,2314,499,499,0,11.5,12.5,11.5,8-<16,23.0,25.0,23.0,16-32,46.0,50.0,46.0,>32
15,jet_plane,2222,616,2300,698,78,82,6396,0.0203125,0.03796296296296296,0.0007711226851851852,0.9512195121951219,2261.0,657.0,2222,616,1540,1462,616,0,19.5,20.5,19.5,16-32,39.0,41.0,39.0,>32,78.0,82.0,78.0,>32
15,large_tower,3487,467,3549,531,62,64,3968,0.016145833333333335,0.02962962962962963,0.0004783950617283951,0.96875,3518.0,499.0,3487,467,291,1629,291,0,15.5,16.0,15.5,8-<16,31.0,32.0,31.0,16-32,62.0,64.0,62.0,>32
15,medium_launcher,3730,25,3777,69,47,44,2068,0.012239583333333333,0.020370370370370372,0.0002493248456790123,1.0681818181818181,3753.5,47.0,3730,25,63,2091,25,0,11.75,11.0,11.0,8-<16,23.5,22.0,22.0,16-32,47.0,44.0,44.0,>32
15,small_launcher,1773,1117,1796,1147,23,30,690,0.005989583333333334,0.013888888888888888,8.31886574074074e-05,0.7666666666666667,1784.5,1132.0,1773,1117,2044,1013,1013,0,5.75,7.5,5.75,4-<8,11.5,15.0,11.5,8-<16,23.0,30.0,23.0,16-32
15,tank,779,818,830,867,51,49,2499,0.01328125,0.022685185185185187,0.00030128761574074075,1.0408163265306123,804.5,842.5,779,818,3010,1293,779,0,12.75,12.25,12.25,8-<16,25.5,24.5,24.5,16-32,51.0,49.0,49.0,>32
15,helicopter,2269,1884,2391,1985,122,101,12322,0.03177083333333333,0.04675925925925926,0.0014855806327160493,1.2079207920792079,2330.0,1934.5,2269,1884,1449,175,175,0,30.5,25.25,25.25,16-32,61.0,50.5,50.5,>32,122.0,101.0,101.0,>32
15,small_tower,2696,1821,2756,1879,60,58,3480,0.015625,0.026851851851851852,0.0004195601851851852,1.0344827586206897,2726.0,1850.0,2696,1821,1084,281,281,0,15.0,14.5,14.5,8-<16,30.0,29.0,29.0,16-32,60.0,58.0,58.0,>32
15,ta-ta,1008,1203,1042,1219,34,16,544,0.008854166666666666,0.007407407407407408,6.558641975308642e-05,2.125,1025.0,1211.0,1008,1203,2798,941,941,0,8.5,4.0,4.0,4-<8,17.0,8.0,8.0,8-<16,34.0,16.0,16.0,16-32
16,large_launcher,3636,1364,3795,1476,159,112,17808,0.04140625,0.05185185185185185,0.0021469907407407405,1.4196428571428572,3715.5,1420.0,3636,1364,45,684,45,0,39.75,28.0,28.0,16-32,79.5,56.0,56.0,>32,159.0,112.0,112.0,>32
16,spacecraft,1476,1685,1523,1734,47,49,2303,0.012239583333333333,0.022685185185185187,0.00027765721450617286,0.9591836734693877,1499.5,1709.5,1476,1685,2317,426,426,0,11.75,12.25,11.75,8-<16,23.5,24.5,23.5,16-32,47.0,49.0,47.0,>32
16,jet_plane,2224,676,2303,759,79,83,6557,0.020572916666666666,0.038425925925925926,0.0007905333719135803,0.9518072289156626,2263.5,717.5,2224,676,1537,1401,676,0,19.75,20.75,19.75,16-32,39.5,41.5,39.5,>32,79.0,83.0,79.0,>32
16,large_tower,3498,527,3561,592,63,65,4095,0.01640625,0.03009259259259259,0.0004937065972222222,0.9692307692307692,3529.5,559.5,3498,527,279,1568,279,0,15.75,16.25,15.75,8-<16,31.5,32.5,31.5,16-32,63.0,65.0,63.0,>32
16,medium_launcher,3742,78,3789,123,47,45,2115,0.012239583333333333,0.020833333333333332,0.00025499131944444446,1.0444444444444445,3765.5,100.5,3742,78,51,2037,51,0,11.75,11.25,11.25,8-<16,23.5,22.5,22.5,16-32,47.0,45.0,45.0,>32
16,small_launcher,1772,1184,1795,1213,23,29,667,0.005989583333333334,0.013425925925925926,8.041570216049383e-05,0.7931034482758621,1783.5,1198.5,1772,1184,2045,947,947,0,5.75,7.25,5.75,4-<8,11.5,14.5,11.5,8-<16,23.0,29.0,23.0,16-32
16,tank,771,881,822,930,51,49,2499,0.01328125,0.022685185185185187,0.00030128761574074075,1.0408163265306123,796.5,905.5,771,881,3018,1230,771,0,12.75,12.25,12.25,8-<16,25.5,24.5,24.5,16-32,51.0,49.0,49.0,>32
16,helicopter,2272,1962,2395,2064,123,102,12546,0.03203125,0.04722222222222222,0.0015125868055555556,1.2058823529411764,2333.5,2013.0,2272,1962,1445,96,96,0,30.75,25.5,25.5,16-32,61.5,51.0,51.0,>32,123.0,102.0,102.0,>32
16,small_tower,2702,1899,2763,1956,61,57,3477,0.015885416666666666,0.02638888888888889,0.0004191984953703704,1.0701754385964912,2732.5,1927.5,2702,1899,1077,204,204,0,15.25,14.25,14.25,8-<16,30.5,28.5,28.5,16-32,61.0,57.0,57.0,>32
16,ta-ta,1002,1271,1035,1287,33,16,528,0.00859375,0.007407407407407408,6.36574074074074e-05,2.0625,1018.5,1279.0,1002,1271,2805,873,873,0,8.25,4.0,4.0,4-<8,16.5,8.0,8.0,8-<16,33.0,16.0,16.0,16-32
17,large_launcher,3649,1435,3809,1547,160,112,17920,0.041666666666666664,0.05185185185185185,0.0021604938271604936,1.4285714285714286,3729.0,1491.0,3649,1435,31,613,31,0,40.0,28.0,28.0,16-32,80.0,56.0,56.0,>32,160.0,112.0,112.0,>32
17,spacecraft,1473,1759,1520,1809,47,50,2350,0.012239583333333333,0.023148148148148147,0.00028332368827160495,0.94,1496.5,1784.0,1473,1759,2320,351,351,0,11.75,12.5,11.75,8-<16,23.5,25.0,23.5,16-32,47.0,50.0,47.0,>32
17,jet_plane,2226,737,2305,821,79,84,6636,0.020572916666666666,0.03888888888888889,0.0008000578703703704,0.9404761904761905,2265.5,779.0,2226,737,1535,1339,737,0,19.75,21.0,19.75,16-32,39.5,42.0,39.5,>32,79.0,84.0,79.0,>32
17,large_tower,3509,589,3572,652,63,63,3969,0.01640625,0.029166666666666667,0.000478515625,1.0,3540.5,620.5,3509,589,268,1508,268,0,15.75,15.75,15.75,8-<16,31.5,31.5,31.5,16-32,63.0,63.0,63.0,>32
17,medium_launcher,3754,132,3801,177,47,45,2115,0.012239583333333333,0.020833333333333332,0.00025499131944444446,1.0444444444444445,3777.5,154.5,3754,132,39,1983,39,0,11.75,11.25,11.25,8-<16,23.5,22.5,22.5,16-32,47.0,45.0,45.0,>32
17,small_launcher,1771,1251,1794,1281,23,30,690,0.005989583333333334,0.013888888888888888,8.31886574074074e-05,0.7666666666666667,1782.5,1266.0,1771,1251,2046,879,879,0,5.75,7.5,5.75,4-<8,11.5,15.0,11.5,8-<16,23.0,30.0,23.0,16-32
17,tank,763,945,815,994,52,49,2548,0.013541666666666667,0.022685185185185187,0.0003071952160493827,1.0612244897959184,789.0,969.5,763,945,3025,1166,763,0,13.0,12.25,12.25,8-<16,26.0,24.5,24.5,16-32,52.0,49.0,49.0,>32
17,helicopter,2275,2041,2399,2143,124,102,12648,0.03229166666666667,0.04722222222222222,0.0015248842592592592,1.2156862745098038,2337.0,2092.0,2275,2041,1441,17,17,0,31.0,25.5,25.5,16-32,62.0,51.0,51.0,>32,124.0,102.0,102.0,>32
17,small_tower,2708,1977,2769,2034,61,57,3477,0.015885416666666666,0.02638888888888889,0.0004191984953703704,1.0701754385964912,2738.5,2005.5,2708,1977,1071,126,126,0,15.25,14.25,14.25,8-<16,30.5,28.5,28.5,16-32,61.0,57.0,57.0,>32
17,ta-ta,995,1339,1029,1355,34,16,544,0.008854166666666666,0.007407407407407408,6.558641975308642e-05,2.125,1012.0,1347.0,995,1339,2811,805,805,0,8.5,4.0,4.0,4-<8,17.0,8.0,8.0,8-<16,34.0,16.0,16.0,16-32
18,large_launcher,3662,1507,3823,1619,161,112,18032,0.04192708333333333,0.05185185185185185,0.0021739969135802467,1.4375,3742.5,1563.0,3662,1507,17,541,17,0,40.25,28.0,28.0,16-32,80.5,56.0,56.0,>32,161.0,112.0,112.0,>32
18,spacecraft,1470,1835,1517,1885,47,50,2350,0.012239583333333333,0.023148148148148147,0.00028332368827160495,0.94,1493.5,1860.0,1470,1835,2323,275,275,0,11.75,12.5,11.75,8-<16,23.5,25.0,23.5,16-32,47.0,50.0,47.0,>32
18,jet_plane,2228,799,2308,883,80,84,6720,0.020833333333333332,0.03888888888888889,0.0008101851851851852,0.9523809523809523,2268.0,841.0,2228,799,1532,1277,799,0,20.0,21.0,20.0,16-32,40.0,42.0,40.0,>32,80.0,84.0,80.0,>32
18,large_tower,3520,651,3584,714,64,63,4032,0.016666666666666666,0.029166666666666667,0.0004861111111111111,1.0158730158730158,3552.0,682.5,3520,651,256,1446,256,0,16.0,15.75,15.75,8-<16,32.0,31.5,31.5,16-32,64.0,63.0,63.0,>32
18,medium_launcher,3766,187,3814,232,48,45,2160,0.0125,0.020833333333333332,0.00026041666666666666,1.0666666666666667,3790.0,209.5,3766,187,26,1928,26,0,12.0,11.25,11.25,8-<16,24.0,22.5,22.5,16-32,48.0,45.0,45.0,>32
18,small_launcher,1770,1320,1793,1350,23,30,690,0.005989583333333334,0.013888888888888888,8.31886574074074e-05,0.7666666666666667,1781.5,1335.0,1770,1320,2047,810,810,0,5.75,7.5,5.75,4-<8,11.5,15.0,11.5,8-<16,23.0,30.0,23.0,16-32
18,tank,754,1010,807,1060,53,50,2650,0.013802083333333333,0.023148148148148147,0.00031949266975308643,1.06,780.5,1035.0,754,1010,3033,1100,754,0,13.25,12.5,12.5,8-<16,26.5,25.0,25.0,16-32,53.0,50.0,50.0,>32
18,helicopter,2278,2121,2403,2159,125,38,4750,0.032552083333333336,0.017592592592592594,0.0005726755401234568,3.289473684210526,2340.5,2140.0,2278,2121,1437,1,1,1,31.25,9.5,9.5,8-<16,62.5,19.0,19.0,16-32,125.0,38.0,38.0,>32
18,small_tower,2714,2057,2776,2114,62,57,3534,0.016145833333333335,0.02638888888888889,0.00042607060185185185,1.087719298245614,2745.0,2085.5,2714,2057,1064,46,46,0,15.5,14.25,14.25,8-<16,31.0,28.5,28.5,16-32,62.0,57.0,57.0,>32
18,ta-ta,988,1409,1022,1425,34,16,544,0.008854166666666666,0.007407407407407408,6.558641975308642e-05,2.125,1005.0,1417.0,988,1409,2818,735,735,0,8.5,4.0,4.0,4-<8,17.0,8.0,8.0,8-<16,34.0,16.0,16.0,16-32
19,large_launcher,3675,1580,3838,1693,163,113,18419,0.04244791666666667,0.052314814814814814,0.002220654899691358,1.4424778761061947,3756.5,1636.5,3675,1580,2,467,2,0,40.75,28.25,28.25,16-32,81.5,56.5,56.5,>32,163.0,113.0,113.0,>32
19,spacecraft,1466,1912,1514,1962,48,50,2400,0.0125,0.023148148148148147,0.00028935185185185184,0.96,1490.0,1937.0,1466,1912,2326,198,198,0,12.0,12.5,12.0,8-<16,24.0,25.0,24.0,16-32,48.0,50.0,48.0,>32
19,jet_plane,2230,862,2311,947,81,85,6885,0.02109375,0.03935185185185185,0.000830078125,0.9529411764705882,2270.5,904.5,2230,862,1529,1213,862,0,20.25,21.25,20.25,16-32,40.5,42.5,40.5,>32,81.0,85.0,81.0,>32
19,large_tower,3532,715,3596,777,64,62,3968,0.016666666666666666,0.028703703703703703,0.0004783950617283951,1.032258064516129,3564.0,746.0,3532,715,244,1383,244,0,16.0,15.5,15.5,8-<16,32.0,31.0,31.0,16-32,64.0,62.0,62.0,>32
19,medium_launcher,3779,242,3827,288,48,46,2208,0.0125,0.021296296296296296,0.0002662037037037037,1.0434782608695652,3803.0,265.0,3779,242,13,1872,13,0,12.0,11.5,11.5,8-<16,24.0,23.0,23.0,16-32,48.0,46.0,46.0,>32
19,small_launcher,1769,1390,1792,1419,23,29,667,0.005989583333333334,0.013425925925925926,8.041570216049383e-05,0.7931034482758621,1780.5,1404.5,1769,1390,2048,741,741,0,5.75,7.25,5.75,4-<8,11.5,14.5,11.5,8-<16,23.0,29.0,23.0,16-32
19,tank,746,1076,799,1126,53,50,2650,0.013802083333333333,0.023148148148148147,0.00031949266975308643,1.06,772.5,1101.0,746,1076,3041,1034,746,0,13.25,12.5,12.5,8-<16,26.5,25.0,25.0,16-32,53.0,50.0,50.0,>32
19,small_tower,2720,2138,2783,2159,63,21,1323,0.01640625,0.009722222222222222,0.00015950520833333333,3.0,2751.5,2148.5,2720,2138,1057,1,1,1,15.75,5.25,5.25,4-<8,31.5,10.5,10.5,8-<16,63.0,21.0,21.0,16-32
19,hangar,161,0,343,6,182,6,1092,0.04739583333333333,0.002777777777777778,0.00013165509259259258,30.333333333333332,252.0,3.0,161,0,3497,2154,0,1,45.5,1.5,1.5,<4,91.0,3.0,3.0,<4,182.0,6.0,6.0,4-<8
19,ta-ta,981,1480,1015,1495,34,15,510,0.008854166666666666,0.006944444444444444,6.148726851851851e-05,2.2666666666666666,998.0,1487.5,981,1480,2825,665,665,0,8.5,3.75,3.75,<4,17.0,7.5,7.5,4-<8,34.0,15.0,15.0,8-<16
20,large_launcher,3688,1654,3839,1767,151,113,17063,0.039322916666666666,0.052314814814814814,0.0020571711033950616,1.336283185840708,3763.5,1710.5,3688,1654,1,393,1,1,37.75,28.25,28.25,16-32,75.5,56.5,56.5,>32,151.0,113.0,113.0,>32
20,spacecraft,1462,1991,1511,2040,49,49,2401,0.012760416666666666,0.022685185185185187,0.0002894724151234568,1.0,1486.5,2015.5,1462,1991,2329,120,120,0,12.25,12.25,12.25,8-<16,24.5,24.5,24.5,16-32,49.0,49.0,49.0,>32
20,jet_plane,2233,926,2314,1011,81,85,6885,0.02109375,0.03935185185185185,0.000830078125,0.9529411764705882,2273.5,968.5,2233,926,1526,1149,926,0,20.25,21.25,20.25,16-32,40.5,42.5,40.5,>32,81.0,85.0,81.0,>32
20,large_tower,3543,779,3609,840,66,61,4026,0.0171875,0.02824074074074074,0.0004853877314814815,1.0819672131147542,3576.0,809.5,3543,779,231,1320,231,0,16.5,15.25,15.25,8-<16,33.0,30.5,30.5,16-32,66.0,61.0,61.0,>32
20,medium_launcher,3791,298,3839,344,48,46,2208,0.0125,0.021296296296296296,0.0002662037037037037,1.0434782608695652,3815.0,321.0,3791,298,1,1816,1,1,12.0,11.5,11.5,8-<16,24.0,23.0,23.0,16-32,48.0,46.0,46.0,>32
20,small_launcher,1768,1460,1791,1490,23,30,690,0.005989583333333334,0.013888888888888888,8.31886574074074e-05,0.7666666666666667,1779.5,1475.0,1768,1460,2049,670,670,0,5.75,7.5,5.75,4-<8,11.5,15.0,11.5,8-<16,23.0,30.0,23.0,16-32
20,tank,737,1143,790,1193,53,50,2650,0.013802083333333333,0.023148148148148147,0.00031949266975308643,1.06,763.5,1168.0,737,1143,3050,967,737,0,13.25,12.5,12.5,8-<16,26.5,25.0,25.0,16-32,53.0,50.0,50.0,>32
20,hangar,149,0,333,58,184,58,10672,0.04791666666666667,0.026851851851851852,0.0012866512345679013,3.1724137931034484,241.0,29.0,149,0,3507,2102,0,1,46.0,14.5,14.5,8-<16,92.0,29.0,29.0,16-32,184.0,58.0,58.0,>32
20,ta-ta,974,1552,1009,1567,35,15,525,0.009114583333333334,0.006944444444444444,6.329571759259259e-05,2.3333333333333335,991.5,1559.5,974,1552,2831,593,593,0,8.75,3.75,3.75,<4,17.5,7.5,7.5,4-<8,35.0,15.0,15.0,8-<16
20,medium_plane,610,0,665,32,55,32,1760,0.014322916666666666,0.014814814814814815,0.00021219135802469136,1.71875,637.5,16.0,610,0,3175,2128,0,1,13.75,8.0,8.0,8-<16,27.5,16.0,16.0,16-32,55.0,32.0,32.0,16-32
21,large_launcher,3702,1730,3839,1843,137,113,15481,0.03567708333333333,0.052314814814814814,0.0018664400077160494,1.2123893805309736,3770.5,1786.5,3702,1730,1,317,1,1,34.25,28.25,28.25,16-32,68.5,56.5,56.5,>32,137.0,113.0,113.0,>32
21,spacecraft,1459,2070,1507,2120,48,50,2400,0.0125,0.023148148148148147,0.00028935185185185184,0.96,1483.0,2095.0,1459,2070,2333,40,40,0,12.0,12.5,12.0,8-<16,24.0,25.0,24.0,16-32,48.0,50.0,48.0,>32
21,jet_plane,2235,990,2316,1077,81,87,7047,0.02109375,0.04027777777777778,0.000849609375,0.9310344827586207,2275.5,1033.5,2235,990,1524,1083,990,0,20.25,21.75,20.25,16-32,40.5,43.5,40.5,>32,81.0,87.0,81.0,>32
21,large_tower,3555,844,3621,905,66,61,4026,0.0171875,0.02824074074074074,0.0004853877314814815,1.0819672131147542,3588.0,874.5,3555,844,219,1255,219,0,16.5,15.25,15.25,8-<16,33.0,30.5,30.5,16-32,66.0,61.0,61.0,>32
21,medium_launcher,3804,355,3839,401,35,46,1610,0.009114583333333334,0.021296296296296296,0.00019410686728395062,0.7608695652173914,3821.5,378.0,3804,355,1,1759,1,1,8.75,11.5,8.75,8-<16,17.5,23.0,17.5,16-32,35.0,46.0,35.0,>32
21,small_launcher,1767,1532,1790,1562,23,30,690,0.005989583333333334,0.013888888888888888,8.31886574074074e-05,0.7666666666666667,1778.5,1547.0,1767,1532,2050,598,598,0,5.75,7.5,5.75,4-<8,11.5,15.0,11.5,8-<16,23.0,30.0,23.0,16-32
21,tank,729,1210,782,1261,53,51,2703,0.013802083333333333,0.02361111111111111,0.00032588252314814817,1.0392156862745099,755.5,1235.5,729,1210,3058,899,729,0,13.25,12.75,12.75,8-<16,26.5,25.5,25.5,16-32,53.0,51.0,51.0,>32
21,hangar,138,0,322,110,184,110,20240,0.04791666666666667,0.05092592592592592,0.0024402006172839505,1.6727272727272726,230.0,55.0,138,0,3518,2050,0,1,46.0,27.5,27.5,16-32,92.0,55.0,55.0,>32,184.0,110.0,110.0,>32
21,ta-ta,967,1625,1002,1640,35,15,525,0.009114583333333334,0.006944444444444444,6.329571759259259e-05,2.3333333333333335,984.5,1632.5,967,1625,2838,520,520,0,8.75,3.75,3.75,<4,17.5,7.5,7.5,4-<8,35.0,15.0,15.0,8-<16
21,medium_plane,602,37,657,85,55,48,2640,0.014322916666666666,0.022222222222222223,0.00031828703703703706,1.1458333333333333,629.5,61.0,602,37,3183,2075,37,0,13.75,12.0,12.0,8-<16,27.5,24.0,24.0,16-32,55.0,48.0,48.0,>32
22,large_launcher,3715,1806,3839,1920,124,114,14136,0.03229166666666667,0.05277777777777778,0.0017042824074074074,1.087719298245614,3777.0,1863.0,3715,1806,1,240,1,1,31.0,28.5,28.5,16-32,62.0,57.0,57.0,>32,124.0,114.0,114.0,>32
22,spacecraft,1455,2151,1504,2159,49,8,392,0.012760416666666666,0.003703703703703704,4.72608024691358e-05,6.125,1479.5,2155.0,1455,2151,2336,1,1,1,12.25,2.0,2.0,<4,24.5,4.0,4.0,4-<8,49.0,8.0,8.0,8-<16
22,jet_plane,2237,1056,2319,1143,82,87,7134,0.021354166666666667,0.04027777777777778,0.0008600983796296296,0.9425287356321839,2278.0,1099.5,2237,1056,1521,1017,1017,0,20.5,21.75,20.5,16-32,41.0,43.5,41.0,>32,82.0,87.0,82.0,>32
22,large_tower,3567,910,3634,970,67,60,4020,0.017447916666666667,0.027777777777777776,0.00048466435185185185,1.1166666666666667,3600.5,940.0,3567,910,206,1190,206,0,16.75,15.0,15.0,8-<16,33.5,30.0,30.0,16-32,67.0,60.0,60.0,>32
22,medium_launcher,3817,413,3839,459,22,46,1012,0.005729166666666666,0.021296296296296296,0.00012201003086419753,0.4782608695652174,3828.0,436.0,3817,413,1,1701,1,1,5.5,11.5,5.5,4-<8,11.0,23.0,11.0,8-<16,22.0,46.0,22.0,16-32
22,small_launcher,1766,1605,1789,1634,23,29,667,0.005989583333333334,0.013425925925925926,8.041570216049383e-05,0.7931034482758621,1777.5,1619.5,1766,1605,2051,526,526,0,5.75,7.25,5.75,4-<8,11.5,14.5,11.5,8-<16,23.0,29.0,23.0,16-32
22,tank,720,1279,774,1330,54,51,2754,0.0140625,0.02361111111111111,0.00033203125,1.0588235294117647,747.0,1304.5,720,1279,3066,830,720,0,13.5,12.75,12.75,8-<16,27.0,25.5,25.5,16-32,54.0,51.0,51.0,>32
22,hangar,126,36,312,164,186,128,23808,0.0484375,0.05925925925925926,0.0028703703703703703,1.453125,219.0,100.0,126,36,3528,1996,36,0,46.5,32.0,32.0,16-32,93.0,64.0,64.0,>32,186.0,128.0,128.0,>32
22,ta-ta,960,1699,995,1713,35,14,490,0.009114583333333334,0.006481481481481481,5.907600308641975e-05,2.5,977.5,1706.0,960,1699,2845,447,447,0,8.75,3.5,3.5,<4,17.5,7.0,7.0,4-<8,35.0,14.0,14.0,8-<16
22,medium_plane,593,90,649,139,56,49,2744,0.014583333333333334,0.022685185185185187,0.0003308256172839506,1.1428571428571428,621.0,114.5,593,90,3191,2021,90,0,14.0,12.25,12.25,8-<16,28.0,24.5,24.5,16-32,56.0,49.0,49.0,>32
23,large_launcher,3729,1884,3839,1998,110,114,12540,0.028645833333333332,0.05277777777777778,0.0015118634259259258,0.9649122807017544,3784.0,1941.0,3729,1884,1,162,1,1,27.5,28.5,27.5,16-32,55.0,57.0,55.0,>32,110.0,114.0,110.0,>32
23,jet_plane,2239,1123,2322,1210,83,87,7221,0.021614583333333333,0.04027777777777778,0.0008705873842592592,0.9540229885057471,2280.5,1166.5,2239,1123,1518,950,950,0,20.75,21.75,20.75,16-32,41.5,43.5,41.5,>32,83.0,87.0,83.0,>32
23,large_tower,3579,978,3647,1037,68,59,4012,0.017708333333333333,0.027314814814814816,0.00048369984567901236,1.152542372881356,3613.0,1007.5,3579,978,193,1123,193,0,17.0,14.75,14.75,8-<16,34.0,29.5,29.5,16-32,68.0,59.0,59.0,>32
23,medium_launcher,3830,472,3839,518,9,46,414,0.00234375,0.021296296296296296,4.991319444444445e-05,0.1956521739130435,3834.5,495.0,3830,472,1,1642,1,1,2.25,11.5,2.25,<4,4.5,23.0,4.5,4-<8,9.0,46.0,9.0,8-<16
23,small_launcher,1765,1679,1788,1708,23,29,667,0.005989583333333334,0.013425925925925926,8.041570216049383e-05,0.7931034482758621,1776.5,1693.5,1765,1679,2052,452,452,0,5.75,7.25,5.75,4-<8,11.5,14.5,11.5,8-<16,23.0,29.0,23.0,16-32
23,tank,711,1349,765,1400,54,51,2754,0.0140625,0.02361111111111111,0.00033203125,1.0588235294117647,738.0,1374.5,711,1349,3075,760,711,0,13.5,12.75,12.75,8-<16,27.0,25.5,25.5,16-32,54.0,51.0,51.0,>32
23,hangar,114,89,302,218,188,129,24252,0.04895833333333333,0.059722222222222225,0.0029239004629629628,1.4573643410852712,208.0,153.5,114,89,3538,1942,89,0,47.0,32.25,32.25,>32,94.0,64.5,64.5,>32,188.0,129.0,129.0,>32
23,ta-ta,952,1774,988,1788,36,14,504,0.009375,0.006481481481481481,6.076388888888889e-05,2.5714285714285716,970.0,1781.0,952,1774,2852,372,372,0,9.0,3.5,3.5,<4,18.0,7.0,7.0,4-<8,36.0,14.0,14.0,8-<16
23,medium_plane,584,144,640,193,56,49,2744,0.014583333333333334,0.022685185185185187,0.0003308256172839506,1.1428571428571428,612.0,168.5,584,144,3200,1967,144,0,14.0,12.25,12.25,8-<16,28.0,24.5,24.5,16-32,56.0,49.0,49.0,>32
24,large_launcher,3744,1963,3839,2077,95,114,10830,0.024739583333333332,0.05277777777777778,0.0013057002314814815,0.8333333333333334,3791.5,2020.0,3744,1963,1,83,1,1,23.75,28.5,23.75,16-32,47.5,57.0,47.5,>32,95.0,114.0,95.0,>32
24,jet_plane,2242,1190,2325,1279,83,89,7387,0.021614583333333333,0.0412037037037037,0.000890600887345679,0.9325842696629213,2283.5,1234.5,2242,1190,1515,881,881,0,20.75,22.25,20.75,16-32,41.5,44.5,41.5,>32,83.0,89.0,83.0,>32
24,large_tower,3591,1046,3660,1104,69,58,4002,0.01796875,0.026851851851851852,0.00048249421296296294,1.1896551724137931,3625.5,1075.0,3591,1046,180,1056,180,0,17.25,14.5,14.5,8-<16,34.5,29.0,29.0,16-32,69.0,58.0,58.0,>32
24,small_launcher,1763,1754,1787,1783,24,29,696,0.00625,0.013425925925925926,8.391203703703703e-05,0.8275862068965517,1775.0,1768.5,1763,1754,2053,377,377,0,6.0,7.25,6.0,4-<8,12.0,14.5,12.0,8-<16,24.0,29.0,24.0,16-32
24,tank,702,1420,756,1472,54,52,2808,0.0140625,0.024074074074074074,0.0003385416666666667,1.0384615384615385,729.0,1446.0,702,1420,3084,688,688,0,13.5,13.0,13.0,8-<16,27.0,26.0,26.0,16-32,54.0,52.0,52.0,>32
24,hangar,102,143,291,273,189,130,24570,0.04921875,0.06018518518518518,0.0029622395833333332,1.4538461538461538,196.5,208.0,102,143,3549,1887,102,0,47.25,32.5,32.5,>32,94.5,65.0,65.0,>32,189.0,130.0,130.0,>32
24,ta-ta,945,1851,981,1865,36,14,504,0.009375,0.006481481481481481,6.076388888888889e-05,2.5714285714285716,963.0,1858.0,945,1851,2859,295,295,0,9.0,3.5,3.5,<4,18.0,7.0,7.0,4-<8,36.0,14.0,14.0,8-<16
24,medium_plane,575,199,632,248,57,49,2793,0.01484375,0.022685185185185187,0.0003367332175925926,1.163265306122449,603.5,223.5,575,199,3208,1912,199,0,14.25,12.25,12.25,8-<16,28.5,24.5,24.5,16-32,57.0,49.0,49.0,>32
