frame,class_a,class_b,center_distance,union_width,union_height,fits_L1,fits_L2
0,condor,helicopter,717.2506535375203,590,681,True,False
0,condor,jammer,1241.3405052603416,1327,284,True,False
0,condor,large_launcher,1301.5077794619592,937,1172,False,False
0,condor,mine_roller,942.1200825797102,844,701,True,False
0,condor,small_launcher,1536.6066510333735,1035,1310,False,False
0,condor,small_plane,695.6638915453352,795,181,True,True
0,condor,small_tower,636.5117830802506,207,740,True,False
0,condor,spacecraft,1437.091246233168,1298,904,True,False
0,condor,ta-ta,1991.359460268286,1725,1238,False,False
0,condor,tank,2330.007135182208,1935,1531,False,False
0,helicopter,jammer,861.4088750413476,846,440,True,True
0,helicopter,large_launcher,1327.5891683800376,1361,578,True,False
0,helicopter,mine_roller,1180.6719485106776,363,1220,False,False
0,helicopter,small_launcher,819.7051299095303,554,716,True,False
0,helicopter,small_plane,676.1488371653094,314,700,True,False
0,helicopter,small_tower,362.32754518529225,436,146,True,True
0,helicopter,spacecraft,780.6217073589486,817,310,True,True
0,helicopter,ta-ta,1315.2589098728813,1244,644,True,False
0,helicopter,tank,1637.5351141273277,1454,937,True,False
0,jammer,large_launcher,2187.374053517139,2098,931,False,False
0,jammer,mine_roller,915.8354109773219,536,823,True,False
0,jammer,small_launcher,1071.3786678854494,312,1069,True,False
0,jammer,small_plane,595.0953705079548,573,303,True,True
0,jammer,small_tower,1215.8480579414518,1173,499,True,False
0,jammer,spacecraft,618.4080368171165,70,663,True,False
0,jammer,ta-ta,1045.349821829994,430,997,True,False
0,jammer,tank,1397.8000572327933,640,1290,False,False
0,large_launcher,mine_roller,2226.965031157876,1615,1711,False,False
0,large_launcher,small_launcher,1735.3969286592621,1806,243,True,False
0,large_launcher,small_plane,1849.5097323344908,1566,1191,False,False
0,large_launcher,small_tower,972.4269895472873,978,492,True,False
0,large_launcher,spacecraft,1993.4395526325848,2069,316,False,False
0,large_launcher,ta-ta,2414.4616377155385,2496,171,False,False
0,large_launcher,tank,2644.6941694645907,2706,464,False,False
0,mine_roller,small_launcher,1815.8943388864893,244,1849,False,False
0,mine_roller,small_plane,515.7955021129983,90,568,True,False
0,mine_roller,small_tower,1375.4017594870236,690,1279,False,False
0,mine_roller,spacecraft,1463.188641289974,507,1443,False,False
0,mine_roller,ta-ta,1953.5493978909262,934,1777,False,False
0,mine_roller,tank,2309.340273757854,1144,2070,False,False
0,small_launcher,small_plane,1314.096743013999,281,1329,False,False
0,small_launcher,small_tower,1027.3291828815143,881,630,True,False
0,small_launcher,spacecraft,485.77901354422465,283,454,True,True
0,small_launcher,ta-ta,688.7180119613541,710,91,True,True
0,small_launcher,tank,916.2091737152602,920,251,True,True
0,small_plane,small_tower,921.8790593130967,641,759,True,False
0,small_plane,spacecraft,1009.2739964945099,544,923,True,False
0,small_plane,ta-ta,1540.4701392756692,971,1257,False,False
0,small_plane,tank,1898.1007612874507,1181,1550,False,False
0,small_tower,spacecraft,1110.0941401520863,1144,224,True,False
0,small_tower,ta-ta,1615.469668548438,1571,558,True,False
0,small_tower,tank,1913.5052913436116,1781,851,True,False
0,spacecraft,ta-ta,555.8248375162808,468,382,True,True
0,spacecraft,tank,904.4172156698478,678,675,True,False
0,ta-ta,tank,358.0757601402251,239,312,True,True
1,condor,helicopter,726.0585375849525,595,691,True,False
1,condor,jammer,1250.7573705559364,1337,289,True,False
1,condor,large_launcher,1315.4000342101258,943,1187,False,False
1,condor,mine_roller,951.6623613446105,850,711,True,False
1,condor,small_launcher,1554.3365144009194,1043,1328,False,False
1,condor,small_plane,700.6885898885467,801,183,True,True
1,condor,small_tower,645.6353459964843,210,750,True,False
1,condor,spacecraft,1450.9729494377214,1308,917,True,False
1,condor,ta-ta,2009.580677653923,1737,1255,False,False
1,condor,tank,2361.1953011134,1948,1582,False,False
1,helicopter,jammer,868.5395788333425,852,446,True,True
1,helicopter,large_launcher,1337.0419776506644,1370,584,True,False
1,helicopter,mine_roller,1198.0268152257695,365,1238,False,False
1,helicopter,small_launcher,828.6163165180855,558,725,True,False
1,helicopter,small_plane,685.1003576119341,316,710,True,False
1,helicopter,small_tower,364.3871567440323,439,147,True,True
1,helicopter,spacecraft,786.7823714344393,823,314,True,True
1,helicopter,ta-ta,1325.333354292421,1252,652,True,False
1,helicopter,tank,1659.1284609697948,1463,979,True,False
1,jammer,large_launcher,2203.912940658047,2112,942,False,False
1,jammer,mine_roller,928.5269247577046,540,836,True,False
1,jammer,small_launcher,1084.9239604691197,314,1083,False,False
1,jammer,small_plane,600.4352587914871,577,308,True,True
1,jammer,small_tower,1224.8481538541828,1181,505,True,False
1,jammer,spacecraft,626.3964399643407,70,672,True,False
1,jammer,ta-ta,1057.669371779291,432,1010,True,False
1,jammer,tank,1427.5707513114717,643,1337,False,False
1,large_launcher,mine_roller,2250.2809824553024,1625,1734,False,False
1,large_launcher,small_launcher,1747.1423096015963,1818,246,True,False
1,large_launcher,small_plane,1865.837948483201,1576,1206,False,False
1,large_launcher,small_tower,979.9766578852784,985,497,True,False
1,large_launcher,spacecraft,2007.142309354272,2083,319,False,False
1,large_launcher,ta-ta,2430.0364709197265,2512,173,False,False
1,large_launcher,tank,2664.277763297213,2723,500,False,False
1,mine_roller,small_launcher,1841.9528359868502,246,1875,False,False
1,mine_roller,small_plane,524.2663922091516,90,577,True,False
1,mine_roller,small_tower,1392.985732159522,694,1297,False,False
1,mine_roller,spacecraft,1483.9091110981158,511,1464,False,False
1,mine_roller,ta-ta,1978.5366435828273,940,1802,False,False
1,mine_roller,tank,2351.448170808789,1151,2129,False,False
1,small_launcher,small_plane,1331.6578013889305,283,1347,False,False
1,small_launcher,small_tower,1036.4115977737802,887,638,True,False
1,small_launcher,spacecraft,491.5185652648331,285,460,True,True
1,small_launcher,ta-ta,692.7961460631835,714,92,True,True
1,small_launcher,tank,925.6998703683608,925,284,True,True
1,small_plane,small_tower,931.4056581318367,645,769,True,False
1,small_plane,spacecraft,1021.6741163404307,548,936,True,False
1,small_plane,ta-ta,1557.2295912934612,977,1274,False,False
1,small_plane,tank,1930.7784052034558,1188,1601,False,False
1,small_tower,spacecraft,1117.8893057901573,1152,227,True,False
1,small_tower,ta-ta,1626.717707532564,1581,565,True,False
1,small_tower,tank,1934.1675858104954,1792,892,True,False
1,spacecraft,ta-ta,560.2088896117233,470,387,True,True
1,spacecraft,tank,923.3797972665419,681,714,True,False
1,ta-ta,tank,374.47463198459786,240,346,True,True
2,condor,helicopter,734.8758398532367,599,701,True,False
2,condor,jammer,1260.672241306201,1347,293,True,False
2,condor,large_launcher,1329.7109648340875,949,1203,False,False
2,condor,small_launcher,1572.0814228277109,1051,1346,False,False
2,condor,small_plane,706.2649998407113,807,185,True,True
2,condor,small_tower,654.7589251014452,212,760,True,False
2,condor,spacecraft,1465.149309797469,1318,930,True,False
2,condor,ta-ta,2028.928350139551,1750,1272,False,False
2,condor,tank,2383.55197132347,1962,1603,False,False
2,helicopter,jammer,876.1244203878807,858,451,True,True
2,helicopter,large_launcher,1346.6815696370097,1379,591,True,False
2,helicopter,small_launcher,837.5335814162917,562,734,True,False
2,helicopter,small_plane,694.6993954222214,318,720,True,False
2,helicopter,small_tower,366.44679013466606,441,148,True,True
2,helicopter,spacecraft,793.1015067442503,829,318,True,True
2,helicopter,ta-ta,1336.5340437115697,1261,660,True,False
2,helicopter,tank,1673.1199897198048,1473,991,True,False
2,jammer,large_launcher,2221.1173426903856,2127,953,False,False
2,jammer,small_launcher,1098.603886758098,317,1096,False,False
2,jammer,small_plane,606.000206270592,581,312,True,True
2,jammer,small_tower,1234.316916354953,1189,510,True,False
2,jammer,spacecraft,634.9110173874761,71,680,True,False
2,jammer,ta-ta,1070.6485184223625,435,1022,True,False
2,jammer,tank,1443.5534281764565,647,1353,False,False
2,large_launcher,small_launcher,1758.8380397296391,1831,249,True,False
2,large_launcher,small_plane,1883.188917766882,1587,1222,False,False
2,large_launcher,small_tower,987.7428815233244,992,503,True,False
2,large_launcher,spacecraft,2020.8454295170623,2098,322,False,False
2,large_launcher,ta-ta,2446.6109212541337,2530,175,False,False
2,large_launcher,tank,2682.352931662797,2742,506,False,False
2,small_launcher,small_plane,1349.6170753217373,285,1365,False,False
2,small_launcher,small_tower,1045.5052606276067,893,646,True,False
2,small_launcher,spacecraft,496.8324667330025,288,465,True,True
2,small_launcher,ta-ta,697.8210730552639,720,92,True,True
2,small_launcher,tank,932.1502024888479,932,287,True,True
2,small_plane,small_tower,941.648819889878,649,779,True,False
2,small_plane,spacecraft,1034.7029767039428,552,949,True,False
2,small_plane,ta-ta,1575.105869457669,984,1291,False,False
2,small_plane,tank,1951.7438996958592,1196,1622,False,False
2,small_tower,spacecraft,1125.7638517913072,1160,230,True,False
2,small_tower,ta-ta,1639.0817551299874,1592,572,True,False
2,small_tower,tank,1949.0929300574664,1804,903,True,False
2,spacecraft,ta-ta,565.3762021875345,474,391,True,True
2,spacecraft,tank,931.569911493496,686,722,True,False
2,ta-ta,tank,377.53973300832854,242,349,True,True
3,condor,helicopter,743.7022253563586,604,710,True,False
3,condor,jammer,1270.0206691231447,1357,296,True,False
3,condor,jet_plane,1733.4383461779078,645,1749,False,False
3,condor,large_launcher,1344.7402165474193,955,1218,False,False
3,condor,small_launcher,1589.8408725403935,1059,1363,False,False
3,condor,small_plane,711.289673761682,814,186,True,True
3,condor,small_tower,664.7179853140728,214,770,True,False
3,condor,spacecraft,1479.3419145011744,1328,942,True,False
3,condor,ta-ta,2047.484920579392,1762,1289,False,False
3,condor,tank,2406.24458440949,1976,1623,False,False
3,helicopter,jammer,883.4854271576867,864,457,True,True
3,helicopter,jet_plane,1072.2082353722153,152,1129,False,False
3,helicopter,large_launcher,1356.9754050829367,1388,598,True,False
3,helicopter,small_launcher,846.4567325032036,566,743,True,False
3,helicopter,small_plane,703.6590083271868,321,730,True,False
3,helicopter,small_tower,369.68770604389863,445,150,True,True
3,helicopter,spacecraft,799.4238550356125,835,322,True,True
3,helicopter,ta-ta,1346.852813042316,1269,669,True,False
3,helicopter,tank,1687.3979969171469,1483,1003,True,False
3,jammer,jet_plane,1634.119028712413,784,1496,False,False
3,jammer,large_launcher,2238.728712908288,2141,965,False,False
3,jammer,small_launcher,1112.6358344040516,319,1110,False,False
3,jammer,small_plane,611.1321461026248,586,316,True,True
3,jammer,small_tower,1244.8134398374723,1198,517,True,False
3,jammer,spacecraft,643.8982838927279,71,689,True,False
3,jammer,ta-ta,1083.9100516186757,437,1036,True,False
3,jammer,tank,1460.6623497578078,651,1370,False,False
3,jet_plane,large_launcher,1439.8452173758121,1429,637,True,False
3,jet_plane,small_launcher,585.9321633090302,486,416,True,True
3,jet_plane,small_plane,1740.2018561075033,241,1769,False,False
3,jet_plane,small_tower,1081.4464850375168,486,1039,True,False
3,jet_plane,spacecraft,1075.3269270319608,755,856,True,False
3,jet_plane,ta-ta,1225.9608476619471,1189,479,True,False
3,jet_plane,tank,1350.2157235049517,1403,170,True,False
3,large_launcher,small_launcher,1770.9803076262592,1843,251,True,False
3,large_launcher,small_plane,1900.5605094287316,1598,1238,False,False
3,large_launcher,small_tower,994.8493604561446,998,508,True,False
3,large_launcher,spacecraft,2035.1059554725891,2112,325,False,False
3,large_launcher,ta-ta,2462.6632433201257,2546,177,False,False
3,large_launcher,tank,2700.9232217891717,2760,511,False,False
3,small_launcher,small_plane,1367.1814071292806,288,1383,False,False
3,small_launcher,small_tower,1054.849752334426,900,653,True,False
3,small_launcher,spacecraft,502.1478865832256,290,470,True,True
3,small_launcher,ta-ta,701.8507676137428,724,93,True,True
3,small_launcher,tank,938.7358520904589,938,290,True,True
3,small_plane,small_tower,952.6074742515933,655,790,True,False
3,small_plane,spacecraft,1047.5526239764758,557,962,True,False
3,small_plane,ta-ta,1592.300379953481,991,1309,False,False
3,small_plane,tank,1973.0220475199967,1205,1643,False,False
3,small_tower,spacecraft,1134.4719035745222,1169,232,True,False
3,small_tower,ta-ta,1651.1270393279858,1603,579,True,False
3,small_tower,tank,1964.7078663251696,1817,913,True,False
3,spacecraft,ta-ta,569.7753943441222,476,396,True,True
3,spacecraft,tank,940.1289805127805,690,730,True,False
3,ta-ta,tank,381.5658527698725,244,353,True,True
4,condor,helicopter,752.8474281021355,609,720,True,False
4,condor,jammer,1279.8653249463398,1367,300,True,False
4,condor,jet_plane,1778.6754200809096,650,1820,False,False
4,condor,large_launcher,1359.4918168197999,961,1234,False,False
4,condor,small_launcher,1608.3148012749245,1067,1382,False,False
4,condor,small_plane,716.8662706530416,820,188,True,True
4,condor,small_tower,673.8414130936151,216,780,True,False
4,condor,spacecraft,1493.1383894334779,1337,955,True,False
4,condor,ta-ta,2067.573033776558,1775,1307,False,False
4,condor,tank,2428.9594479941406,1990,1644,False,False
4,helicopter,jammer,890.853523313457,870,463,True,True
4,helicopter,jet_plane,1109.6778811889512,153,1191,False,False
4,helicopter,large_launcher,1367.2754843117755,1398,605,True,False
4,helicopter,small_launcher,855.789839855557,570,753,True,False
4,helicopter,small_plane,713.0922100261648,323,740,True,False
4,helicopter,small_tower,372.237155587671,448,151,True,True
4,helicopter,spacecraft,804.8012176929158,840,326,True,True
4,helicopter,ta-ta,1358.2996723845588,1278,678,True,False
4,helicopter,tank,1701.2716567321047,1493,1015,True,False
4,jammer,jet_plane,1674.8686515664444,789,1563,False,False
4,jammer,large_launcher,2256.3533078842065,2156,977,False,False
4,jammer,small_launcher,1127.1531617309158,321,1125,False,False
4,jammer,small_plane,616.4888482365274,590,320,True,True
4,jammer,small_tower,1254.4793740831294,1206,523,True,False
4,jammer,spacecraft,652.9387413839065,72,698,True,False
4,jammer,ta-ta,1098.0173040530829,440,1050,True,False
4,jammer,tank,1477.571402673996,655,1387,False,False
4,jet_plane,large_launcher,1460.6037279152754,1439,692,True,False
4,jet_plane,small_launcher,607.3403082292497,489,469,True,True
4,jet_plane,small_plane,1787.0496635516317,242,1840,False,False
4,jet_plane,small_tower,1116.7392264982905,489,1100,False,False
4,jet_plane,spacecraft,1103.9510858729204,759,914,True,False
4,jet_plane,ta-ta,1244.4038733465916,1197,532,True,False
4,jet_plane,tank,1361.4933896277278,1412,220,True,False
4,large_launcher,small_launcher,1783.1748371934816,1856,254,True,False
4,large_launcher,small_plane,1918.2586504431565,1609,1254,False,False
4,large_launcher,small_tower,1002.8415876897009,1005,514,True,False
4,large_launcher,spacecraft,2048.3747826020513,2126,328,False,False
4,large_launcher,ta-ta,2479.7381414173556,2564,179,False,False
4,large_launcher,tank,2719.0016550197242,2779,516,False,False
4,small_launcher,small_plane,1385.7295010210325,290,1402,False,False
4,small_launcher,small_tower,1064.657808875697,906,662,True,False
4,small_launcher,spacecraft,507.38175962484104,291,476,True,True
4,small_launcher,ta-ta,706.8756962861293,729,94,True,True
4,small_launcher,tank,944.7065681998829,944,293,True,True
4,small_plane,small_tower,962.8733042306241,659,800,True,False
4,small_plane,spacecraft,1060.3567795794017,560,975,True,False
4,small_plane,ta-ta,1610.9123191533424,998,1327,False,False
4,small_plane,tank,1994.4285522424714,1213,1664,False,False
4,small_tower,spacecraft,1141.8566022053733,1176,235,True,False
4,small_tower,ta-ta,1664.1419711070328,1614,587,True,False
4,small_tower,tank,1979.8712710678944,1829,924,True,False
4,spacecraft,ta-ta,576.0425331518499,480,401,True,True
4,spacecraft,tank,949.0375387728349,695,738,True,False
4,ta-ta,tank,384.36473563530774,245,356,True,True
5,condor,helicopter,762.3917956011857,614,730,True,False
5,condor,jammer,1289.7117895095787,1377,304,True,False
5,condor,jet_plane,1801.6464692053212,656,1844,False,False
5,condor,large_launcher,1374.9619085632883,967,1251,False,False
5,condor,small_launcher,1626.8017703457297,1075,1400,False,False
5,condor,small_plane,722.4430773424298,826,190,True,True
5,condor,small_tower,683.3831282670066,218,790,True,False
5,condor,spacecraft,1507.7740215297517,1347,968,True,False
5,condor,ta-ta,2086.9825107077445,1788,1324,False,False
5,condor,tank,2452.7175234828815,2004,1666,False,False
5,helicopter,jammer,898.4521411850494,876,469,True,True
5,helicopter,jet_plane,1123.2124687698226,155,1205,False,False
5,helicopter,large_launcher,1378.045717674127,1408,612,True,False
5,helicopter,small_launcher,864.7249562722242,574,761,True,False
5,helicopter,small_plane,723.0001728907124,325,750,True,False
5,helicopter,small_tower,375.27623159480805,452,151,True,True
5,helicopter,spacecraft,810.9705605014278,846,329,True,True
5,helicopter,ta-ta,1368.8517998673194,1287,685,True,False
5,helicopter,tank,1715.85153786684,1503,1027,True,False
5,jammer,jet_plane,1694.3655154658927,794,1583,False,False
5,jammer,large_launcher,2274.649698305214,2171,990,False,False
5,jammer,small_launcher,1141.6735522906713,323,1139,False,False
5,jammer,small_plane,621.8508663658836,594,324,True,True
5,jammer,small_tower,1264.8023561015373,1215,529,True,False
5,jammer,spacecraft,661.9259777346708,72,707,True,False
5,jammer,ta-ta,1111.480319213975,443,1063,True,False
5,jammer,tank,1495.607986739841,659,1405,False,False
5,jet_plane,large_launcher,1472.6008454431908,1450,700,True,False
5,jet_plane,small_launcher,612.5895852852871,492,474,True,True
5,jet_plane,small_plane,1810.4767327971933,243,1864,False,False
5,jet_plane,small_tower,1130.2833715489228,494,1113,False,False
5,jet_plane,spacecraft,1114.9208492085884,764,925,True,False
5,jet_plane,ta-ta,1253.1919246468196,1205,538,True,False
5,jet_plane,tank,1370.1110356463814,1421,222,True,False
5,large_launcher,small_launcher,1795.815204858228,1869,256,True,False
5,large_launcher,small_plane,1936.6807300120481,1620,1271,False,False
5,large_launcher,small_tower,1010.84185212129,1012,520,True,False
5,large_launcher,spacecraft,2063.194670892691,2141,332,False,False
5,large_launcher,ta-ta,2496.766358712805,2582,180,False,False
5,large_launcher,tank,2738.149831546842,2798,522,False,False
5,small_launcher,small_plane,1404.2791745233567,292,1420,False,False
5,small_launcher,small_tower,1074.5931788356002,913,669,True,False
5,small_launcher,spacecraft,513.132049281664,293,481,True,True
5,small_launcher,ta-ta,711.4520363313327,734,94,True,True
5,small_launcher,tank,951.4311588338907,950,296,True,True
5,small_plane,small_tower,973.8534283966967,664,810,True,False
5,small_plane,spacecraft,1073.659396643088,564,988,True,False
5,small_plane,ta-ta,1628.8413059595462,1005,1344,False,False
5,small_plane,tank,2016.9584155356301,1221,1686,False,False
5,small_tower,spacecraft,1150.645471029196,1185,237,True,False
5,small_tower,ta-ta,1676.8352632265342,1626,593,True,False
5,small_tower,tank,1996.16438451346,1842,935,True,False
5,spacecraft,ta-ta,580.839478685807,483,405,True,True
5,spacecraft,tank,958.3403622930634,699,747,True,False
5,ta-ta,tank,388.9694718098067,247,360,True,True
6,condor,helicopter,771.9438127221437,619,740,True,False
6,condor,jammer,1300.7025985981577,1389,309,True,False
6,condor,jet_plane,1825.427758088498,662,1868,False,False
6,condor,large_launcher,1390.1583542891794,973,1267,False,False
6,condor,large_tower,1985.9865306693296,760,1977,False,False
6,condor,small_launcher,1646.4016065346875,1084,1419,False,False
6,condor,small_plane,728.5169867614619,833,192,True,True
6,condor,small_tower,693.4949531179012,220,801,True,False
6,condor,spacecraft,1523.280998371607,1358,982,True,False
6,condor,ta-ta,2108.1045989229283,1802,1343,False,False
6,condor,tank,2476.884383656209,2019,1688,False,False
6,helicopter,jammer,906.5037231032204,883,475,True,True
6,helicopter,jet_plane,1137.7180010881432,156,1220,False,False
6,helicopter,large_launcher,1388.3574827831628,1417,619,True,False
6,helicopter,large_tower,1692.9796956845053,1204,1329,False,False
6,helicopter,small_launcher,874.7691123948078,578,771,True,False
6,helicopter,small_plane,733.0833854344265,327,761,True,False
6,helicopter,small_tower,377.9272416749023,454,153,True,True
6,helicopter,spacecraft,817.6235380662667,852,334,True,True
6,helicopter,ta-ta,1380.9910390730274,1296,695,True,False
6,helicopter,tank,1730.8577353439537,1513,1040,True,False
6,jammer,jet_plane,1714.5277046463846,801,1603,False,False
6,jammer,large_launcher,2293.0129742328104,2187,1002,False,False
6,jammer,large_tower,2556.4231359460036,1974,1712,False,False
6,jammer,small_launcher,1156.3260785781838,326,1154,False,False
6,jammer,small_plane,628.1140421929763,599,330,True,True
6,jammer,small_tower,1275.4042496400896,1224,536,True,False
6,jammer,spacecraft,671.465747451052,74,717,True,False
6,jammer,ta-ta,1125.4147013434647,446,1078,True,False
6,jammer,tank,1512.5371069828336,663,1423,False,False
6,jet_plane,large_launcher,1484.1065494094419,1460,708,True,False
6,jet_plane,large_tower,1189.5713513698959,1247,185,True,False
6,jet_plane,small_launcher,618.5695191326517,496,479,True,True
6,jet_plane,small_plane,1835.0020435955923,245,1889,False,False
6,jet_plane,small_tower,1143.913130443042,497,1127,False,False
6,jet_plane,spacecraft,1125.8279175788812,770,935,True,False
6,jet_plane,ta-ta,1263.1684369077625,1214,544,True,False
6,jet_plane,tank,1379.8406610909826,1431,225,True,False
6,large_launcher,large_tower,769.0736310653226,269,817,True,False
6,large_launcher,small_launcher,1808.56089198014,1882,259,True,False
6,large_launcher,small_plane,1955.1248681350253,1631,1288,False,False
6,large_launcher,small_tower,1018.6326619542493,1018,526,True,False
6,large_launcher,spacecraft,2077.3344097665163,2156,334,False,False
6,large_launcher,ta-ta,2514.3651783303076,2600,183,False,False
6,large_launcher,tank,2757.3001287491356,2817,528,False,False
6,large_tower,small_launcher,1723.9867313874547,1669,588,True,False
6,large_tower,small_plane,2390.069559657208,1418,1998,False,False
6,large_tower,small_tower,1408.9000141954716,805,1236,False,False
6,large_tower,spacecraft,2144.384410501065,1943,1044,False,False
6,large_tower,ta-ta,2426.833842684744,2387,653,False,False
6,large_tower,tank,2569.398032613865,2604,334,False,False
6,small_launcher,small_plane,1423.8132777861008,294,1440,False,False
6,small_launcher,small_tower,1084.8271751758434,919,678,True,False
6,small_launcher,spacecraft,518.2000096487842,295,486,True,True
6,small_launcher,ta-ta,716.4769710186085,739,95,True,True
6,small_launcher,tank,957.8854315626687,956,299,True,True
6,small_plane,small_tower,985.2325867529961,668,822,True,False
6,small_plane,spacecraft,1088.0413595079922,568,1003,True,False
6,small_plane,ta-ta,1648.2918430909012,1012,1364,False,False
6,small_plane,tank,2039.5080902021448,1229,1709,False,False
6,small_tower,spacecraft,1159.1023466458862,1193,241,True,False
6,small_tower,ta-ta,1690.3379100049788,1637,602,True,False
6,small_tower,tank,2012.2466300133292,1854,947,True,False
6,spacecraft,ta-ta,586.4094132941592,487,410,True,True
6,spacecraft,tank,966.8951597769016,704,755,True,False
6,ta-ta,tank,392.0411330460109,248,364,True,True
7,condor,helicopter,781.5921250882714,624,752,True,False
7,condor,jammer,1310.5535090182316,1399,313,True,False
7,condor,jet_plane,1849.6908525480683,667,1894,False,False
7,condor,large_launcher,1406.0733444596694,979,1285,False,False
7,condor,large_tower,2030.192109136473,765,2045,False,False
7,condor,small_launcher,1666.2211737941634,1092,1440,False,False
7,condor,small_plane,734.0941697084918,839,195,True,True
7,condor,small_tower,703.5312715153464,222,812,True,False
7,condor,spacecraft,1538.2335648398782,1368,996,True,False
7,condor,ta-ta,2128.042821467651,1814,1362,False,False
7,condor,tank,2501.008446607088,2033,1711,False,False
7,helicopter,jammer,914.7886367899417,890,482,True,True
7,helicopter,jet_plane,1152.2510577126843,158,1236,False,False
7,helicopter,large_launcher,1398.6750873594624,1427,627,True,False
7,helicopter,large_tower,1724.7139617919256,1213,1387,False,False
7,helicopter,small_launcher,884.9351671167781,583,782,True,False
7,helicopter,small_plane,743.6403700714479,330,773,True,False
7,helicopter,small_tower,380.47667471213003,458,154,True,True
7,helicopter,spacecraft,824.2707382893075,859,338,True,True
7,helicopter,ta-ta,1392.0229883159257,1305,704,True,False
7,helicopter,tank,1745.874709135796,1524,1053,True,False
7,jammer,jet_plane,1735.6129320790394,806,1624,False,False
7,jammer,large_launcher,2311.5372049785396,2202,1015,False,False
7,jammer,large_tower,2594.221752279477,1988,1775,False,False
7,jammer,small_launcher,1172.9128271103527,329,1170,False,False
7,jammer,small_plane,633.4881608996335,603,334,True,True
7,jammer,small_tower,1285.9289443822315,1233,542,True,False
7,jammer,spacecraft,680.9522743922661,74,726,True,False
7,jammer,ta-ta,1140.1044908252927,448,1092,False,False
7,jammer,tank,1531.0490684494732,667,1441,False,False
7,jet_plane,large_launcher,1496.075031540865,1470,717,True,False
7,jet_plane,large_tower,1200.116765152458,1256,228,True,False
7,jet_plane,small_launcher,623.4831593555675,499,484,True,True
7,jet_plane,small_plane,1859.9748654215734,246,1915,False,False
7,jet_plane,small_tower,1158.19903298181,501,1141,False,False
7,jet_plane,spacecraft,1137.9052025542373,775,947,True,False
7,jet_plane,ta-ta,1271.9663910654244,1221,550,True,False
7,jet_plane,tank,1389.0752319439002,1440,228,True,False
7,large_launcher,large_tower,798.2043911179642,272,868,True,False
7,large_launcher,small_launcher,1820.86414924343,1895,263,True,False
7,large_launcher,small_plane,1973.9009600281368,1642,1306,False,False
7,large_launcher,small_tower,1026.647213019156,1025,532,True,False
7,large_launcher,spacecraft,2092.1558856834736,2171,338,False,False
7,large_launcher,ta-ta,2530.9421170781443,2617,185,False,False
7,large_launcher,tank,2776.4525027451846,2836,534,False,False
7,large_tower,small_launcher,1742.4916068664434,1681,635,True,False
7,large_tower,small_plane,2433.4219219033926,1428,2066,False,False
7,large_tower,small_tower,1441.43270741301,811,1292,False,False
7,large_tower,spacecraft,2171.474729302646,1957,1098,False,False
7,large_tower,ta-ta,2448.568204073556,2403,701,False,False
7,large_tower,tank,2589.1634266689307,2622,379,False,False
7,small_launcher,small_plane,1444.2410636732359,296,1461,False,False
7,small_launcher,small_tower,1095.251226888151,926,687,True,False
7,small_launcher,spacecraft,525.5021408139077,298,493,True,True
7,small_launcher,ta-ta,721.1034946524667,744,96,True,True
7,small_launcher,tank,964.6845339280609,963,301,True,False
7,small_plane,small_tower,996.6235497919964,673,833,True,False
7,small_plane,spacecraft,1101.8000045380286,572,1017,True,False
7,small_plane,ta-ta,1667.172756495259,1018,1383,False,False
7,small_plane,tank,2062.485030248705,1237,1732,False,False
7,small_tower,spacecraft,1167.8943659423999,1202,243,True,False
7,small_tower,ta-ta,1702.906485982128,1648,609,True,False
7,small_tower,tank,2028.561312852042,1867,958,True,False
7,spacecraft,ta-ta,591.4780215696945,489,415,True,True
7,spacecraft,tank,976.2147560859752,708,764,True,False
7,ta-ta,tank,396.06880715350457,250,367,True,True
8,condor,helicopter,791.8618882103116,630,762,True,False
8,condor,jammer,1321.3936771454598,1411,317,True,False
8,condor,jet_plane,1874.1038525119145,673,1919,False,False
8,condor,large_launcher,1422.0078234665236,986,1302,False,False
8,condor,large_tower,2054.3741747792683,769,2070,False,False
8,condor,small_launcher,1685.5540632088903,1100,1459,False,False
8,condor,small_plane,739.7278215668247,846,197,True,True
8,condor,small_tower,714.1374167483455,225,823,True,False
8,condor,spacecraft,1553.7786200099422,1379,1010,True,False
8,condor,ta-ta,2149.211076185864,1828,1380,False,False
8,condor,tank,2525.861684653378,2048,1734,False,False
8,helicopter,jammer,923.0839615116276,897,489,True,True
8,helicopter,jet_plane,1166.7566155801303,159,1251,False,False
8,helicopter,large_launcher,1409.924288747449,1438,634,True,False
8,helicopter,large_tower,1740.9758757662325,1221,1402,False,False
8,helicopter,small_launcher,894.0062919241676,586,791,True,False
8,helicopter,small_plane,754.3374576408095,332,784,True,False
8,helicopter,small_tower,383.6176481863159,462,155,True,True
8,helicopter,spacecraft,830.2982897730188,865,342,True,True
8,helicopter,ta-ta,1403.5072140890477,1314,712,True,False
8,helicopter,tank,1760.7725577143688,1534,1066,True,False
8,jammer,jet_plane,1756.926008686763,812,1646,False,False
8,jammer,large_launcher,2330.9895967163816,2219,1029,False,False
8,jammer,large_tower,2618.590651476477,2002,1797,False,False
8,jammer,small_launcher,1188.6636403962225,332,1186,False,False
8,jammer,small_plane,639.9851560778578,609,339,True,True
8,jammer,small_tower,1297.1154536123606,1243,550,True,False
8,jammer,spacecraft,691.4906000807241,76,737,True,False
8,jammer,ta-ta,1154.9867964613275,451,1107,False,False
8,jammer,tank,1549.824506194169,671,1461,False,False
8,jet_plane,large_launcher,1508.5047232276072,1481,726,True,False
8,jet_plane,large_tower,1208.1142330094451,1264,229,True,False
8,jet_plane,small_launcher,629.0931965933188,501,490,True,True
8,jet_plane,small_plane,1885.3965100211678,247,1941,False,False
8,jet_plane,small_tower,1172.0249570721605,505,1155,False,False
8,jet_plane,spacecraft,1148.9000174079554,780,958,True,False
8,jet_plane,ta-ta,1281.6881445968047,1229,556,True,False
8,jet_plane,tank,1398.250692830152,1449,231,True,False
8,large_launcher,large_tower,806.9352514297539,275,877,True,False
8,large_launcher,small_launcher,1833.559720870853,1908,266,True,False
8,large_launcher,small_plane,1993.0124184259364,1654,1324,False,False
8,large_launcher,small_tower,1034.8990288912248,1033,538,True,False
8,large_launcher,spacecraft,2106.85411217768,2187,341,False,False
8,large_launcher,ta-ta,2549.017850074809,2636,187,False,False
8,large_launcher,tank,2796.182844522153,2856,541,False,False
8,large_tower,small_launcher,1754.3991136568668,1691,641,True,False
8,large_tower,small_plane,2459.6788408245498,1437,2092,False,False
8,large_tower,small_tower,1455.7226727642872,816,1306,False,False
8,large_tower,spacecraft,2187.7182748242517,1970,1109,False,False
8,large_tower,ta-ta,2465.727174689041,2419,707,False,False
8,large_tower,tank,2606.3424563936337,2639,382,False,False
8,small_launcher,small_plane,1464.2712351200512,298,1481,False,False
8,small_launcher,small_tower,1104.8073361450856,932,695,True,False
8,small_launcher,spacecraft,530.8281266097342,300,498,True,True
8,small_launcher,ta-ta,726.6259354028041,749,96,True,True
8,small_launcher,tank,971.8946702189492,969,305,True,False
8,small_plane,small_tower,1008.4971492275027,678,845,True,False
8,small_plane,spacecraft,1116.884618033573,577,1032,True,False
8,small_plane,ta-ta,1687.3614017157083,1026,1402,False,False
8,small_plane,tank,2086.587884561779,1246,1756,False,False
8,small_tower,spacecraft,1176.2755842063543,1211,246,True,False
8,small_tower,ta-ta,1716.2575564291042,1660,616,True,False
8,small_tower,tank,2044.8869161887658,1880,970,True,False
8,spacecraft,ta-ta,597.0563206264547,493,419,True,True
8,spacecraft,tank,985.5147132336483,713,773,True,False
8,ta-ta,tank,399.99062489013414,251,371,True,True
9,condor,helicopter,779.0728464014132,634,716,True,False
9,condor,jammer,1327.672399351587,1421,265,True,False
9,condor,jet_plane,1871.9300200595108,678,1888,False,False
9,condor,large_launcher,1415.4462193951417,992,1262,False,False
9,condor,large_tower,2052.327946503677,774,2039,False,False
9,condor,small_launcher,1683.2017110257464,1108,1423,False,False
9,condor,small_tower,695.9312106810557,226,777,True,False
9,condor,spacecraft,1552.6791362029696,1389,967,True,False
9,condor,ta-ta,2153.316511802201,1841,1343,False,False
9,condor,tank,2533.0860624937322,2063,1701,False,False
9,helicopter,jammer,931.3766692375325,903,495,True,True
9,helicopter,jet_plane,1182.2607580394438,160,1267,False,False
9,helicopter,large_launcher,1420.9048173611068,1447,641,True,False
9,helicopter,large_tower,1757.6275202670217,1229,1418,False,False
9,helicopter,small_launcher,904.8881146307536,590,802,True,False
9,helicopter,small_tower,386.65650130315925,465,156,True,True
9,helicopter,spacecraft,837.1122983208406,871,346,True,True
9,helicopter,ta-ta,1415.6766933166625,1323,722,True,False
9,helicopter,tank,1777.0752657104877,1545,1080,True,False
9,jammer,jet_plane,1778.4633816865614,818,1667,False,False
9,jammer,large_launcher,2350.2497739602063,2234,1041,False,False
9,jammer,large_tower,2643.0179719404105,2016,1818,False,False
9,jammer,small_launcher,1204.7713476008632,334,1202,False,False
9,jammer,small_tower,1308.19312412197,1252,556,True,False
9,jammer,spacecraft,700.5044610850098,76,746,True,False
9,jammer,ta-ta,1169.4109628355636,453,1122,False,False
9,jammer,tank,1568.8151580093813,675,1480,False,False
9,jet_plane,large_launcher,1520.6978661127923,1491,734,True,False
9,jet_plane,large_tower,1216.0476964329976,1273,229,True,False
9,jet_plane,small_launcher,635.0826717837608,505,495,True,True
9,jet_plane,small_tower,1187.2452358295652,509,1170,False,False
9,jet_plane,spacecraft,1161.6989713346568,786,970,True,False
9,jet_plane,ta-ta,1292.0719794191034,1238,563,True,False
9,jet_plane,tank,1408.4193267631626,1460,233,True,False
9,large_launcher,large_tower,815.5599303545999,277,885,True,False
9,large_launcher,small_launcher,1846.8611209292376,1921,269,False,False
9,large_launcher,small_tower,1043.1472810682105,1039,544,True,False
9,large_launcher,spacecraft,2122.1735320185294,2202,344,False,False
9,large_launcher,ta-ta,2567.0940769671843,2654,189,False,False
9,large_launcher,tank,2816.492322020424,2876,547,False,False
9,large_tower,small_launcher,1766.9119955447695,1703,646,True,False
9,large_tower,small_tower,1470.8756745558069,821,1321,False,False
9,large_tower,spacecraft,2205.3259396288795,1984,1121,False,False
9,large_tower,ta-ta,2483.3690825167328,2436,714,False,False
9,large_tower,tank,2624.45137123933,2658,384,False,False
9,small_launcher,small_tower,1116.3602689096383,939,705,True,False
9,small_launcher,spacecraft,537.8852108024537,302,505,True,True
9,small_launcher,ta-ta,731.7513238799094,754,98,True,True
9,small_launcher,tank,978.9693560066116,976,308,True,False
9,small_tower,spacecraft,1185.645499295637,1220,249,True,False
9,small_tower,ta-ta,1730.423719786573,1672,625,True,False
9,small_tower,tank,2062.792100527826,1894,983,True,False
9,spacecraft,ta-ta,602.9050505676661,496,425,True,True
9,spacecraft,tank,995.9279592420327,718,783,True,False
9,ta-ta,tank,404.6047453997543,253,376,True,True
10,condor,helicopter,757.6915599371554,640,645,True,False
10,condor,jammer,1333.4618479731619,1433,187,True,False
10,condor,jet_plane,1858.6119148439784,684,1832,False,False
10,condor,large_launcher,1399.4246139038717,999,1198,False,False
10,condor,large_tower,2039.0841081230562,778,1983,False,False
10,condor,small_launcher,1670.8854688457855,1117,1361,False,False
10,condor,small_tower,667.0489112501422,229,707,True,False
10,condor,spacecraft,1546.0893408855777,1400,900,True,False
10,condor,ta-ta,2151.6288016291287,1856,1281,False,False
10,condor,tank,2532.4630303323283,2078,1643,False,False
10,helicopter,jammer,940.1324374788906,911,502,True,True
10,helicopter,jet_plane,1197.7922399147526,162,1283,False,False
10,helicopter,large_launcher,1432.082836291253,1458,649,True,False
10,helicopter,large_tower,1774.3473448003353,1237,1434,False,False
10,helicopter,small_launcher,914.9596985660079,595,812,True,False
10,helicopter,small_tower,389.4114148301254,469,158,True,True
10,helicopter,spacecraft,844.2578101504303,878,351,True,True
10,helicopter,ta-ta,1428.532813763828,1334,732,True,False
10,helicopter,tank,1792.696990570353,1556,1094,False,False
10,jammer,jet_plane,1800.698267339645,824,1689,False,False
10,jammer,large_launcher,2370.139922029921,2251,1055,False,False
10,jammer,large_tower,2668.091546405408,2030,1840,False,False
10,jammer,small_launcher,1220.8813414906463,337,1218,False,False
10,jammer,small_tower,1319.5879091595225,1262,564,True,False
10,jammer,spacecraft,711.5154601271852,77,757,True,False
10,jammer,ta-ta,1185.4218658351128,457,1138,False,False
10,jammer,tank,1588.0732036024033,679,1500,False,False
10,jet_plane,large_launcher,1533.141219848974,1502,742,True,False
10,jet_plane,large_tower,1224.0458528993104,1281,229,True,False
10,jet_plane,small_launcher,641.4117242458233,508,501,True,True
10,jet_plane,small_tower,1201.5417179607207,513,1184,False,False
10,jet_plane,spacecraft,1173.413183835941,791,981,True,False
10,jet_plane,ta-ta,1302.2608225697338,1247,569,True,False
10,jet_plane,tank,1417.6569578004405,1469,236,True,False
10,large_launcher,large_tower,824.2907557409582,280,893,True,False
10,large_launcher,small_launcher,1860.001344085536,1935,271,False,False
10,large_launcher,small_tower,1051.6313517578296,1047,550,True,False
10,large_launcher,spacecraft,2137.4312854452187,2218,347,False,False
10,large_launcher,ta-ta,2585.670174248835,2674,191,False,False
10,large_launcher,tank,2836.144610205904,2896,553,False,False
10,large_tower,small_launcher,1779.4629105435156,1714,652,True,False
10,large_tower,small_tower,1485.6110695602667,826,1335,False,False
10,large_tower,spacecraft,2222.261517013693,1997,1132,False,False
10,large_tower,ta-ta,2501.0122950517457,2453,720,False,False
10,large_tower,tank,2641.692828471925,2675,387,False,False
10,small_launcher,small_tower,1126.3367613640248,946,713,True,False
10,small_launcher,spacecraft,543.2149666568475,304,510,True,True
10,small_launcher,ta-ta,737.2233379376971,760,98,True,True
10,small_launcher,tank,985.703429029239,982,312,True,False
10,small_tower,spacecraft,1194.524173049671,1229,252,True,False
10,small_tower,ta-ta,1744.4283447593943,1685,633,True,False
10,small_tower,tank,2079.140748001443,1907,995,True,False
10,spacecraft,ta-ta,608.815448227129,500,430,True,True
10,spacecraft,tank,1004.9060901397702,722,792,True,False
10,ta-ta,tank,407.846171981545,254,380,True,True
11,helicopter,jammer,948.4530826561744,917,509,True,True
11,helicopter,jet_plane,1213.7956994486347,163,1300,False,False
11,helicopter,large_launcher,1443.7310171912218,1468,658,True,False
11,helicopter,large_tower,1791.403988496174,1245,1450,False,False
11,helicopter,small_launcher,925.856630369951,599,823,True,False
11,helicopter,small_tower,392.5534995385979,472,159,True,True
11,helicopter,spacecraft,851.2433553338317,884,356,True,True
11,helicopter,ta-ta,1440.9594893681085,1343,742,True,False
11,helicopter,tank,1809.0287449346956,1567,1108,False,False
11,jammer,jet_plane,1823.396624434739,830,1712,False,False
11,jammer,large_launcher,2390.0470706661827,2267,1070,False,False
11,jammer,large_tower,2693.187331026195,2044,1862,False,False
11,jammer,small_launcher,1237.8353081084738,339,1235,False,False
11,jammer,small_tower,1330.7986324008602,1271,571,True,False
11,jammer,spacecraft,722.0006925204435,77,768,True,False
11,jammer,ta-ta,1201.4399693700889,460,1154,False,False
11,jammer,tank,1608.2021794538148,684,1520,False,False
11,jet_plane,large_launcher,1545.8031084196978,1513,752,True,False
11,jet_plane,large_tower,1231.9806207891422,1290,229,True,False
11,jet_plane,small_launcher,647.7565128966285,512,507,True,True
11,jet_plane,small_tower,1216.7704179507325,517,1199,False,False
11,jet_plane,spacecraft,1186.2290040291546,797,994,True,False
11,jet_plane,ta-ta,1312.653895739467,1256,576,True,False
11,jet_plane,tank,1427.8883009535446,1480,239,True,False
11,large_launcher,large_tower,833.0216083631925,283,902,True,False
11,large_launcher,small_launcher,1873.7479152756914,1949,275,False,False
11,large_launcher,small_tower,1060.3442837116631,1054,557,True,False
11,large_launcher,spacecraft,2153.248708347459,2234,352,False,False
11,large_launcher,ta-ta,2604.2467241027684,2693,194,False,False
11,large_launcher,tank,2856.8686091593363,2917,560,False,False
11,large_tower,small_launcher,1792.1471061271727,1726,657,True,False
11,large_tower,small_tower,1500.7841283808941,831,1349,False,False
11,large_tower,spacecraft,2239.883255886342,2011,1144,False,False
11,large_tower,ta-ta,2518.656784875621,2470,726,False,False
11,large_tower,tank,2659.864141267369,2694,389,False,False
11,small_launcher,small_tower,1137.614279973665,953,722,True,False
11,small_launcher,spacecraft,549.8465695082583,306,517,True,True
11,small_launcher,ta-ta,742.2986258912244,765,99,True,True
11,small_launcher,tank,992.7811944230209,989,315,True,False
11,small_tower,spacecraft,1203.8978361970753,1238,255,True,False
11,small_tower,ta-ta,1758.6110997033995,1697,641,True,False
11,small_tower,tank,2096.8450705762693,1921,1007,False,False
11,spacecraft,ta-ta,614.677964465947,503,436,True,True
11,spacecraft,tank,1014.9690881992417,727,802,True,False
11,ta-ta,tank,412.0403499658741,256,384,True,True
12,helicopter,jammer,953.7622869457567,925,500,True,True
12,helicopter,jet_plane,1229.327153364799,165,1316,False,False
12,helicopter,large_launcher,1455.193629727673,1479,665,True,False
12,helicopter,large_tower,1808.794142515947,1254,1466,False,False
12,helicopter,small_launcher,936.0658363598151,604,833,True,False
12,helicopter,small_tower,394.99936708810054,476,159,True,True
12,helicopter,spacecraft,857.5944554391662,891,359,True,True
12,helicopter,ta-ta,1453.3977432210359,1353,751,True,False
12,helicopter,tank,1824.678053794696,1578,1121,False,False
12,jammer,jet_plane,1838.859768987293,836,1719,False,False
12,jammer,large_launcher,2407.093890981405,2284,1068,False,False
12,jammer,large_tower,2714.0037306532945,2059,1869,False,False
12,jammer,small_launcher,1247.3007856968584,343,1236,False,False
12,jammer,small_tower,1338.699742287269,1281,562,True,False
12,jammer,spacecraft,724.5503778206178,79,762,True,False
12,jammer,ta-ta,1210.2737293686912,463,1154,False,False
12,jammer,tank,1620.6025114135791,688,1524,False,False
12,jet_plane,large_launcher,1558.9247095353899,1524,761,True,False
12,jet_plane,large_tower,1240.971393707365,1299,230,True,False
12,jet_plane,small_launcher,653.3911539039996,515,513,True,True
12,jet_plane,small_tower,1232.4683565917626,521,1215,False,False
12,jet_plane,spacecraft,1198.4341867620433,802,1006,True,False
12,jet_plane,ta-ta,1322.3926232401632,1264,582,True,False
12,jet_plane,tank,1437.1284737280798,1489,242,True,False
12,large_launcher,large_tower,842.1349357436728,285,911,True,False
12,large_launcher,small_launcher,1886.9987413880276,1963,278,False,False
12,large_launcher,small_tower,1069.7364161324977,1062,564,True,False
12,large_launcher,spacecraft,2168.571246235641,2250,355,False,False
12,large_launcher,ta-ta,2622.84892816952,2712,196,False,False
12,large_launcher,tank,2877.102101073231,2937,566,False,False
12,large_tower,small_launcher,1805.0024930730706,1738,663,True,False
12,large_tower,small_tower,1517.3382121333398,837,1365,False,False
12,large_tower,spacecraft,2257.755190449133,2025,1156,False,False
12,large_tower,ta-ta,2536.7836427255675,2487,732,False,False
12,large_tower,tank,2678.0980657922146,2712,392,False,False
12,small_launcher,small_tower,1148.4007358061035,960,732,True,False
12,small_launcher,spacecraft,556.4822548832982,309,523,True,True
12,small_launcher,ta-ta,747.8210013098054,771,99,True,True
12,small_launcher,tank,999.8601152161236,996,318,True,False
12,small_tower,spacecraft,1212.3717457941684,1247,258,True,False
12,small_tower,ta-ta,1772.6783408165172,1709,650,True,False
12,small_tower,tank,2113.900778182363,1934,1020,False,False
12,spacecraft,ta-ta,621.25377262436,507,441,True,True
12,spacecraft,tank,1025.0410967371015,732,811,True,False
12,ta-ta,tank,415.5490344111029,257,387,True,True
13,helicopter,jet_plane,1245.8299442540301,166,1333,False,False
13,helicopter,large_launcher,1467.3163428518064,1490,673,True,False
13,helicopter,large_tower,1826.256622164585,1262,1483,False,False
13,helicopter,small_launcher,947.8027220893597,608,845,True,False
13,helicopter,small_tower,398.2452134050075,479,161,True,True
13,helicopter,spacecraft,865.2255486287954,898,364,True,True
13,helicopter,ta-ta,1465.8472805855322,1362,761,True,False
13,helicopter,tank,1842.0228690219892,1589,1136,False,False
13,jet_plane,large_launcher,1572.2674708840095,1536,770,True,False
13,jet_plane,large_tower,1248.9075225972497,1308,230,True,False
13,jet_plane,small_launcher,659.3930921688519,519,518,True,True
13,jet_plane,small_tower,1247.7058948325923,525,1230,False,False
13,jet_plane,spacecraft,1211.576865081205,809,1018,True,False
13,jet_plane,ta-ta,1332.997561888243,1273,589,True,False
13,jet_plane,tank,1447.79573835538,1500,244,True,False
13,large_launcher,large_tower,851.4605099474667,289,920,True,False
13,large_launcher,small_launcher,1901.355897774007,1978,282,False,False
13,large_launcher,small_tower,1078.6867015032678,1070,570,True,False
13,large_launcher,spacecraft,2185.318855453364,2268,358,False,False
13,large_launcher,ta-ta,2641.9259073637927,2732,198,False,False
13,large_launcher,tank,2898.9864608169523,2959,573,False,False
13,large_tower,small_launcher,1817.518156718111,1750,668,True,False
13,large_tower,small_tower,1532.529934454789,842,1380,False,False
13,large_tower,spacecraft,2275.82787134704,2040,1168,False,False
13,large_tower,ta-ta,2554.5669887477993,2504,739,False,False
13,large_tower,tank,2696.7028942766387,2731,394,False,False
13,small_launcher,small_tower,1160.002693962389,967,742,True,False
13,small_launcher,spacecraft,563.8033788476263,312,530,True,True
13,small_launcher,ta-ta,752.9988379805111,776,101,True,True
13,small_launcher,tank,1007.4200960870296,1003,321,True,False
13,small_tower,spacecraft,1222.2424063989924,1257,261,True,False
13,small_tower,ta-ta,1786.7066071406352,1721,658,True,False
13,small_tower,tank,2132.304504520872,1948,1033,False,False
13,spacecraft,ta-ta,626.4263723694909,510,446,True,True
13,spacecraft,tank,1035.495050688317,737,821,True,False
13,ta-ta,tank,420.8610221914118,259,392,True,True
14,helicopter,jet_plane,1262.886376520073,168,1352,False,False
14,helicopter,large_launcher,1478.719462913774,1500,682,True,False
14,helicopter,large_tower,1844.8204519681583,1271,1501,False,False
14,helicopter,medium_launcher,2328.402993469988,1498,1908,False,False
14,helicopter,small_launcher,959.419746513485,613,857,True,False
14,helicopter,small_tower,401.3879046508502,483,163,True,True
14,helicopter,spacecraft,872.6926721360734,905,369,True,True
14,helicopter,ta-ta,1479.4249727512376,1373,772,True,False
14,helicopter,tank,1859.3840377931613,1601,1152,False,False
14,jet_plane,large_launcher,1585.6185701485713,1547,780,True,False
14,jet_plane,large_tower,1258.3952081917669,1318,231,True,False
14,jet_plane,medium_launcher,1595.9650685400354,1545,638,True,False
14,jet_plane,small_launcher,665.7456346082939,522,525,True,True
14,jet_plane,small_tower,1264.2433507833846,530,1247,False,False
14,jet_plane,spacecraft,1224.899383622998,814,1032,True,False
14,jet_plane,ta-ta,1343.6090391181506,1282,597,True,False
14,jet_plane,tank,1457.533876107173,1510,248,True,False
14,large_launcher,large_tower,860.9565900787333,291,929,True,False
14,large_launcher,medium_launcher,1273.6032545498617,156,1336,False,False
14,large_launcher,small_launcher,1915.1067855344254,1992,285,False,False
14,large_launcher,small_tower,1087.2028329617247,1077,577,True,False
14,large_launcher,spacecraft,2201.203136923078,2284,362,False,False
14,large_launcher,ta-ta,2661.003288235473,2752,200,False,False
14,large_launcher,tank,2919.80363209583,2980,580,False,False
14,large_tower,medium_launcher,490.90324912349075,289,472,True,True
14,large_tower,small_launcher,1831.4866229377708,1763,674,True,False
14,large_tower,small_tower,1549.277008801202,848,1396,False,False
14,large_tower,spacecraft,2295.0766871719125,2055,1181,False,False
14,large_tower,ta-ta,2573.9318658426064,2523,746,False,False
14,large_tower,tank,2715.929030736996,2751,397,False,False
14,medium_launcher,small_launcher,2223.5652115465377,1990,1081,False,False
14,medium_launcher,small_tower,2039.969178688737,1075,1803,False,False
14,medium_launcher,spacecraft,2723.5493386388284,2282,1588,False,False
14,medium_launcher,ta-ta,2938.92943943879,2750,1153,False,False
14,medium_launcher,tank,3029.386489043615,2978,804,False,False
14,small_launcher,small_tower,1172.015358261145,975,752,True,False
14,small_launcher,spacecraft,570.8819930598618,314,537,True,True
14,small_launcher,ta-ta,758.572672853432,782,102,True,True
14,small_launcher,tank,1014.6419319148997,1010,325,True,False
14,small_tower,spacecraft,1232.114544188161,1267,264,True,False
14,small_tower,ta-ta,1802.02733053636,1735,667,True,False
14,small_tower,tank,2150.9514755103146,1963,1047,False,False
14,spacecraft,ta-ta,633.0175747955186,514,452,True,True
14,spacecraft,tank,1046.3338377401353,742,832,True,False
14,ta-ta,tank,425.23081967326874,261,397,True,True
15,helicopter,jet_plane,1279.3620480536383,169,1369,False,False
15,helicopter,large_launcher,1491.1203841407305,1512,690,True,False
15,helicopter,large_tower,1863.3314922471525,1280,1518,False,False
15,helicopter,medium_launcher,2364.1083943000585,1508,1960,False,False
15,helicopter,small_launcher,970.3486486825238,618,868,True,False
15,helicopter,small_tower,404.9151145610645,487,164,True,True
15,helicopter,spacecraft,879.2219571871485,911,374,True,True
15,helicopter,ta-ta,1492.1384821791844,1383,782,True,False
15,helicopter,tank,1876.0634983923119,1612,1167,False,False
15,jet_plane,large_launcher,1599.1945628972105,1559,790,True,False
15,jet_plane,large_tower,1266.8910766123504,1327,231,True,False
15,jet_plane,medium_launcher,1612.3449537862548,1555,673,True,False
15,jet_plane,small_launcher,672.8129383417058,527,531,True,True
15,jet_plane,small_tower,1280.4194625199978,534,1263,False,False
15,jet_plane,spacecraft,1238.1457910924707,820,1045,True,False
15,jet_plane,ta-ta,1354.4784974299148,1292,603,True,False
15,jet_plane,tank,1468.265132733186,1521,251,True,False
15,large_launcher,large_tower,871.1534021055074,294,939,True,False
15,large_launcher,medium_launcher,1304.5169604110174,158,1381,False,False
15,large_launcher,small_launcher,1929.9089356754635,2008,289,False,False
15,large_launcher,small_tower,1096.3923795795008,1085,584,True,False
15,large_launcher,spacecraft,2217.4560311311698,2301,366,False,False
15,large_launcher,ta-ta,2680.6322481832526,2773,203,False,False
15,large_launcher,tank,2941.6951320624644,3002,588,False,False
15,large_tower,medium_launcher,509.6707270385459,290,506,True,True
15,large_tower,small_launcher,1845.4569217405212,1776,680,True,False
15,large_tower,small_tower,1566.0348016567193,853,1412,False,False
15,large_tower,spacecraft,2313.653820259202,2069,1194,False,False
15,large_tower,ta-ta,2592.680659086267,2541,752,False,False
15,large_tower,tank,2735.155297236338,2770,400,False,False
15,medium_launcher,small_launcher,2248.1516852739273,2004,1122,False,False
15,medium_launcher,small_tower,2075.2265538971883,1081,1854,False,False
15,medium_launcher,spacecraft,2754.935797800014,2297,1636,False,False
15,medium_launcher,ta-ta,2966.4133646543596,2769,1194,False,False
15,medium_launcher,tank,3054.410131269211,2998,842,False,False
15,small_launcher,small_tower,1184.038111717693,983,762,True,False
15,small_launcher,spacecraft,577.2852414534776,316,544,True,False
15,small_launcher,ta-ta,763.597570713789,788,102,True,True
15,small_launcher,tank,1021.8660626520483,1017,329,True,False
15,small_tower,spacecraft,1241.5816525706234,1276,268,True,False
15,small_tower,ta-ta,1817.064115544633,1748,676,True,False
15,small_tower,tank,2169.612523009581,1977,1061,False,False
15,spacecraft,ta-ta,639.6162912246685,518,458,True,True
15,spacecraft,tank,1057.1397731615248,747,843,True,False
15,ta-ta,tank,429.43276540105785,263,401,True,True
16,helicopter,jet_plane,1297.3897833727533,171,1388,False,False
16,helicopter,large_launcher,1503.8527188524813,1523,700,True,False
16,helicopter,large_tower,1882.306630174797,1289,1537,False,False
16,helicopter,medium_launcher,2389.2007554828874,1517,1986,False,False
16,helicopter,small_launcher,982.8073310674886,623,880,True,False
16,helicopter,small_tower,408.0579003033761,491,165,True,True
16,helicopter,spacecraft,887.5067605376311,919,379,True,True
16,helicopter,ta-ta,1505.9817395971306,1393,793,True,False
16,helicopter,tank,1894.4458952421946,1624,1183,False,False
16,jet_plane,large_launcher,1613.0127866821142,1571,800,True,False
16,jet_plane,large_tower,1275.8213041017932,1337,232,True,False
16,jet_plane,medium_launcher,1623.789703132767,1565,681,True,False
16,jet_plane,small_launcher,679.5299846217237,531,537,True,True
16,jet_plane,small_tower,1297.7137588852174,539,1280,False,False
16,jet_plane,spacecraft,1252.1022322478304,827,1058,True,False
16,jet_plane,ta-ta,1365.7625159594913,1301,611,True,False
16,jet_plane,tank,1478.9972954674392,1532,254,True,False
16,large_launcher,large_tower,880.372790356449,297,949,True,False
16,large_launcher,medium_launcher,1320.4469887125344,159,1398,False,False
16,large_launcher,small_launcher,1944.6558178762637,2023,292,False,False
16,large_launcher,small_tower,1106.2753951887387,1093,592,True,False
16,large_launcher,spacecraft,2234.8302508244333,2319,370,False,False
16,large_launcher,ta-ta,2700.6832468840175,2793,205,False,False
16,large_launcher,tank,2963.995824895845,3024,595,False,False
16,large_tower,medium_launcher,516.1172347442003,291,514,True,True
16,large_tower,small_launcher,1859.2571097080684,1789,686,True,False
16,large_tower,small_tower,1583.2349794013521,859,1429,False,False
16,large_tower,spacecraft,2333.109513074772,2085,1207,False,False
16,large_tower,ta-ta,2612.0492434102384,2559,760,False,False
16,large_tower,tank,2754.8148758128923,2790,403,False,False
16,medium_launcher,small_launcher,2265.817291839746,2017,1135,False,False
16,medium_launcher,small_tower,2098.813474323052,1087,1878,False,False
16,medium_launcher,spacecraft,2779.143213294342,2313,1656,False,False
16,medium_launcher,ta-ta,2989.1254992054114,2787,1209,False,False
16,medium_launcher,tank,3076.19667771747,3018,852,False,False
16,small_launcher,small_tower,1196.6795728180539,991,772,True,False
16,small_launcher,spacecraft,584.6169686213359,319,550,True,False
16,small_launcher,ta-ta,769.2237970837875,793,103,True,True
16,small_launcher,tank,1029.5717556343511,1024,332,True,False
16,small_tower,spacecraft,1252.123396474964,1287,271,True,False
16,small_tower,ta-ta,1832.5796708465364,1761,685,True,False
16,small_tower,tank,2189.1961995216416,1992,1075,False,False
16,spacecraft,ta-ta,645.516266255158,521,463,True,True
16,spacecraft,tank,1068.0004681646915,752,853,True,False
16,ta-ta,tank,434.49539698367346,264,406,True,True
17,helicopter,jet_plane,1314.945341069354,173,1406,False,False
17,helicopter,large_launcher,1516.2008442155677,1534,708,True,False
17,helicopter,large_tower,1900.9798789045612,1297,1554,False,False
17,helicopter,medium_launcher,2414.3211261139227,1526,2011,False,False
17,helicopter,small_launcher,994.8599147618723,628,892,True,False
17,helicopter,small_tower,410.71218633003815,494,166,True,True
17,helicopter,spacecraft,895.1559919924572,926,384,True,True
17,helicopter,ta-ta,1520.082234617588,1404,804,True,False
17,helicopter,tank,1912.148072195247,1636,1198,False,False
17,jet_plane,large_launcher,1627.5061443816426,1583,810,True,False
17,jet_plane,large_tower,1284.8140916101443,1346,232,True,False
17,jet_plane,medium_launcher,1635.8924934114712,1575,689,True,False
17,jet_plane,small_launcher,685.8994095346635,534,544,True,False
17,jet_plane,small_tower,1314.5460242988831,543,1297,False,False
17,jet_plane,spacecraft,1265.4588100764086,832,1072,True,False
17,jet_plane,ta-ta,1376.1853981204713,1310,618,True,False
17,jet_plane,tank,1488.7385599896309,1542,257,True,False
17,large_launcher,large_tower,890.6753055968263,300,958,True,False
17,large_launcher,medium_launcher,1337.3797142173198,160,1415,False,False
17,large_launcher,small_launcher,1959.4609590395007,2038,296,False,False
17,large_launcher,small_tower,1116.1543352063818,1101,599,True,False
17,large_launcher,spacecraft,2251.6450097650827,2336,374,False,False
17,large_launcher,ta-ta,2720.8132975270464,2814,208,False,False
17,large_launcher,tank,2985.8938778864863,3046,602,False,False
17,large_tower,medium_launcher,522.8049349422785,292,520,True,True
17,large_tower,small_launcher,1872.7611299896205,1801,692,True,False
17,large_tower,small_tower,1600.4465001992412,864,1445,False,False
17,large_tower,spacecraft,2351.949882544269,2099,1220,False,False
17,large_tower,ta-ta,2630.8011137294284,2577,766,False,False
17,large_tower,tank,2773.5452493153957,2809,405,False,False
17,medium_launcher,small_launcher,2283.7375615424817,2030,1149,False,False
17,medium_launcher,small_tower,2122.6686034329523,1093,1902,False,False
17,medium_launcher,spacecraft,2803.2536899110646,2328,1677,False,False
17,medium_launcher,ta-ta,3011.651789301014,2806,1223,False,False
17,medium_launcher,tank,3097.6373657999416,3038,862,False,False
17,small_launcher,small_tower,1208.6340430419789,998,783,True,False
17,small_launcher,spacecraft,591.7093881290037,321,558,True,False
17,small_launcher,ta-ta,774.7459260944842,799,104,True,True
17,small_launcher,tank,1036.800125385795,1031,336,True,False
17,small_tower,spacecraft,1261.5967065587956,1296,275,True,False
17,small_tower,ta-ta,1847.8161434515068,1774,695,True,False
17,small_tower,tank,2207.6789281958554,2006,1089,False,False
17,spacecraft,ta-ta,652.4639836803254,525,470,True,True
17,spacecraft,tank,1078.872791389235,757,864,True,False
17,ta-ta,tank,438.4464049345142,266,410,True,True
18,helicopter,jet_plane,1301.0216178065605,175,1360,False,False
18,helicopter,large_launcher,1516.0913560864333,1545,652,True,False
18,helicopter,large_tower,1895.267395382509,1306,1508,False,False
18,helicopter,medium_launcher,2414.1003500269,1536,1972,False,False
18,helicopter,small_launcher,980.0540801404787,633,839,True,False
18,helicopter,small_tower,408.1549950692751,498,102,True,True
18,helicopter,spacecraft,892.0812743242625,933,324,True,True
18,helicopter,ta-ta,1518.6471775893174,1415,750,True,False
18,helicopter,tank,1911.7073520808565,1649,1149,False,False
18,jet_plane,large_launcher,1641.7777711980389,1595,820,True,False
18,jet_plane,large_tower,1293.74582124929,1356,232,True,False
18,jet_plane,medium_launcher,1647.8095308621077,1586,696,True,False
18,jet_plane,small_launcher,693.3384815513992,538,551,True,False
18,jet_plane,small_tower,1332.7825216440979,548,1315,False,False
18,jet_plane,spacecraft,1279.926267407619,838,1086,False,False
18,jet_plane,ta-ta,1388.1444449335954,1320,626,True,False
18,jet_plane,tank,1500.0974135035365,1554,261,True,False
18,large_launcher,large_tower,900.8720774893625,303,968,True,False
18,large_launcher,medium_launcher,1354.3332307818487,161,1432,False,False
18,large_launcher,small_launcher,1974.209968569706,2053,299,False,False
18,large_launcher,small_tower,1126.0606111573213,1109,607,True,False
18,large_launcher,spacecraft,2268.5259531246274,2353,378,False,False
18,large_launcher,ta-ta,2741.3905686713083,2835,210,False,False
18,large_launcher,tank,3008.6920746397427,3069,609,False,False
18,large_tower,medium_launcher,529.5025967830564,294,527,True,True
18,large_tower,small_launcher,1886.9092453003668,1814,699,True,False
18,large_tower,small_tower,1618.535758023282,870,1463,False,False
18,large_tower,spacecraft,2371.482342333588,2114,1234,False,False
18,large_tower,ta-ta,2650.7921929113945,2596,774,False,False
18,large_tower,tank,2793.826855766119,2830,409,False,False
18,medium_launcher,small_launcher,2302.3515152990867,2044,1163,False,False
18,medium_launcher,small_tower,2147.4172859507303,1100,1927,False,False
18,medium_launcher,spacecraft,2828.084599158943,2344,1698,False,False
18,medium_launcher,ta-ta,3035.503459065728,2826,1238,False,False
18,medium_launcher,tank,3120.6634711227675,3060,873,False,False
18,small_launcher,small_tower,1221.3036068070871,1006,794,True,False
18,small_launcher,spacecraft,598.8063125919766,323,565,True,False
18,small_launcher,ta-ta,780.8176803838396,805,105,True,True
18,small_launcher,tank,1044.9885166833174,1039,340,True,False
18,small_tower,spacecraft,1271.6534512201035,1306,279,True,False
18,small_tower,ta-ta,1863.998994098441,1788,705,True,False
18,small_tower,tank,2227.7366316510575,2022,1104,False,False
18,spacecraft,ta-ta,659.4552676262432,529,476,True,True
18,spacecraft,tank,1090.4100146275252,763,875,True,False
18,ta-ta,tank,443.08492413983123,268,415,True,True
19,hangar,jet_plane,2210.666076095619,2150,947,False,False
19,hangar,large_launcher,3866.502618646469,3677,1693,False,False
19,hangar,large_tower,3394.3177517728063,3435,777,False,False
19,hangar,medium_launcher,3560.6523278747673,3666,288,False,False
19,hangar,small_launcher,2073.7681885881075,1631,1419,False,False
19,hangar,small_tower,3294.0355948289325,2622,2159,False,False
19,hangar,spacecraft,2296.3013739489857,1353,1962,False,False
19,hangar,ta-ta,1661.4018929807442,854,1495,False,False
19,hangar,tank,1215.1231419078479,638,1126,False,False
19,jet_plane,large_launcher,1656.5083760729976,1608,831,True,False
19,jet_plane,large_tower,1303.174777226754,1366,232,True,False
19,jet_plane,medium_launcher,1660.5771587011548,1597,705,True,False
19,jet_plane,small_launcher,700.0714249274855,542,557,True,False
19,jet_plane,small_tower,1333.7529756292954,553,1297,False,False
19,jet_plane,spacecraft,1294.309275250703,845,1100,False,False
19,jet_plane,ta-ta,1399.6946988540037,1330,633,True,False
19,jet_plane,tank,1510.8329656186352,1565,264,True,False
19,large_launcher,large_tower,911.0688777474511,306,978,True,False
19,large_launcher,medium_launcher,1372.2880528518785,163,1451,False,False
19,large_launcher,small_launcher,1989.572818471342,2069,303,False,False
19,large_launcher,small_tower,1127.9046945553512,1118,579,True,False
19,large_launcher,spacecraft,2286.3338557612274,2372,382,False,False
19,large_launcher,ta-ta,2762.5211763894226,2857,213,False,False
19,large_launcher,tank,3031.6688885826566,3092,617,False,False
19,large_tower,medium_launcher,537.10520384744,295,535,True,True
19,large_tower,small_launcher,1901.1823952477573,1827,704,True,False
19,large_tower,small_tower,1620.8523992023456,876,1444,False,False
19,large_tower,spacecraft,2391.6431590017773,2130,1247,False,False
19,large_tower,ta-ta,2670.9882534372928,2615,780,False,False
19,large_tower,tank,2813.982453747713,2850,411,False,False
19,medium_launcher,small_launcher,2321.4147625962923,2058,1177,False,False
19,medium_launcher,small_tower,2157.133398749368,1107,1917,False,False
19,medium_launcher,spacecraft,2854.041520370718,2361,1720,False,False
19,medium_launcher,ta-ta,3059.825362663693,2846,1253,False,False
19,medium_launcher,tank,3143.6962719066864,3081,884,False,False
19,small_launcher,small_tower,1223.2648936350622,1014,769,True,False
19,small_launcher,spacecraft,606.5859378521727,326,572,True,False
19,small_launcher,ta-ta,786.8896047095806,811,105,True,True
19,small_launcher,tank,1052.699506031992,1046,343,True,False
19,small_tower,spacecraft,1279.1069149996806,1317,247,True,False
19,small_tower,ta-ta,1873.948571866368,1802,679,True,False
19,small_tower,tank,2239.1286809828507,2037,1083,False,False
19,spacecraft,ta-ta,666.4189748198951,533,482,True,True
19,spacecraft,tank,1101.6815556230395,768,886,True,False
19,ta-ta,tank,447.47346290031544,269,419,True,True
20,hangar,jet_plane,2239.1329795257807,2165,1011,False,False
20,hangar,large_launcher,3903.2612646349976,3690,1767,False,False
20,hangar,large_tower,3425.113903215483,3460,840,False,False
20,hangar,medium_launcher,3585.9085320180716,3690,344,False,False
20,hangar,medium_plane,396.71305751134537,516,58,True,True
20,hangar,small_launcher,2111.373545822719,1642,1490,False,False
20,hangar,spacecraft,2344.6646881803804,1362,2040,False,False
20,hangar,ta-ta,1704.6056728756948,860,1567,False,False
20,hangar,tank,1253.1269887764768,641,1193,False,False
20,jet_plane,large_launcher,1664.531165223409,1606,841,True,False
20,jet_plane,large_tower,1312.168910620885,1376,232,True,False
20,jet_plane,medium_launcher,1671.968450659282,1606,713,True,False
20,jet_plane,medium_plane,1893.0800960339739,1704,1011,True,False
20,jet_plane,small_launcher,707.5155475323493,546,564,True,False
20,jet_plane,spacecraft,1309.8007482056194,852,1114,False,False
20,jet_plane,ta-ta,1411.6674537581434,1340,641,True,False
20,jet_plane,tank,1523.1218762791111,1577,267,True,False
20,large_launcher,large_tower,920.3028034293931,296,988,True,False
20,large_launcher,medium_launcher,1390.4540625277773,151,1469,False,False
20,large_launcher,medium_plane,3555.7286524705455,3229,1767,False,False
20,large_launcher,small_launcher,1997.9279891928038,2071,307,False,False
20,large_launcher,spacecraft,2297.3362836119572,2377,386,False,False
20,large_launcher,ta-ta,2776.1096880346786,2865,215,False,False
20,large_launcher,tank,3048.6564663799036,3102,624,False,False
20,large_tower,medium_launcher,543.8320053104635,296,542,True,False
20,large_tower,medium_plane,3043.7517145785723,2999,840,False,False
20,large_tower,small_launcher,1915.8033562973,1841,711,True,False
20,large_tower,spacecraft,2412.560102878268,2147,1261,False,False
20,large_tower,ta-ta,2691.122488851074,2635,788,False,False
20,large_tower,tank,2835.256337617465,2872,414,False,False
20,medium_launcher,medium_plane,3192.1045173991406,3229,344,False,False
20,medium_launcher,small_launcher,2339.8667162896268,2071,1192,False,False
20,medium_launcher,spacecraft,2879.799038127487,2377,1742,False,False
20,medium_launcher,ta-ta,3083.185771243763,2865,1269,False,False
20,medium_launcher,tank,3166.869313691362,3102,895,False,False
20,medium_plane,small_launcher,1852.7938363455337,1181,1490,False,False
20,medium_plane,spacecraft,2172.280196015238,901,2040,False,False
20,medium_plane,ta-ta,1583.574516718427,399,1567,False,False
20,medium_plane,tank,1158.8701394030309,180,1193,False,False
20,small_launcher,spacecraft,614.8083034572646,329,580,True,False
20,small_launcher,ta-ta,792.5176654182543,817,107,True,True
20,small_launcher,tank,1061.3693984659628,1054,347,True,False
20,spacecraft,ta-ta,673.0237737257132,537,488,True,True
20,spacecraft,tank,1113.9951750344344,774,897,True,False
20,ta-ta,tank,453.05214931616865,272,424,True,True
21,hangar,jet_plane,2267.4947629487483,2178,1077,False,False
21,hangar,large_launcher,3941.2222089093125,3701,1843,False,False
21,hangar,large_tower,3456.550918184195,3483,905,False,False
21,hangar,medium_launcher,3605.995181638489,3701,401,False,False
21,hangar,medium_plane,399.54505377992103,519,110,True,True
21,hangar,small_launcher,2150.329335241465,1652,1562,False,False
21,hangar,spacecraft,2394.077901823581,1369,2120,False,False
21,hangar,ta-ta,1748.649907786004,864,1640,False,False
21,hangar,tank,1292.1805214442757,644,1261,False,False
21,jet_plane,large_launcher,1673.9277164800158,1604,853,True,False
21,jet_plane,large_tower,1322.0957794350604,1386,233,True,False
21,jet_plane,medium_launcher,1679.224895599157,1604,722,True,False
21,jet_plane,medium_plane,1911.8243250884743,1714,1040,True,False
21,jet_plane,small_launcher,714.6266507764736,549,572,True,False
21,jet_plane,spacecraft,1324.7031742998126,857,1130,False,False
21,jet_plane,ta-ta,1423.1942945360622,1349,650,True,False
21,jet_plane,tank,1533.3636228892349,1587,271,True,False
21,large_launcher,large_tower,930.0807760619505,284,999,True,False
21,large_launcher,medium_launcher,1409.4230202462284,137,1488,False,False
21,large_launcher,medium_plane,3583.7454220410245,3237,1806,False,False
21,large_launcher,small_launcher,2006.3459945881718,2072,311,False,False
21,large_launcher,spacecraft,2308.2089376830686,2380,390,False,False
21,large_launcher,ta-ta,2790.25303512065,2872,218,False,False
21,large_launcher,tank,3064.9349095861726,3110,633,False,False
21,large_tower,medium_launcher,548.6661097607542,284,550,True,False
21,large_tower,medium_plane,3068.306454707548,3019,868,False,False
21,large_tower,small_launcher,1930.4265072776016,1854,718,True,False
21,large_tower,spacecraft,2433.237606564554,2162,1276,False,False
21,large_tower,ta-ta,2711.6003116241154,2654,796,False,False
21,large_tower,tank,2855.411922998151,2892,417,False,False
21,medium_launcher,medium_plane,3207.702137044523,3237,364,False,False
21,medium_launcher,small_launcher,2353.807553730763,2072,1207,False,False
21,medium_launcher,spacecraft,2901.149987504955,2380,1765,False,False
21,medium_launcher,ta-ta,3101.9895631674844,2872,1285,False,False
21,medium_launcher,tank,3183.6554854443657,3110,906,False,False
21,medium_plane,small_launcher,1878.4027789587622,1188,1525,False,False
21,medium_plane,spacecraft,2205.8146454314788,905,2083,False,False
21,medium_plane,ta-ta,1611.0981503310095,400,1603,False,False
21,medium_plane,tank,1181.2392856656943,180,1224,False,False
21,small_launcher,spacecraft,622.5947719022382,331,588,True,False
21,small_launcher,ta-ta,798.5901639764918,823,108,True,True
21,small_launcher,tank,1069.374232904459,1061,352,True,False
21,spacecraft,ta-ta,680.0062499712778,540,495,True,True
21,spacecraft,tank,1126.0535067215944,778,910,True,False
21,ta-ta,tank,458.31212072123947,273,430,True,True
22,hangar,jet_plane,2288.7728699021227,2193,1107,False,False
22,hangar,large_launcher,3970.835302552852,3713,1884,False,False
22,hangar,large_tower,3484.270691263812,3508,934,False,False
22,hangar,medium_launcher,3624.6071511268638,3713,423,False,False
22,hangar,medium_plane,402.261419974623,523,128,True,True
22,hangar,small_launcher,2176.6493746122733,1663,1598,False,False
22,hangar,spacecraft,2410.785193666163,1378,2123,False,False
22,hangar,ta-ta,1776.1076121676863,869,1677,False,False
22,hangar,tank,1315.1441936152858,648,1294,False,False
22,jet_plane,large_launcher,1682.24054463088,1602,864,True,False
22,jet_plane,large_tower,1332.0835184026564,1397,233,True,False
22,jet_plane,medium_launcher,1686.0404058028978,1602,730,True,False
22,jet_plane,medium_plane,1927.6602397725592,1726,1053,True,False
22,jet_plane,small_launcher,721.7341962246212,553,578,True,False
22,jet_plane,spacecraft,1323.5114279823956,864,1103,False,False
22,jet_plane,ta-ta,1434.9712540674814,1359,657,True,False
22,jet_plane,tank,1544.663717447911,1599,274,True,False
22,large_launcher,large_tower,939.7240286381955,272,1010,True,False
22,large_launcher,medium_launcher,1427.9110616561522,124,1507,False,False
22,large_launcher,medium_plane,3607.9895024791854,3246,1830,False,False
22,large_launcher,small_launcher,2014.2722010691605,2073,315,False,False
22,large_launcher,spacecraft,2315.9814874044223,2384,353,False,False
22,large_launcher,ta-ta,2803.8989371944203,2879,221,False,False
22,large_launcher,tank,3081.042396657339,3119,641,False,False
22,large_tower,medium_launcher,552.9667711535658,272,557,True,False
22,large_tower,medium_plane,3091.7423081492416,3041,880,False,False
22,large_tower,small_launcher,1945.520303158001,1868,724,True,False
22,large_tower,spacecraft,2444.353902363567,2179,1249,False,False
22,large_tower,ta-ta,2732.5601548730815,2674,803,False,False
22,large_tower,tank,2876.6860273585644,2914,420,False,False
22,medium_launcher,medium_plane,3223.0748129697517,3246,369,False,False
22,medium_launcher,small_launcher,2367.5351106161024,2073,1221,False,False
22,medium_launcher,spacecraft,2910.3974384952994,2384,1746,False,False
22,medium_launcher,ta-ta,3120.6169662424127,2879,1300,False,False
22,medium_launcher,tank,3201.070641207407,3119,917,False,False
22,medium_plane,small_launcher,1898.0298338013552,1196,1544,False,False
22,medium_plane,spacecraft,2213.744000556523,911,2069,False,False
22,medium_plane,ta-ta,1630.9397597704215,402,1623,False,False
22,medium_plane,tank,1196.6519961960537,181,1240,False,False
22,small_launcher,spacecraft,612.8329707187759,334,554,True,False
22,small_launcher,ta-ta,804.6628175826195,829,108,True,True
22,small_launcher,tank,1077.5691393131115,1069,355,True,False
22,spacecraft,ta-ta,673.5020415707736,544,460,True,True
22,spacecraft,tank,1122.4555670493153,784,880,True,False
22,ta-ta,tank,462.96058147535626,275,434,True,True
23,hangar,jet_plane,2306.8214603648894,2208,1121,False,False
23,hangar,large_launcher,3997.8659619852187,3725,1909,False,False
23,hangar,large_tower,3510.461650552531,3533,948,False,False
23,hangar,medium_launcher,3642.5436853934916,3725,429,False,False
23,hangar,medium_plane,404.27836944362974,526,129,True,True
23,hangar,small_launcher,2198.1338107585716,1674,1619,False,False
23,hangar,ta-ta,1797.0532129016103,874,1699,False,False
23,hangar,tank,1331.0676166145731,651,1311,False,False
23,jet_plane,large_launcher,1691.2606245046918,1600,875,True,False
23,jet_plane,large_tower,1341.9527748769701,1408,232,True,False
23,jet_plane,medium_launcher,1692.8757337737463,1600,738,True,False
23,jet_plane,medium_plane,1944.1955277183415,1738,1066,True,False
23,jet_plane,small_launcher,729.2084749918914,557,585,True,False
23,jet_plane,ta-ta,1447.4185642031816,1370,665,True,False
23,jet_plane,tank,1556.4608090151194,1611,277,True,False
23,large_launcher,large_tower,949.0327971150417,260,1020,True,False
23,large_launcher,medium_launcher,1446.8815604602887,110,1526,False,False
23,large_launcher,medium_plane,3633.640082616879,3255,1854,False,False
23,large_launcher,small_launcher,2022.699310327662,2074,319,False,False
23,large_launcher,ta-ta,2818.5450147194742,2887,224,False,False
23,large_launcher,tank,3098.231471339738,3128,649,False,False
23,large_tower,medium_launcher,558.317561966306,260,565,True,False
23,large_tower,medium_plane,3116.0747744558375,3063,893,False,False
23,large_tower,small_launcher,1960.4408305276647,1882,730,True,False
23,large_tower,ta-ta,2753.861152999548,2695,810,False,False
23,large_tower,tank,2898.3295188780726,2936,422,False,False
23,medium_launcher,medium_plane,3238.9980703915217,3255,374,False,False
23,medium_launcher,small_launcher,2381.547028718938,2074,1236,False,False
23,medium_launcher,ta-ta,3139.9293383769004,2887,1316,False,False
23,medium_launcher,tank,3218.980040323332,3128,928,False,False
23,medium_plane,small_launcher,1918.771807693661,1204,1564,False,False
23,medium_plane,ta-ta,1651.7627704970228,404,1644,False,False
23,medium_plane,tank,1212.5642251031488,181,1256,False,False
23,small_launcher,ta-ta,811.2327039758691,836,109,True,True
23,small_launcher,tank,1086.3900082382938,1077,359,True,False
23,ta-ta,tank,468.045136712262,277,439,True,True
24,hangar,jet_plane,2325.784007598298,2223,1136,False,False
24,hangar,large_launcher,4025.837676807151,3737,1934,False,False
24,hangar,large_tower,3536.909668057696,3558,961,False,False
24,hangar,medium_plane,407.2950404804851,530,130,True,True
24,hangar,small_launcher,2219.6446787718073,1685,1640,False,False
24,hangar,ta-ta,1819.3466547087721,879,1722,False,False
24,hangar,tank,1347.6647394660142,654,1329,False,False
24,jet_plane,large_launcher,1700.315926526597,1597,887,True,False
24,jet_plane,large_tower,1351.4452449137552,1418,233,True,False
24,jet_plane,medium_plane,1960.745011468855,1750,1080,True,False
24,jet_plane,small_launcher,737.3793121589458,562,593,True,False
24,jet_plane,ta-ta,1460.298770800003,1380,675,True,False
24,jet_plane,tank,1568.8220102994476,1623,282,True,False
24,large_launcher,large_tower,959.4691240472514,248,1031,True,False
24,large_launcher,medium_plane,3659.3382256905415,3264,1878,False,False
24,large_launcher,small_launcher,2032.1231507957386,2076,323,False,False
24,large_launcher,ta-ta,2833.135409753653,2894,226,False,False
24,large_launcher,tank,3115.8276990231666,3137,657,False,False
24,large_tower,medium_plane,3139.671360190426,3085,905,False,False
24,large_tower,small_launcher,1976.1812922907654,1897,737,True,False
24,large_tower,ta-ta,2775.246880909877,2715,819,False,False
24,large_tower,tank,2920.163223177773,2958,426,False,False
24,medium_plane,small_launcher,1938.9268294600495,1212,1584,False,False
24,medium_plane,ta-ta,1673.5681940094344,406,1666,False,False
24,medium_plane,tank,1228.9249366824647,181,1273,False,False
24,small_launcher,ta-ta,816.9175294973171,842,111,True,True
24,small_launcher,tank,1094.5877077694597,1085,363,True,False
24,ta-ta,tank,473.8143096192853,279,445,True,True
