frame,target,level,cx,cy,source_region,full_count,intersect_count,other_full_count,full_classes,next_frame_full_classes,next_frame_target_retained,target_fits
0,jammer,1,1512,1268,552;728;2472;1808,3,3,2,jammer;small_plane;helicopter,jammer;small_plane;helicopter,True,True
0,jammer,2,1512,1268,1032;998;1992;1538,1,1,0,jammer,jammer,True,True
0,large_launcher,1,2880,540,1920;0;3840;1080,3,3,2,large_launcher;helicopter;small_tower,large_launcher;helicopter;small_tower,True,True
0,large_launcher,2,3360,412,2880;142;3840;682,1,1,0,large_launcher,large_launcher,True,True
0,mine_roller,1,2006,1620,1046;1080;2966;2160,4,4,3,jammer;mine_roller;condor;small_plane,jammer;mine_roller;condor;small_plane,True,True
0,mine_roller,2,2006,1890,1526;1620;2486;2160,1,1,0,mine_roller,mine_roller,True,True
0,spacecraft,1,1546,651,586;111;2506;1191,4,4,3,spacecraft;small_launcher;helicopter;ta-ta,spacecraft;small_launcher;helicopter;ta-ta,True,True
0,spacecraft,2,1546,651,1066;381;2026;921,1,1,0,spacecraft,spacecraft,True,True
0,condor,1,2740,1450,1780;910;3700;1990,2,3,1,condor;small_plane,condor;small_plane;helicopter,True,True
0,condor,2,2740,1450,2260;1180;3220;1720,1,1,0,condor,condor,True,True
0,small_plane,1,2048,1526,1088;986;3008;2066,3,4,2,jammer;condor;small_plane,jammer;condor;small_plane,True,True
0,small_plane,2,2048,1526,1568;1256;2528;1796,1,1,0,small_plane,small_plane,True,True
0,small_launcher,1,1798,540,838;0;2758;1080,6,6,5,spacecraft;small_launcher;tank;helicopter;small_tower;ta-ta,spacecraft;small_launcher;tank;helicopter;small_tower;ta-ta,True,True
0,small_launcher,2,1798,270,1318;0;2278;540,1,1,0,small_launcher,small_launcher,True,True
0,tank,1,960,540,0;0;1920;1080,4,4,3,spacecraft;small_launcher;tank;ta-ta,spacecraft;small_launcher;tank;ta-ta,True,True
0,tank,2,911,270,431;0;1391;540,2,2,1,tank;ta-ta,tank;ta-ta,True,True
0,helicopter,1,2288,894,1328;354;3248;1434,4,5,3,jammer;spacecraft;helicopter;small_tower,jammer;spacecraft;helicopter;small_tower,True,True
0,helicopter,2,2288,894,1808;624;2768;1164,2,2,1,helicopter;small_tower,helicopter;small_tower,True,True
0,small_tower,1,2642,821,1682;281;3602;1361,3,3,2,large_launcher;helicopter;small_tower,helicopter;small_tower,True,True
0,small_tower,2,2642,821,2162;551;3122;1091,2,2,1,helicopter;small_tower,helicopter;small_tower,True,True
0,ta-ta,1,1112,540,152;0;2072;1080,4,4,3,spacecraft;small_launcher;tank;ta-ta,spacecraft;small_launcher;tank;ta-ta,True,True
0,ta-ta,2,1112,302,632;32;1592;572,1,1,0,ta-ta,ta-ta,True,True
1,jammer,1,1509,1336,549;796;2469;1876,3,3,2,jammer;small_plane;helicopter,jammer;small_plane;helicopter,True,True
1,jammer,2,1509,1336,1029;1066;1989;1606,1,1,0,jammer,jammer,True,True
1,large_launcher,1,2880,540,1920;0;3840;1080,3,3,2,large_launcher;helicopter;small_tower,large_launcher;helicopter;small_tower,True,True
1,large_launcher,2,3360,468,2880;198;3840;738,1,1,0,large_launcher,large_launcher,True,True
1,mine_roller,1,2006,1620,1046;1080;2966;2160,4,4,3,jammer;mine_roller;condor;small_plane,jammer;condor;small_plane,False,True
1,mine_roller,2,2006,1890,1526;1620;2486;2160,1,2,0,mine_roller,small_plane,False,True
1,spacecraft,1,1542,710,582;170;2502;1250,4,4,3,spacecraft;small_launcher;helicopter;ta-ta,spacecraft;small_launcher;helicopter;ta-ta,True,True
1,spacecraft,2,1542,710,1062;440;2022;980,1,1,0,spacecraft,spacecraft,True,True
1,condor,1,2746,1521,1786;981;3706;2061,2,3,1,condor;small_plane,condor;small_plane,True,True
1,condor,2,2746,1521,2266;1251;3226;1791,1,1,0,condor,condor,True,True
1,small_plane,1,2050,1598,1090;1058;3010;2138,3,4,2,jammer;condor;small_plane,jammer;condor;small_plane,True,True
1,small_plane,2,2050,1598,1570;1328;2530;1868,1,1,0,small_plane,small_plane,True,True
1,small_launcher,1,1797,540,837;0;2757;1080,6,6,5,spacecraft;small_launcher;tank;helicopter;small_tower;ta-ta,spacecraft;small_launcher;tank;helicopter;small_tower;ta-ta,True,True
1,small_launcher,2,1797,290,1317;20;2277;560,1,1,0,small_launcher,small_launcher,True,True
1,tank,1,960,540,0;0;1920;1080,4,4,3,spacecraft;small_launcher;tank;ta-ta,spacecraft;small_launcher;tank;ta-ta,True,True
1,tank,2,905,270,425;0;1385;540,2,2,1,tank;ta-ta,tank;ta-ta,True,True
1,helicopter,1,2290,956,1330;416;3250;1496,4,5,3,jammer;spacecraft;helicopter;small_tower,jammer;spacecraft;helicopter;small_tower,True,True
1,helicopter,2,2290,956,1810;686;2770;1226,2,2,1,helicopter;small_tower,helicopter;small_tower,True,True
1,small_tower,1,2647,883,1687;343;3607;1423,3,3,2,large_launcher;helicopter;small_tower,helicopter;small_tower,True,True
1,small_tower,2,2647,883,2167;613;3127;1153,2,2,1,helicopter;small_tower,helicopter;small_tower,True,True
1,ta-ta,1,1108,540,148;0;2068;1080,4,4,3,spacecraft;small_launcher;tank;ta-ta,spacecraft;small_launcher;tank;ta-ta,True,True
1,ta-ta,2,1108,358,628;88;1588;628,1,1,0,ta-ta,ta-ta,True,True
2,jammer,1,1506,1404,546;864;2466;1944,3,3,2,jammer;small_plane;helicopter,jammer;small_plane;helicopter,True,True
2,jammer,2,1506,1404,1026;1134;1986;1674,1,1,0,jammer,jammer,True,True
2,large_launcher,1,2880,540,1920;0;3840;1080,3,3,2,large_launcher;helicopter;small_tower,large_launcher;jet_plane;small_tower,True,True
2,large_launcher,2,3360,526,2880;256;3840;796,1,1,0,large_launcher,large_launcher,True,True
2,spacecraft,1,1540,770,580;230;2500;1310,4,4,3,spacecraft;small_launcher;helicopter;ta-ta,spacecraft;small_launcher;helicopter;ta-ta,True,True
2,spacecraft,2,1540,770,1060;500;2020;1040,1,1,0,spacecraft,spacecraft,True,True
2,condor,1,2752,1593,1792;1053;3712;2133,2,3,1,condor;small_plane,condor;small_plane,True,True
2,condor,2,2752,1593,2272;1323;3232;1863,1,1,0,condor,condor,True,True
2,small_plane,1,2050,1620,1090;1080;3010;2160,3,3,2,jammer;condor;small_plane,jammer;condor;small_plane,True,True
2,small_plane,2,2050,1670,1570;1400;2530;1940,1,1,0,small_plane,small_plane,True,True
2,small_launcher,1,1796,540,836;0;2756;1080,6,6,5,spacecraft;small_launcher;tank;helicopter;small_tower;ta-ta,spacecraft;jet_plane;small_launcher;tank;small_tower;ta-ta,True,True
2,small_launcher,2,1796,345,1316;75;2276;615,1,1,0,small_launcher,small_launcher,True,True
2,tank,1,960,540,0;0;1920;1080,4,4,3,spacecraft;small_launcher;tank;ta-ta,spacecraft;small_launcher;tank;ta-ta,True,True
2,tank,2,898,270,418;0;1378;540,2,2,1,tank;ta-ta,tank;ta-ta,True,True
2,helicopter,1,2293,1020,1333;480;3253;1560,4,5,3,jammer;spacecraft;helicopter;small_tower,jammer;spacecraft;helicopter;small_tower,True,True
2,helicopter,2,2293,1020,1813;750;2773;1290,2,2,1,helicopter;small_tower,helicopter;small_tower,True,True
2,small_tower,1,2652,946,1692;406;3612;1486,2,3,1,helicopter;small_tower,helicopter;small_tower,True,True
2,small_tower,2,2652,946,2172;676;3132;1216,2,2,1,helicopter;small_tower,helicopter;small_tower,True,True
2,ta-ta,1,1102,540,142;0;2062;1080,4,4,3,spacecraft;small_launcher;tank;ta-ta,spacecraft;small_launcher;tank;ta-ta,True,True
2,ta-ta,2,1102,413,622;143;1582;683,1,1,0,ta-ta,ta-ta,True,True
3,jammer,1,1503,1474,543;934;2463;2014,3,3,2,jammer;small_plane;helicopter,jammer;small_plane;helicopter,True,True
3,jammer,2,1503,1474,1023;1204;1983;1744,1,1,0,jammer,jammer,True,True
3,large_launcher,1,2880,584,1920;44;3840;1124,2,3,1,large_launcher;small_tower,large_launcher;small_tower,True,True
3,large_launcher,2,3360,584,2880;314;3840;854,1,1,0,large_launcher,large_launcher,True,True
3,spacecraft,1,1537,832,577;292;2497;1372,4,4,3,spacecraft;small_launcher;helicopter;ta-ta,spacecraft;small_launcher;helicopter;ta-ta,True,True
3,spacecraft,2,1537,832,1057;562;2017;1102,1,1,0,spacecraft,spacecraft,True,True
3,condor,1,2758,1620,1798;1080;3718;2160,2,3,1,condor;small_plane,condor;small_plane;helicopter,True,True
3,condor,2,2758,1666,2278;1396;3238;1936,1,1,0,condor,condor,True,True
3,small_plane,1,2052,1620,1092;1080;3012;2160,3,4,2,jammer;condor;small_plane,jammer;condor;small_plane;helicopter,True,True
3,small_plane,2,2052,1744,1572;1474;2532;2014,1,1,0,small_plane,small_plane,True,True
3,jet_plane,1,2235,540,1275;0;3195;1080,4,5,3,spacecraft;jet_plane;small_launcher;small_tower,spacecraft;jet_plane;small_launcher,True,True
3,jet_plane,2,2235,270,1755;0;2715;540,2,2,1,jet_plane;small_launcher,jet_plane;small_launcher,True,True
3,small_launcher,1,1796,540,836;0;2756;1080,6,7,5,spacecraft;jet_plane;small_launcher;tank;small_tower;ta-ta,spacecraft;jet_plane;small_launcher;tank;ta-ta,True,True
3,small_launcher,2,1796,401,1316;131;2276;671,1,1,0,small_launcher,small_launcher,True,True
3,tank,1,960,540,0;0;1920;1080,4,4,3,spacecraft;small_launcher;tank;ta-ta,spacecraft;small_launcher;tank;ta-ta,True,True
3,tank,2,892,270,412;0;1372;540,2,2,1,tank;ta-ta,tank;ta-ta,True,True
3,helicopter,1,2296,1084,1336;544;3256;1624,4,5,3,jammer;spacecraft;helicopter;small_tower,jammer;spacecraft;helicopter;small_tower,True,True
3,helicopter,2,2296,1084,1816;814;2776;1354,2,2,1,helicopter;small_tower,helicopter;small_tower,True,True
3,small_tower,1,2658,1009,1698;469;3618;1549,2,3,1,helicopter;small_tower,helicopter;small_tower,True,True
3,small_tower,2,2658,1009,2178;739;3138;1279,2,2,1,helicopter;small_tower,helicopter;small_tower,True,True
3,ta-ta,1,1097,540,137;0;2057;1080,4,4,3,spacecraft;small_launcher;tank;ta-ta,spacecraft;small_launcher;tank;ta-ta,True,True
3,ta-ta,2,1097,470,617;200;1577;740,1,1,0,ta-ta,ta-ta,True,True
4,jammer,1,1500,1546,540;1006;2460;2086,3,3,2,jammer;small_plane;helicopter,jammer;small_plane;helicopter,True,True
4,jammer,2,1500,1546,1020;1276;1980;1816,1,1,0,jammer,jammer,True,True
4,large_launcher,1,2880,643,1920;103;3840;1183,2,3,1,large_launcher;small_tower,large_launcher;small_tower,True,True
4,large_launcher,2,3360,643,2880;373;3840;913,1,1,0,large_launcher,large_launcher,True,True
4,spacecraft,1,1535,894,575;354;2495;1434,4,4,3,spacecraft;small_launcher;helicopter;ta-ta,spacecraft;small_launcher;helicopter;ta-ta,True,True
4,spacecraft,2,1535,894,1055;624;2015;1164,1,1,0,spacecraft,spacecraft,True,True
4,condor,1,2765,1620,1805;1080;3725;2160,3,4,2,condor;small_plane;helicopter,condor;small_plane;helicopter;small_tower,True,True
4,condor,2,2765,1740,2285;1470;3245;2010,1,1,0,condor,condor,True,True
4,small_plane,1,2052,1620,1092;1080;3012;2160,4,5,3,jammer;condor;small_plane;helicopter,jammer;condor;small_plane;helicopter;small_tower,True,True
4,small_plane,2,2052,1819,1572;1549;2532;2089,1,1,0,small_plane,small_plane,True,True
4,jet_plane,1,2237,540,1277;0;3197;1080,3,4,2,spacecraft;jet_plane;small_launcher,spacecraft;jet_plane;small_launcher,True,True
4,jet_plane,2,2237,270,1757;0;2717;540,2,2,1,jet_plane;small_launcher,jet_plane;small_launcher,True,True
4,small_launcher,1,1794,540,834;0;2754;1080,5,6,4,spacecraft;jet_plane;small_launcher;tank;ta-ta,spacecraft;jet_plane;small_launcher;tank;ta-ta,True,True
4,small_launcher,2,1794,458,1314;188;2274;728,1,1,0,small_launcher,small_launcher,True,True
4,tank,1,960,540,0;0;1920;1080,4,4,3,spacecraft;small_launcher;tank;ta-ta,spacecraft;small_launcher;tank;ta-ta,True,True
4,tank,2,885,270,405;0;1365;540,2,2,1,tank;ta-ta,tank,True,True
4,helicopter,1,2298,1150,1338;610;3258;1690,4,5,3,jammer;spacecraft;helicopter;small_tower,jammer;spacecraft;helicopter;small_tower,True,True
4,helicopter,2,2298,1150,1818;880;2778;1420,2,2,1,helicopter;small_tower,helicopter;small_tower,True,True
4,small_tower,1,2662,1074,1702;534;3622;1614,2,3,1,helicopter;small_tower,helicopter;small_tower,True,True
4,small_tower,2,2662,1074,2182;804;3142;1344,2,2,1,helicopter;small_tower,helicopter;small_tower,True,True
4,ta-ta,1,1091,540,131;0;2051;1080,4,4,3,spacecraft;small_launcher;tank;ta-ta,spacecraft;small_launcher;tank;ta-ta,True,True
4,ta-ta,2,1091,526,611;256;1571;796,1,1,0,ta-ta,ta-ta,True,True
5,jammer,1,1497,1618,537;1078;2457;2158,3,3,2,jammer;small_plane;helicopter,jammer;small_plane;helicopter,True,True
5,jammer,2,1497,1618,1017;1348;1977;1888,1,1,0,jammer,jammer,True,True
5,large_launcher,1,2880,702,1920;162;3840;1242,2,3,1,large_launcher;small_tower,large_launcher;small_tower,True,True
5,large_launcher,2,3360,702,2880;432;3840;972,1,1,0,large_launcher,large_launcher,True,True
5,spacecraft,1,1532,956,572;416;2492;1496,4,4,3,spacecraft;small_launcher;helicopter;ta-ta,spacecraft;small_launcher;helicopter;ta-ta,True,True
5,spacecraft,2,1532,956,1052;686;2012;1226,1,1,0,spacecraft,spacecraft,True,True
5,condor,1,2772,1620,1812;1080;3732;2160,4,4,3,condor;small_plane;helicopter;small_tower,condor;small_plane;helicopter;small_tower,True,True
5,condor,2,2772,1815,2292;1545;3252;2085,1,1,0,condor,condor,True,True
5,small_plane,1,2054,1620,1094;1080;3014;2160,5,5,4,jammer;condor;small_plane;helicopter;small_tower,jammer;condor;small_plane;helicopter;small_tower,True,True
5,small_plane,2,2054,1890,1574;1620;2534;2160,1,1,0,small_plane,small_plane,True,True
5,jet_plane,1,2238,540,1278;0;3198;1080,3,3,2,spacecraft;jet_plane;small_launcher,spacecraft;jet_plane;small_launcher,True,True
5,jet_plane,2,2238,270,1758;0;2718;540,2,2,1,jet_plane;small_launcher,jet_plane,True,True
5,small_launcher,1,1794,540,834;0;2754;1080,5,5,4,spacecraft;jet_plane;small_launcher;tank;ta-ta,spacecraft;jet_plane;small_launcher;tank;ta-ta,True,True
5,small_launcher,2,1794,515,1314;245;2274;785,1,1,0,small_launcher,small_launcher,True,True
5,tank,1,960,540,0;0;1920;1080,4,4,3,spacecraft;small_launcher;tank;ta-ta,spacecraft;small_launcher;tank;ta-ta,True,True
5,tank,2,878,270,398;0;1358;540,1,1,0,tank,tank,True,True
5,helicopter,1,2300,1216,1340;676;3260;1756,4,5,3,jammer;spacecraft;helicopter;small_tower,jammer;spacecraft;helicopter;small_tower,True,True
5,helicopter,2,2300,1216,1820;946;2780;1486,2,2,1,helicopter;small_tower,helicopter;small_tower,True,True
5,small_tower,1,2668,1140,1708;600;3628;1680,2,3,1,helicopter;small_tower,helicopter;small_tower,True,True
5,small_tower,2,2668,1140,2188;870;3148;1410,2,2,1,helicopter;small_tower,helicopter;small_tower,True,True
5,ta-ta,1,1086,585,126;45;2046;1125,4,4,3,spacecraft;small_launcher;tank;ta-ta,spacecraft;small_launcher;tank;ta-ta,True,True
5,ta-ta,2,1086,585,606;315;1566;855,1,1,0,ta-ta,ta-ta,True,True
6,jammer,1,1494,1620,534;1080;2454;2160,3,3,2,jammer;small_plane;helicopter,jammer;small_plane;helicopter,True,True
6,jammer,2,1494,1690,1014;1420;1974;1960,1,1,0,jammer,jammer,True,True
6,large_launcher,1,2880,764,1920;224;3840;1304,2,3,1,large_launcher;small_tower,large_launcher;small_tower,True,True
6,large_launcher,2,3360,764,2880;494;3840;1034,1,1,0,large_launcher,large_launcher,True,True
6,spacecraft,1,1530,1020,570;480;2490;1560,4,4,3,spacecraft;small_launcher;helicopter;ta-ta,spacecraft;small_launcher;helicopter;ta-ta,True,True
6,spacecraft,2,1530,1020,1050;750;2010;1290,1,1,0,spacecraft,spacecraft,True,True
6,condor,1,2778,1620,1818;1080;3738;2160,4,4,3,condor;small_plane;helicopter;small_tower,condor;small_plane;helicopter;small_tower,True,True
6,condor,2,2778,1890,2298;1620;3258;2160,1,1,0,condor,condor,True,True
6,small_plane,1,2054,1620,1094;1080;3014;2160,5,5,4,jammer;condor;small_plane;helicopter;small_tower,jammer;condor;small_plane;helicopter;small_tower,True,True
6,small_plane,2,2054,1890,1574;1620;2534;2160,1,1,0,small_plane,small_plane,True,True
6,jet_plane,1,2241,540,1281;0;3201;1080,3,3,2,spacecraft;jet_plane;small_launcher,jet_plane;small_launcher,True,True
6,jet_plane,2,2241,270,1761;0;2721;540,1,1,0,jet_plane,jet_plane,True,True
6,large_tower,1,2880,540,1920;0;3840;1080,3,3,2,large_launcher;jet_plane;large_tower,large_launcher;jet_plane;large_tower,True,True
6,large_tower,2,3360,270,2880;0;3840;540,1,1,0,large_tower,large_tower,True,True
6,small_launcher,1,1792,573,832;33;2752;1113,5,5,4,spacecraft;jet_plane;small_launcher;tank;ta-ta,spacecraft;jet_plane;small_launcher;tank;ta-ta,True,True
6,small_launcher,2,1792,573,1312;303;2272;843,1,1,0,small_launcher,small_launcher,True,True
6,tank,1,960,540,0;0;1920;1080,4,4,3,spacecraft;small_launcher;tank;ta-ta,small_launcher;tank;ta-ta,True,True
6,tank,2,871,312,391;42;1351;582,1,1,0,tank,tank,True,True
6,helicopter,1,2304,1283,1344;743;3264;1823,4,5,3,jammer;spacecraft;helicopter;small_tower,jammer;spacecraft;helicopter;small_tower,True,True
6,helicopter,2,2304,1283,1824;1013;2784;1553,2,2,1,helicopter;small_tower,helicopter;small_tower,True,True
6,small_tower,1,2674,1206,1714;666;3634;1746,2,3,1,helicopter;small_tower,helicopter;small_tower,True,True
6,small_tower,2,2674,1206,2194;936;3154;1476,2,2,1,helicopter;small_tower,helicopter;small_tower,True,True
6,ta-ta,1,1080,644,120;104;2040;1184,4,4,3,spacecraft;small_launcher;tank;ta-ta,spacecraft;small_launcher;tank;ta-ta,True,True
6,ta-ta,2,1080,644,600;374;1560;914,1,1,0,ta-ta,ta-ta,True,True
7,jammer,1,1490,1620,530;1080;2450;2160,3,4,2,jammer;small_plane;helicopter,jammer;spacecraft;small_plane;helicopter,True,True
7,jammer,2,1490,1764,1010;1494;1970;2034,1,1,0,jammer,jammer,True,True
7,large_launcher,1,2880,825,1920;285;3840;1365,2,3,1,large_launcher;small_tower,large_launcher,True,True
7,large_launcher,2,3360,825,2880;555;3840;1095,1,1,0,large_launcher,large_launcher,True,True
7,spacecraft,1,1526,1084,566;544;2486;1624,4,4,3,spacecraft;small_launcher;helicopter;ta-ta,spacecraft;small_launcher;helicopter;ta-ta,True,True
7,spacecraft,2,1526,1084,1046;814;2006;1354,1,1,0,spacecraft,spacecraft,True,True
7,condor,1,2785,1620,1825;1080;3745;2160,4,4,3,condor;small_plane;helicopter;small_tower,condor;small_plane;helicopter;small_tower,True,True
7,condor,2,2785,1890,2305;1620;3265;2160,1,1,0,condor,condor,True,True
7,small_plane,1,2056,1620,1096;1080;3016;2160,5,6,4,jammer;condor;small_plane;helicopter;small_tower,jammer;spacecraft;condor;small_plane;helicopter;small_tower,True,True
7,small_plane,2,2056,1890,1576;1620;2536;2160,1,1,0,small_plane,small_plane,True,True
7,jet_plane,1,2243,540,1283;0;3203;1080,2,3,1,jet_plane;small_launcher,jet_plane;small_launcher,True,True
7,jet_plane,2,2243,270,1763;0;2723;540,1,1,0,jet_plane,jet_plane,True,True
7,large_tower,1,2880,540,1920;0;3840;1080,3,3,2,large_launcher;jet_plane;large_tower,large_launcher;jet_plane;large_tower,True,True
7,large_tower,2,3360,270,2880;0;3840;540,1,1,0,large_tower,large_tower,True,True
7,small_launcher,1,1792,631,832;91;2752;1171,5,5,4,spacecraft;jet_plane;small_launcher;tank;ta-ta,jet_plane;small_launcher;tank;ta-ta,True,True
7,small_launcher,2,1792,631,1312;361;2272;901,1,1,0,small_launcher,small_launcher,True,True
7,tank,1,960,540,0;0;1920;1080,3,4,2,small_launcher;tank;ta-ta,small_launcher;tank;ta-ta,True,True
7,tank,2,864,368,384;98;1344;638,1,1,0,tank,tank,True,True
7,helicopter,1,2306,1351,1346;811;3266;1891,4,5,3,jammer;spacecraft;helicopter;small_tower,jammer;spacecraft;helicopter;small_tower,True,True
7,helicopter,2,2306,1351,1826;1081;2786;1621,2,2,1,helicopter;small_tower,helicopter;small_tower,True,True
7,small_tower,1,2679,1274,1719;734;3639;1814,2,3,1,helicopter;small_tower,helicopter;small_tower,True,True
7,small_tower,2,2679,1274,2199;1004;3159;1544,2,2,1,helicopter;small_tower,helicopter;small_tower,True,True
7,ta-ta,1,1074,703,114;163;2034;1243,4,4,3,spacecraft;small_launcher;tank;ta-ta,spacecraft;small_launcher;tank;ta-ta,True,True
7,ta-ta,2,1074,703,594;433;1554;973,1,1,0,ta-ta,ta-ta,True,True
8,jammer,1,1487,1620,527;1080;2447;2160,4,4,3,jammer;spacecraft;small_plane;helicopter,jammer;spacecraft;helicopter,True,True
8,jammer,2,1487,1840,1007;1570;1967;2110,1,1,0,jammer,jammer,True,True
8,large_launcher,1,2880,888,1920;348;3840;1428,2,3,1,large_launcher;small_tower,large_launcher,True,True
8,large_launcher,2,3360,888,2880;618;3840;1158,1,1,0,large_launcher,large_launcher,True,True
8,spacecraft,1,1524,1150,564;610;2484;1690,4,4,3,spacecraft;small_launcher;helicopter;ta-ta,spacecraft;small_launcher;helicopter;ta-ta,True,True
8,spacecraft,2,1524,1150,1044;880;2004;1420,1,1,0,spacecraft,spacecraft,True,True
8,condor,1,2792,1620,1832;1080;3752;2160,4,4,3,condor;small_plane;helicopter;small_tower,condor;helicopter;small_tower,True,True
8,condor,2,2792,1890,2312;1620;3272;2160,1,1,0,condor,condor,True,True
8,small_plane,1,2057,1620,1097;1080;3017;2160,6,6,5,jammer;spacecraft;condor;small_plane;helicopter;small_tower,jammer;spacecraft;condor;helicopter;small_tower,False,True
8,small_plane,2,2057,1890,1577;1620;2537;2160,1,1,0,small_plane,,False,True
8,jet_plane,1,2245,540,1285;0;3205;1080,2,2,1,jet_plane;small_launcher,jet_plane;small_launcher,True,True
8,jet_plane,2,2245,270,1765;0;2725;540,1,1,0,jet_plane,jet_plane,True,True
8,large_tower,1,2880,540,1920;0;3840;1080,3,3,2,large_launcher;jet_plane;large_tower,large_launcher;jet_plane;large_tower,True,True
8,large_tower,2,3360,270,2880;0;3840;540,1,1,0,large_tower,large_tower,True,True
8,small_launcher,1,1792,691,832;151;2752;1231,5,5,4,spacecraft;jet_plane;small_launcher;tank;ta-ta,jet_plane;small_launcher;ta-ta,True,True
8,small_launcher,2,1792,691,1312;421;2272;961,1,1,0,small_launcher,small_launcher,True,True
8,tank,1,960,540,0;0;1920;1080,3,3,2,small_launcher;tank;ta-ta,small_launcher;tank;ta-ta,True,True
8,tank,2,857,424,377;154;1337;694,1,1,0,tank,tank,True,True
8,helicopter,1,2309,1420,1349;880;3269;1960,4,4,3,jammer;spacecraft;helicopter;small_tower,jammer;spacecraft;helicopter;small_tower,True,True
8,helicopter,2,2309,1420,1829;1150;2789;1690,2,2,1,helicopter;small_tower,helicopter;small_tower,True,True
8,small_tower,1,2684,1342,1724;802;3644;1882,2,3,1,helicopter;small_tower,helicopter;small_tower,True,True
8,small_tower,2,2684,1342,2204;1072;3164;1612,2,2,1,helicopter;small_tower,helicopter;small_tower,True,True
8,ta-ta,1,1068,764,108;224;2028;1304,4,4,3,spacecraft;small_launcher;tank;ta-ta,spacecraft;small_launcher;tank;ta-ta,True,True
8,ta-ta,2,1068,764,588;494;1548;1034,1,1,0,ta-ta,ta-ta,True,True
9,jammer,1,1484,1620,524;1080;2444;2160,3,3,2,jammer;spacecraft;helicopter,jammer;spacecraft;helicopter,True,True
9,jammer,2,1484,1890,1004;1620;1964;2160,1,1,0,jammer,jammer,True,True
9,large_launcher,1,2880,951,1920;411;3840;1491,2,3,1,large_launcher;small_tower,large_launcher,True,True
9,large_launcher,2,3360,951,2880;681;3840;1221,1,1,0,large_launcher,large_launcher,True,True
9,spacecraft,1,1521,1216,561;676;2481;1756,4,4,3,spacecraft;small_launcher;helicopter;ta-ta,spacecraft;small_launcher;helicopter;ta-ta,True,True
9,spacecraft,2,1521,1216,1041;946;2001;1486,1,1,0,spacecraft,spacecraft,True,True
9,condor,1,2798,1620,1838;1080;3758;2160,3,3,2,condor;helicopter;small_tower,condor;helicopter;small_tower,True,True
9,condor,2,2798,1890,2318;1620;3278;2160,1,1,0,condor,condor,True,True
9,jet_plane,1,2248,540,1288;0;3208;1080,2,2,1,jet_plane;small_launcher,jet_plane;small_launcher,True,True
9,jet_plane,2,2248,310,1768;40;2728;580,1,1,0,jet_plane,jet_plane,True,True
9,large_tower,1,2880,540,1920;0;3840;1080,3,3,2,large_launcher;jet_plane;large_tower,large_launcher;jet_plane;large_tower,True,True
9,large_tower,2,3360,270,2880;0;3840;540,1,1,0,large_tower,large_tower,True,True
9,small_launcher,1,1790,751,830;211;2750;1291,4,5,3,spacecraft;jet_plane;small_launcher;ta-ta,jet_plane;small_launcher;ta-ta,True,True
9,small_launcher,2,1790,751,1310;481;2270;1021,1,1,0,small_launcher,small_launcher,True,True
9,tank,1,960,540,0;0;1920;1080,3,3,2,small_launcher;tank;ta-ta,small_launcher;tank;ta-ta,True,True
9,tank,2,850,481,370;211;1330;751,1,1,0,tank,tank,True,True
9,helicopter,1,2312,1490,1352;950;3272;2030,4,4,3,jammer;spacecraft;helicopter;small_tower,jammer;spacecraft;helicopter;small_tower,True,True
9,helicopter,2,2312,1490,1832;1220;2792;1760,2,2,1,helicopter;small_tower,helicopter;small_tower,True,True
9,small_tower,1,2690,1412,1730;872;3650;1952,2,3,1,helicopter;small_tower,helicopter;small_tower,True,True
9,small_tower,2,2690,1412,2210;1142;3170;1682,2,2,1,helicopter;small_tower,helicopter;small_tower,True,True
9,ta-ta,1,1062,825,102;285;2022;1365,4,4,3,spacecraft;small_launcher;tank;ta-ta,spacecraft;small_launcher;tank;ta-ta,True,True
9,ta-ta,2,1062,825,582;555;1542;1095,1,1,0,ta-ta,ta-ta,True,True
10,jammer,1,1480,1620,520;1080;2440;2160,3,3,2,jammer;spacecraft;helicopter,jammer;spacecraft;helicopter,True,True
10,jammer,2,1480,1890,1000;1620;1960;2160,1,1,0,jammer,jammer,True,True
10,large_launcher,1,2880,1015,1920;475;3840;1555,2,3,1,large_launcher;small_tower,large_launcher,True,True
10,large_launcher,2,3360,1015,2880;745;3840;1285,1,1,0,large_launcher,large_launcher,True,True
10,spacecraft,1,1518,1284,558;744;2478;1824,4,4,3,spacecraft;small_launcher;helicopter;ta-ta,spacecraft;small_launcher;helicopter;ta-ta,True,True
10,spacecraft,2,1518,1284,1038;1014;1998;1554,1,1,0,spacecraft,spacecraft,True,True
10,condor,1,2806,1620,1846;1080;3766;2160,3,3,2,condor;helicopter;small_tower,helicopter;small_tower,False,True
10,condor,2,2806,1890,2326;1620;3286;2160,1,1,0,condor,,False,True
10,jet_plane,1,2250,540,1290;0;3210;1080,2,2,1,jet_plane;small_launcher,jet_plane;small_launcher,True,True
10,jet_plane,2,2250,366,1770;96;2730;636,1,1,0,jet_plane,jet_plane,True,True
10,large_tower,1,2880,540,1920;0;3840;1080,3,3,2,large_launcher;jet_plane;large_tower,jet_plane;large_tower,True,True
10,large_tower,2,3360,270,2880;0;3840;540,1,1,0,large_tower,large_tower,True,True
10,small_launcher,1,1790,813,830;273;2750;1353,4,5,3,spacecraft;jet_plane;small_launcher;ta-ta,jet_plane;small_launcher;ta-ta,True,True
10,small_launcher,2,1790,813,1310;543;2270;1083,1,1,0,small_launcher,small_launcher,True,True
10,tank,1,960,540,0;0;1920;1080,3,3,2,small_launcher;tank;ta-ta,small_launcher;tank;ta-ta,True,True
10,tank,2,842,540,362;270;1322;810,1,1,0,tank,tank,True,True
10,helicopter,1,2315,1562,1355;1022;3275;2102,4,4,3,jammer;spacecraft;helicopter;small_tower,jammer;spacecraft;helicopter;small_tower,True,True
10,helicopter,2,2315,1562,1835;1292;2795;1832,2,2,1,helicopter;small_tower,helicopter;small_tower,True,True
10,small_tower,1,2696,1482,1736;942;3656;2022,2,3,1,helicopter;small_tower,helicopter;small_tower,True,True
10,small_tower,2,2696,1482,2216;1212;3176;1752,2,2,1,helicopter;small_tower,helicopter;small_tower,True,True
10,ta-ta,1,1056,887,96;347;2016;1427,4,4,3,spacecraft;small_launcher;tank;ta-ta,spacecraft;small_launcher;tank;ta-ta,True,True
10,ta-ta,2,1056,887,576;617;1536;1157,1,1,0,ta-ta,ta-ta,True,True
11,jammer,1,1477,1620,517;1080;2437;2160,3,3,2,jammer;spacecraft;helicopter,jammer;spacecraft;helicopter,True,True
11,jammer,2,1477,1890,997;1620;1957;2160,1,1,0,jammer,jammer,True,True
11,large_launcher,1,2880,1080,1920;540;3840;1620,2,3,1,large_launcher;small_tower,large_launcher,True,True
11,large_launcher,2,3360,1080,2880;810;3840;1350,1,1,0,large_launcher,large_launcher,True,True
11,spacecraft,1,1515,1352,555;812;2475;1892,4,4,3,spacecraft;small_launcher;helicopter;ta-ta,spacecraft;small_launcher;helicopter;ta-ta,True,True
11,spacecraft,2,1515,1352,1035;1082;1995;1622,1,1,0,spacecraft,spacecraft,True,True
11,jet_plane,1,2252,540,1292;0;3212;1080,2,2,1,jet_plane;small_launcher,jet_plane;small_launcher,True,True
11,jet_plane,2,2252,422,1772;152;2732;692,1,1,0,jet_plane,jet_plane,True,True
11,large_tower,1,2880,540,1920;0;3840;1080,2,3,1,jet_plane;large_tower,jet_plane;large_tower,True,True
11,large_tower,2,3360,270,2880;0;3840;540,1,1,0,large_tower,large_tower,True,True
11,small_launcher,1,1788,875,828;335;2748;1415,4,5,3,spacecraft;jet_plane;small_launcher;ta-ta,jet_plane;small_launcher;ta-ta,True,True
11,small_launcher,2,1788,875,1308;605;2268;1145,1,1,0,small_launcher,small_launcher,True,True
11,tank,1,960,598,0;58;1920;1138,3,3,2,small_launcher;tank;ta-ta,small_launcher;tank;ta-ta,True,True
11,tank,2,835,598,355;328;1315;868,1,1,0,tank,tank,True,True
11,helicopter,1,2318,1620,1358;1080;3278;2160,4,4,3,jammer;spacecraft;helicopter;small_tower,jammer;spacecraft;helicopter;small_tower,True,True
11,helicopter,2,2318,1634,1838;1364;2798;1904,2,2,1,helicopter;small_tower,helicopter;small_tower,True,True
11,small_tower,1,2702,1553,1742;1013;3662;2093,2,3,1,helicopter;small_tower,helicopter;small_tower,True,True
11,small_tower,2,2702,1553,2222;1283;3182;1823,2,2,1,helicopter;small_tower,helicopter;small_tower,True,True
11,ta-ta,1,1050,950,90;410;2010;1490,4,4,3,spacecraft;small_launcher;tank;ta-ta,spacecraft;small_launcher;tank;ta-ta,True,True
11,ta-ta,2,1050,950,570;680;1530;1220,1,1,0,ta-ta,ta-ta,True,True
12,jammer,1,1474,1620,514;1080;2434;2160,3,3,2,jammer;spacecraft;helicopter,spacecraft;helicopter,False,True
12,jammer,2,1474,1890,994;1620;1954;2160,1,1,0,jammer,,False,True
12,large_launcher,1,2880,1146,1920;606;3840;1686,2,3,1,large_launcher;small_tower,large_launcher,True,True
12,large_launcher,2,3360,1146,2880;876;3840;1416,1,1,0,large_launcher,large_launcher,True,True
12,spacecraft,1,1512,1422,552;882;2472;1962,4,4,3,spacecraft;small_launcher;helicopter;ta-ta,spacecraft;small_launcher;helicopter;ta-ta,True,True
12,spacecraft,2,1512,1422,1032;1152;1992;1692,1,1,0,spacecraft,spacecraft,True,True
12,jet_plane,1,2254,540,1294;0;3214;1080,2,2,1,jet_plane;small_launcher,jet_plane;small_launcher,True,True
12,jet_plane,2,2254,480,1774;210;2734;750,1,1,0,jet_plane,jet_plane,True,True
12,large_tower,1,2880,540,1920;0;3840;1080,2,2,1,jet_plane;large_tower,jet_plane;large_tower,True,True
12,large_tower,2,3360,323,2880;53;3840;593,1,1,0,large_tower,large_tower,True,True
12,small_launcher,1,1788,938,828;398;2748;1478,4,5,3,spacecraft;jet_plane;small_launcher;ta-ta,jet_plane;small_launcher;ta-ta,True,True
12,small_launcher,2,1788,938,1308;668;2268;1208,1,1,0,small_launcher,small_launcher,True,True
12,tank,1,960,658,0;118;1920;1198,3,3,2,small_launcher;tank;ta-ta,small_launcher;tank;ta-ta,True,True
12,tank,2,828,658,348;388;1308;928,1,1,0,tank,tank,True,True
12,helicopter,1,2321,1620,1361;1080;3281;2160,4,4,3,jammer;spacecraft;helicopter;small_tower,spacecraft;helicopter;small_tower,True,True
12,helicopter,2,2321,1708,1841;1438;2801;1978,2,2,1,helicopter;small_tower,helicopter;small_tower,True,True
12,small_tower,1,2708,1620,1748;1080;3668;2160,2,3,1,helicopter;small_tower,helicopter;small_tower,True,True
12,small_tower,2,2708,1626,2228;1356;3188;1896,2,2,1,helicopter;small_tower,helicopter;small_tower,True,True
12,ta-ta,1,1044,1014,84;474;2004;1554,4,4,3,spacecraft;small_launcher;tank;ta-ta,spacecraft;small_launcher;tank;ta-ta,True,True
12,ta-ta,2,1044,1014,564;744;1524;1284,1,1,0,ta-ta,ta-ta,True,True
13,large_launcher,1,2880,1213,1920;673;3840;1753,2,3,1,large_launcher;small_tower,large_launcher,True,True
13,large_launcher,2,3360,1213,2880;943;3840;1483,1,1,0,large_launcher,large_launcher,True,True
13,spacecraft,1,1509,1492,549;952;2469;2032,4,4,3,spacecraft;small_launcher;helicopter;ta-ta,spacecraft;small_launcher;helicopter;ta-ta,True,True
13,spacecraft,2,1509,1492,1029;1222;1989;1762,1,1,0,spacecraft,spacecraft,True,True
13,jet_plane,1,2256,540,1296;0;3216;1080,2,2,1,jet_plane;small_launcher,jet_plane,True,True
13,jet_plane,2,2256,538,1776;268;2736;808,1,1,0,jet_plane,jet_plane,True,True
13,large_tower,1,2880,540,1920;0;3840;1080,2,2,1,jet_plane;large_tower,jet_plane;large_tower;medium_launcher,True,True
13,large_tower,2,3360,381,2880;111;3840;651,1,1,0,large_tower,large_tower,True,True
13,small_launcher,1,1787,1001,827;461;2747;1541,4,5,3,spacecraft;jet_plane;small_launcher;ta-ta,jet_plane;small_launcher;ta-ta,True,True
13,small_launcher,2,1787,1001,1307;731;2267;1271,1,1,0,small_launcher,small_launcher,True,True
13,tank,1,960,718,0;178;1920;1258,3,3,2,small_launcher;tank;ta-ta,small_launcher;tank;ta-ta,True,True
13,tank,2,820,718,340;448;1300;988,1,1,0,tank,tank,True,True
13,helicopter,1,2324,1620,1364;1080;3284;2160,3,3,2,spacecraft;helicopter;small_tower,spacecraft;helicopter;small_tower,True,True
13,helicopter,2,2324,1782,1844;1512;2804;2052,2,2,1,helicopter;small_tower,helicopter;small_tower,True,True
13,small_tower,1,2714,1620,1754;1080;3674;2160,2,3,1,helicopter;small_tower,helicopter;small_tower,True,True
13,small_tower,2,2714,1699,2234;1429;3194;1969,2,2,1,helicopter;small_tower,helicopter;small_tower,True,True
13,ta-ta,1,1038,1078,78;538;1998;1618,4,4,3,spacecraft;small_launcher;tank;ta-ta,spacecraft;small_launcher;tank;ta-ta,True,True
13,ta-ta,2,1038,1078,558;808;1518;1348,1,1,0,ta-ta,ta-ta,True,True
14,large_launcher,1,2880,1281,1920;741;3840;1821,2,3,1,large_launcher;small_tower,large_launcher,True,True
14,large_launcher,2,3360,1281,2880;1011;3840;1551,1,1,0,large_launcher,large_launcher,True,True
14,spacecraft,1,1506,1564,546;1024;2466;2104,4,4,3,spacecraft;small_launcher;helicopter;ta-ta,spacecraft;small_launcher;helicopter;ta-ta,True,True
14,spacecraft,2,1506,1564,1026;1294;1986;1834,1,1,0,spacecraft,spacecraft,True,True
14,jet_plane,1,2258,597,1298;57;3218;1137,2,2,1,jet_plane;small_launcher,jet_plane,True,True
14,jet_plane,2,2258,597,1778;327;2738;867,1,1,0,jet_plane,jet_plane,True,True
14,large_tower,1,2880,540,1920;0;3840;1080,3,3,2,jet_plane;large_tower;medium_launcher,jet_plane;large_tower;medium_launcher,True,True
14,large_tower,2,3360,440,2880;170;3840;710,1,1,0,large_tower,large_tower,True,True
14,medium_launcher,1,2880,540,1920;0;3840;1080,3,3,2,jet_plane;large_tower;medium_launcher,jet_plane;large_tower;medium_launcher,True,True
14,medium_launcher,2,3360,270,2880;0;3840;540,2,2,1,large_tower;medium_launcher,large_tower;medium_launcher,True,True
14,small_launcher,1,1786,1066,826;526;2746;1606,4,5,3,spacecraft;jet_plane;small_launcher;ta-ta,jet_plane;small_launcher;ta-ta,True,True
14,small_launcher,2,1786,1066,1306;796;2266;1336,1,1,0,small_launcher,small_launcher,True,True
14,tank,1,960,780,0;240;1920;1320,3,3,2,small_launcher;tank;ta-ta,small_launcher;tank;ta-ta,True,True
14,tank,2,812,780,332;510;1292;1050,1,1,0,tank,tank,True,True
14,helicopter,1,2328,1620,1368;1080;3288;2160,3,4,2,spacecraft;helicopter;small_tower,spacecraft;small_launcher;helicopter;small_tower,True,True
14,helicopter,2,2328,1858,1848;1588;2808;2128,2,2,1,helicopter;small_tower,helicopter;small_tower,True,True
14,small_tower,1,2720,1620,1760;1080;3680;2160,2,4,1,helicopter;small_tower,small_launcher;helicopter;small_tower,True,True
14,small_tower,2,2720,1774,2240;1504;3200;2044,2,2,1,helicopter;small_tower,helicopter;small_tower,True,True
14,ta-ta,1,1032,1144,72;604;1992;1684,4,4,3,spacecraft;small_launcher;tank;ta-ta,spacecraft;small_launcher;tank;ta-ta,True,True
14,ta-ta,2,1032,1144,552;874;1512;1414,1,1,0,ta-ta,ta-ta,True,True
15,large_launcher,1,2880,1350,1920;810;3840;1890,2,3,1,large_launcher;small_tower,large_launcher,True,True
15,large_launcher,2,3360,1350,2880;1080;3840;1620,1,1,0,large_launcher,large_launcher,True,True
15,spacecraft,1,1503,1620,543;1080;2463;2160,4,4,3,spacecraft;small_launcher;helicopter;ta-ta,spacecraft;small_launcher;helicopter;ta-ta,True,True
15,spacecraft,2,1503,1636,1023;1366;1983;1906,1,1,0,spacecraft,spacecraft,True,True
15,jet_plane,1,2261,657,1301;117;3221;1197,2,2,1,jet_plane;small_launcher,jet_plane,True,True
15,jet_plane,2,2261,657,1781;387;2741;927,1,1,0,jet_plane,jet_plane,True,True
15,large_tower,1,2880,540,1920;0;3840;1080,3,3,2,jet_plane;large_tower;medium_launcher,jet_plane;large_tower;medium_launcher,True,True
15,large_tower,2,3360,499,2880;229;3840;769,1,1,0,large_tower,large_tower,True,True
15,medium_launcher,1,2880,540,1920;0;3840;1080,3,3,2,jet_plane;large_tower;medium_launcher,jet_plane;large_tower;medium_launcher,True,True
15,medium_launcher,2,3360,270,2880;0;3840;540,2,2,1,large_tower;medium_launcher,medium_launcher,True,True
15,small_launcher,1,1784,1132,824;592;2744;1672,4,5,3,spacecraft;jet_plane;small_launcher;ta-ta,jet_plane;small_launcher;ta-ta,True,True
15,small_launcher,2,1784,1132,1304;862;2264;1402,1,1,0,small_launcher,small_launcher,True,True
15,tank,1,960,842,0;302;1920;1382,3,3,2,small_launcher;tank;ta-ta,small_launcher;tank;ta-ta,True,True
15,tank,2,804,842,324;572;1284;1112,1,1,0,tank,tank,True,True
15,helicopter,1,2330,1620,1370;1080;3290;2160,4,4,3,spacecraft;small_launcher;helicopter;small_tower,spacecraft;small_launcher;helicopter;small_tower,True,True
15,helicopter,2,2330,1890,1850;1620;2810;2160,2,2,1,helicopter;small_tower,helicopter;small_tower,True,True
15,small_tower,1,2726,1620,1766;1080;3686;2160,3,4,2,small_launcher;helicopter;small_tower,small_launcher;helicopter;small_tower,True,True
15,small_tower,2,2726,1850,2246;1580;3206;2120,2,2,1,helicopter;small_tower,helicopter;small_tower,True,True
15,ta-ta,1,1025,1211,65;671;1985;1751,4,4,3,spacecraft;small_launcher;tank;ta-ta,spacecraft;small_launcher;tank;ta-ta,True,True
15,ta-ta,2,1025,1211,545;941;1505;1481,1,1,0,ta-ta,ta-ta,True,True
16,large_launcher,1,2880,1420,1920;880;3840;1960,2,2,1,large_launcher;small_tower,large_launcher,True,True
16,large_launcher,2,3360,1420,2880;1150;3840;1690,1,1,0,large_launcher,large_launcher,True,True
16,spacecraft,1,1500,1620,540;1080;2460;2160,4,4,3,spacecraft;small_launcher;helicopter;ta-ta,spacecraft;small_launcher;helicopter;ta-ta,True,True
16,spacecraft,2,1500,1710,1020;1440;1980;1980,1,1,0,spacecraft,spacecraft,True,True
16,jet_plane,1,2264,718,1304;178;3224;1258,2,2,1,jet_plane;small_launcher,jet_plane,True,True
16,jet_plane,2,2264,718,1784;448;2744;988,1,1,0,jet_plane,jet_plane,True,True
16,large_tower,1,2880,560,1920;20;3840;1100,3,3,2,jet_plane;large_tower;medium_launcher,jet_plane;large_tower;medium_launcher,True,True
16,large_tower,2,3360,560,2880;290;3840;830,1,1,0,large_tower,large_tower,True,True
16,medium_launcher,1,2880,540,1920;0;3840;1080,3,3,2,jet_plane;large_tower;medium_launcher,jet_plane;large_tower;medium_launcher,True,True
16,medium_launcher,2,3360,270,2880;0;3840;540,1,2,0,medium_launcher,medium_launcher,True,True
16,small_launcher,1,1784,1198,824;658;2744;1738,4,4,3,spacecraft;jet_plane;small_launcher;ta-ta,jet_plane;small_launcher;ta-ta,True,True
16,small_launcher,2,1784,1198,1304;928;2264;1468,1,1,0,small_launcher,small_launcher,True,True
16,tank,1,960,906,0;366;1920;1446,3,3,2,small_launcher;tank;ta-ta,small_launcher;tank;ta-ta,True,True
16,tank,2,796,906,316;636;1276;1176,1,1,0,tank,tank,True,True
16,helicopter,1,2334,1620,1374;1080;3294;2160,4,4,3,spacecraft;small_launcher;helicopter;small_tower,spacecraft;small_launcher;helicopter;small_tower,True,True
16,helicopter,2,2334,1890,1854;1620;2814;2160,2,2,1,helicopter;small_tower,helicopter;small_tower,True,True
16,small_tower,1,2732,1620,1772;1080;3692;2160,3,4,2,small_launcher;helicopter;small_tower,helicopter;small_tower,True,True
16,small_tower,2,2732,1890,2252;1620;3212;2160,2,2,1,helicopter;small_tower,helicopter;small_tower,True,True
16,ta-ta,1,1018,1279,58;739;1978;1819,4,4,3,spacecraft;small_launcher;tank;ta-ta,spacecraft;small_launcher;tank;ta-ta,True,True
16,ta-ta,2,1018,1279,538;1009;1498;1549,1,1,0,ta-ta,ta-ta,True,True
17,large_launcher,1,2880,1491,1920;951;3840;2031,1,2,0,large_launcher,large_launcher,True,True
17,large_launcher,2,3360,1491,2880;1221;3840;1761,1,1,0,large_launcher,large_launcher,True,True
17,spacecraft,1,1496,1620,536;1080;2456;2160,4,4,3,spacecraft;small_launcher;helicopter;ta-ta,spacecraft;small_launcher;helicopter;ta-ta,True,True
17,spacecraft,2,1496,1784,1016;1514;1976;2054,1,1,0,spacecraft,spacecraft,True,True
17,jet_plane,1,2266,779,1306;239;3226;1319,2,2,1,jet_plane;small_launcher,jet_plane,True,True
17,jet_plane,2,2266,779,1786;509;2746;1049,1,1,0,jet_plane,jet_plane,True,True
17,large_tower,1,2880,620,1920;80;3840;1160,3,3,2,jet_plane;large_tower;medium_launcher,jet_plane;large_tower;medium_launcher,True,True
17,large_tower,2,3360,620,2880;350;3840;890,1,1,0,large_tower,large_tower,True,True
17,medium_launcher,1,2880,540,1920;0;3840;1080,3,3,2,jet_plane;large_tower;medium_launcher,jet_plane;large_tower;medium_launcher,True,True
17,medium_launcher,2,3360,270,2880;0;3840;540,1,1,0,medium_launcher,medium_launcher,True,True
17,small_launcher,1,1782,1266,822;726;2742;1806,3,4,2,jet_plane;small_launcher;ta-ta,jet_plane;small_launcher;ta-ta,True,True
17,small_launcher,2,1782,1266,1302;996;2262;1536,1,1,0,small_launcher,small_launcher,True,True
17,tank,1,960,970,0;430;1920;1510,3,3,2,small_launcher;tank;ta-ta,small_launcher;tank;ta-ta,True,True
17,tank,2,789,970,309;700;1269;1240,1,1,0,tank,tank,True,True
17,helicopter,1,2337,1620,1377;1080;3297;2160,4,4,3,spacecraft;small_launcher;helicopter;small_tower,spacecraft;small_launcher;helicopter;small_tower,True,True
17,helicopter,2,2337,1890,1857;1620;2817;2160,2,2,1,helicopter;small_tower,helicopter;small_tower,True,True
17,small_tower,1,2738,1620,1778;1080;3698;2160,2,4,1,helicopter;small_tower,helicopter;small_tower,True,True
17,small_tower,2,2738,1890,2258;1620;3218;2160,2,2,1,helicopter;small_tower,helicopter;small_tower,True,True
17,ta-ta,1,1012,1347,52;807;1972;1887,4,4,3,spacecraft;small_launcher;tank;ta-ta,spacecraft;small_launcher;tank;ta-ta,True,True
17,ta-ta,2,1012,1347,532;1077;1492;1617,1,1,0,ta-ta,ta-ta,True,True
18,large_launcher,1,2880,1563,1920;1023;3840;2103,1,2,0,large_launcher,large_launcher,True,True
18,large_launcher,2,3360,1563,2880;1293;3840;1833,1,1,0,large_launcher,large_launcher,True,True
18,spacecraft,1,1494,1620,534;1080;2454;2160,4,4,3,spacecraft;small_launcher;helicopter;ta-ta,spacecraft;small_launcher;ta-ta,True,True
18,spacecraft,2,1494,1860,1014;1590;1974;2130,1,1,0,spacecraft,spacecraft,True,True
18,jet_plane,1,2268,841,1308;301;3228;1381,2,2,1,jet_plane;small_launcher,jet_plane,True,True
18,jet_plane,2,2268,841,1788;571;2748;1111,1,1,0,jet_plane,jet_plane,True,True
18,large_tower,1,2880,682,1920;142;3840;1222,3,3,2,jet_plane;large_tower;medium_launcher,jet_plane;large_tower;medium_launcher,True,True
18,large_tower,2,3360,682,2880;412;3840;952,1,1,0,large_tower,large_tower,True,True
18,medium_launcher,1,2880,540,1920;0;3840;1080,3,3,2,jet_plane;large_tower;medium_launcher,jet_plane;large_tower;medium_launcher,True,True
18,medium_launcher,2,3360,270,2880;0;3840;540,1,1,0,medium_launcher,medium_launcher,True,True
18,small_launcher,1,1782,1335,822;795;2742;1875,3,4,2,jet_plane;small_launcher;ta-ta,jet_plane;small_launcher;ta-ta,True,True
18,small_launcher,2,1782,1335,1302;1065;2262;1605,1,1,0,small_launcher,small_launcher,True,True
18,tank,1,960,1035,0;495;1920;1575,3,3,2,small_launcher;tank;ta-ta,small_launcher;tank;ta-ta,True,True
18,tank,2,780,1035,300;765;1260;1305,1,1,0,tank,tank,True,True
18,helicopter,1,2340,1620,1380;1080;3300;2160,4,4,3,spacecraft;small_launcher;helicopter;small_tower,spacecraft;small_launcher;small_tower,False,True
18,helicopter,2,2340,1890,1860;1620;2820;2160,2,2,1,helicopter;small_tower,small_tower,False,True
18,small_tower,1,2745,1620,1785;1080;3705;2160,2,4,1,helicopter;small_tower,small_tower,True,True
18,small_tower,2,2745,1890,2265;1620;3225;2160,2,2,1,helicopter;small_tower,small_tower,True,True
18,ta-ta,1,1005,1417,45;877;1965;1957,4,4,3,spacecraft;small_launcher;tank;ta-ta,small_launcher;tank;ta-ta,True,True
18,ta-ta,2,1005,1417,525;1147;1485;1687,1,1,0,ta-ta,ta-ta,True,True
19,large_launcher,1,2880,1620,1920;1080;3840;2160,2,2,1,large_launcher;small_tower,large_launcher,True,True
19,large_launcher,2,3360,1636,2880;1366;3840;1906,1,1,0,large_launcher,large_launcher,True,True
19,spacecraft,1,1490,1620,530;1080;2450;2160,3,4,2,spacecraft;small_launcher;ta-ta,spacecraft;small_launcher;tank;ta-ta,True,True
19,spacecraft,2,1490,1890,1010;1620;1970;2160,1,1,0,spacecraft,spacecraft,True,True
19,jet_plane,1,2270,904,1310;364;3230;1444,2,2,1,jet_plane;small_launcher,jet_plane,True,True
19,jet_plane,2,2270,904,1790;634;2750;1174,1,1,0,jet_plane,jet_plane,True,True
19,large_tower,1,2880,746,1920;206;3840;1286,3,3,2,jet_plane;large_tower;medium_launcher,jet_plane;large_tower;medium_launcher,True,True
19,large_tower,2,3360,746,2880;476;3840;1016,1,1,0,large_tower,large_tower,True,True
19,medium_launcher,1,2880,540,1920;0;3840;1080,3,3,2,jet_plane;large_tower;medium_launcher,jet_plane;large_tower;medium_launcher,True,True
19,medium_launcher,2,3360,270,2880;0;3840;540,1,1,0,medium_launcher,medium_launcher,True,True
19,small_launcher,1,1780,1404,820;864;2740;1944,2,4,1,small_launcher;ta-ta,jet_plane;small_launcher;ta-ta,True,True
19,small_launcher,2,1780,1404,1300;1134;2260;1674,1,1,0,small_launcher,small_launcher,True,True
19,tank,1,960,1101,0;561;1920;1641,3,3,2,small_launcher;tank;ta-ta,small_launcher;tank;ta-ta,True,True
19,tank,2,772,1101,292;831;1252;1371,1,1,0,tank,tank,True,True
19,small_tower,1,2752,1620,1792;1080;3712;2160,1,2,0,small_tower,,False,True
19,small_tower,2,2752,1890,2272;1620;3232;2160,1,1,0,small_tower,,False,True
19,hangar,1,960,540,0;0;1920;1080,1,2,0,hangar,hangar;medium_plane,True,True
19,hangar,2,480,270,0;0;960;540,1,1,0,hangar,hangar;medium_plane,True,True
19,ta-ta,1,998,1488,38;948;1958;2028,4,4,3,spacecraft;small_launcher;tank;ta-ta,small_launcher;tank;ta-ta,True,True
19,ta-ta,2,998,1488,518;1218;1478;1758,1,1,0,ta-ta,ta-ta,True,True
20,large_launcher,1,2880,1620,1920;1080;3840;2160,1,1,0,large_launcher,large_launcher,True,True
20,large_launcher,2,3360,1710,2880;1440;3840;1980,1,1,0,large_launcher,large_launcher,True,True
20,spacecraft,1,1486,1620,526;1080;2446;2160,4,4,3,spacecraft;small_launcher;tank;ta-ta,spacecraft;small_launcher;tank;ta-ta,True,True
20,spacecraft,2,1486,1890,1006;1620;1966;2160,1,1,0,spacecraft,spacecraft,True,True
20,jet_plane,1,2274,968,1314;428;3234;1508,2,2,1,jet_plane;small_launcher,jet_plane,True,True
20,jet_plane,2,2274,968,1794;698;2754;1238,1,1,0,jet_plane,jet_plane,True,True
20,large_tower,1,2880,810,1920;270;3840;1350,3,3,2,jet_plane;large_tower;medium_launcher,jet_plane;large_tower;medium_launcher,True,True
20,large_tower,2,3360,810,2880;540;3840;1080,1,1,0,large_tower,large_tower,True,True
20,medium_launcher,1,2880,540,1920;0;3840;1080,3,3,2,jet_plane;large_tower;medium_launcher,jet_plane;large_tower;medium_launcher,True,True
20,medium_launcher,2,3360,321,2880;51;3840;591,1,1,0,medium_launcher,medium_launcher,True,True
20,small_launcher,1,1780,1475,820;935;2740;2015,2,4,1,small_launcher;ta-ta,jet_plane;small_launcher;ta-ta,True,True
20,small_launcher,2,1780,1475,1300;1205;2260;1745,1,1,0,small_launcher,small_launcher,True,True
20,tank,1,960,1168,0;628;1920;1708,3,3,2,small_launcher;tank;ta-ta,small_launcher;tank;ta-ta,True,True
20,tank,2,764,1168,284;898;1244;1438,1,1,0,tank,tank,True,True
20,hangar,1,960,540,0;0;1920;1080,2,2,1,hangar;medium_plane,hangar;medium_plane,True,True
20,hangar,2,480,270,0;0;960;540,2,2,1,hangar;medium_plane,hangar;medium_plane,True,True
20,ta-ta,1,992,1560,32;1020;1952;2100,4,4,3,spacecraft;small_launcher;tank;ta-ta,small_launcher;tank;ta-ta,True,True
20,ta-ta,2,992,1560,512;1290;1472;1830,1,1,0,ta-ta,ta-ta,True,True
20,medium_plane,1,960,540,0;0;1920;1080,2,2,1,hangar;medium_plane,hangar;medium_plane,True,True
20,medium_plane,2,638,270,158;0;1118;540,1,2,0,medium_plane,medium_plane,True,True
21,large_launcher,1,2880,1620,1920;1080;3840;2160,1,1,0,large_launcher,large_launcher,True,True
21,large_launcher,2,3360,1786,2880;1516;3840;2056,1,1,0,large_launcher,large_launcher,True,True
21,spacecraft,1,1483,1620,523;1080;2443;2160,4,4,3,spacecraft;small_launcher;tank;ta-ta,spacecraft;small_launcher;tank;ta-ta,True,True
21,spacecraft,2,1483,1890,1003;1620;1963;2160,1,1,0,spacecraft,spacecraft,True,True
21,jet_plane,1,2276,1034,1316;494;3236;1574,2,2,1,jet_plane;small_launcher,jet_plane,True,True
21,jet_plane,2,2276,1034,1796;764;2756;1304,1,1,0,jet_plane,jet_plane,True,True
21,large_tower,1,2880,874,1920;334;3840;1414,3,3,2,jet_plane;large_tower;medium_launcher,jet_plane;large_tower;medium_launcher,True,True
21,large_tower,2,3360,874,2880;604;3840;1144,1,1,0,large_tower,large_tower,True,True
21,medium_launcher,1,2880,540,1920;0;3840;1080,3,3,2,jet_plane;large_tower;medium_launcher,large_tower;medium_launcher,True,True
21,medium_launcher,2,3360,378,2880;108;3840;648,1,1,0,medium_launcher,medium_launcher,True,True
21,small_launcher,1,1778,1547,818;1007;2738;2087,2,4,1,small_launcher;ta-ta,jet_plane;small_launcher;ta-ta,True,True
21,small_launcher,2,1778,1547,1298;1277;2258;1817,1,1,0,small_launcher,small_launcher,True,True
21,tank,1,960,1236,0;696;1920;1776,3,3,2,small_launcher;tank;ta-ta,small_launcher;tank;ta-ta,True,True
21,tank,2,756,1236,276;966;1236;1506,1,1,0,tank,tank,True,True
21,hangar,1,960,540,0;0;1920;1080,2,2,1,hangar;medium_plane,hangar;medium_plane,True,True
21,hangar,2,480,270,0;0;960;540,2,2,1,hangar;medium_plane,hangar;medium_plane,True,True
21,ta-ta,1,984,1620,24;1080;1944;2160,4,4,3,spacecraft;small_launcher;tank;ta-ta,spacecraft;small_launcher;tank;ta-ta,True,True
21,ta-ta,2,984,1632,504;1362;1464;1902,1,1,0,ta-ta,ta-ta,True,True
21,medium_plane,1,960,540,0;0;1920;1080,2,2,1,hangar;medium_plane,hangar;medium_plane,True,True
21,medium_plane,2,630,270,150;0;1110;540,1,2,0,medium_plane,medium_plane,True,True
22,large_launcher,1,2880,1620,1920;1080;3840;2160,1,2,0,large_launcher,large_launcher;jet_plane,True,True
22,large_launcher,2,3360,1863,2880;1593;3840;2133,1,1,0,large_launcher,large_launcher,True,True
22,spacecraft,1,1480,1620,520;1080;2440;2160,4,5,3,spacecraft;small_launcher;tank;ta-ta,jet_plane;small_launcher;tank;ta-ta,False,True
22,spacecraft,2,1480,1890,1000;1620;1960;2160,1,2,0,spacecraft,small_launcher,False,True
22,jet_plane,1,2278,1100,1318;560;3238;1640,2,2,1,jet_plane;small_launcher,jet_plane,True,True
22,jet_plane,2,2278,1100,1798;830;2758;1370,1,1,0,jet_plane,jet_plane,True,True
22,large_tower,1,2880,940,1920;400;3840;1480,3,3,2,jet_plane;large_tower;medium_launcher,jet_plane;large_tower;medium_launcher,True,True
22,large_tower,2,3360,940,2880;670;3840;1210,1,1,0,large_tower,large_tower,True,True
22,medium_launcher,1,2880,540,1920;0;3840;1080,2,3,1,large_tower;medium_launcher,large_tower;medium_launcher,True,True
22,medium_launcher,2,3360,436,2880;166;3840;706,1,1,0,medium_launcher,medium_launcher,True,True
22,small_launcher,1,1778,1620,818;1080;2738;2160,3,4,2,spacecraft;small_launcher;ta-ta,jet_plane;small_launcher;ta-ta,True,True
22,small_launcher,2,1778,1620,1298;1350;2258;1890,1,1,0,small_launcher,small_launcher,True,True
22,tank,1,960,1304,0;764;1920;1844,3,3,2,small_launcher;tank;ta-ta,small_launcher;tank;ta-ta,True,True
22,tank,2,747,1304,267;1034;1227;1574,1,1,0,tank,tank,True,True
22,hangar,1,960,540,0;0;1920;1080,2,2,1,hangar;medium_plane,hangar;medium_plane,True,True
22,hangar,2,480,270,0;0;960;540,2,2,1,hangar;medium_plane,hangar;medium_plane,True,True
22,ta-ta,1,978,1620,18;1080;1938;2160,4,4,3,spacecraft;small_launcher;tank;ta-ta,small_launcher;tank;ta-ta,True,True
22,ta-ta,2,978,1706,498;1436;1458;1976,1,1,0,ta-ta,ta-ta,True,True
22,medium_plane,1,960,540,0;0;1920;1080,2,2,1,hangar;medium_plane,hangar;medium_plane,True,True
22,medium_plane,2,621,270,141;0;1101;540,1,2,0,medium_plane,medium_plane,True,True
23,large_launcher,1,2880,1620,1920;1080;3840;2160,2,2,1,large_launcher;jet_plane,large_launcher;jet_plane,True,True
23,large_launcher,2,3360,1890,2880;1620;3840;2160,1,1,0,large_launcher,large_launcher,True,True
23,jet_plane,1,2280,1166,1320;626;3240;1706,1,2,0,jet_plane,jet_plane,True,True
23,jet_plane,2,2280,1166,1800;896;2760;1436,1,1,0,jet_plane,jet_plane,True,True
23,large_tower,1,2880,1008,1920;468;3840;1548,3,3,2,jet_plane;large_tower;medium_launcher,jet_plane;large_tower,True,True
23,large_tower,2,3360,1008,2880;738;3840;1278,1,1,0,large_tower,large_tower,True,True
23,medium_launcher,1,2880,540,1920;0;3840;1080,2,2,1,large_tower;medium_launcher,,False,True
23,medium_launcher,2,3360,495,2880;225;3840;765,1,1,0,medium_launcher,,False,True
23,small_launcher,1,1776,1620,816;1080;2736;2160,3,3,2,jet_plane;small_launcher;ta-ta,jet_plane;small_launcher;ta-ta,True,True
23,small_launcher,2,1776,1694,1296;1424;2256;1964,1,1,0,small_launcher,small_launcher,True,True
23,tank,1,960,1374,0;834;1920;1914,3,3,2,small_launcher;tank;ta-ta,small_launcher;tank;ta-ta,True,True
23,tank,2,738,1374,258;1104;1218;1644,1,1,0,tank,tank,True,True
23,hangar,1,960,540,0;0;1920;1080,2,2,1,hangar;medium_plane,hangar;medium_plane,True,True
23,hangar,2,480,270,0;0;960;540,2,2,1,hangar;medium_plane,hangar;medium_plane,True,True
23,ta-ta,1,970,1620,10;1080;1930;2160,3,3,2,small_launcher;tank;ta-ta,small_launcher;tank;ta-ta,True,True
23,ta-ta,2,970,1781,490;1511;1450;2051,1,1,0,ta-ta,ta-ta,True,True
23,medium_plane,1,960,540,0;0;1920;1080,2,2,1,hangar;medium_plane,hangar;medium_plane,True,True
23,medium_plane,2,612,270,132;0;1092;540,1,2,0,medium_plane,medium_plane,True,True
24,large_launcher,1,2880,1620,1920;1080;3840;2160,2,3,1,large_launcher;jet_plane,,,True
24,large_launcher,2,3360,1890,2880;1620;3840;2160,1,1,0,large_launcher,,,True
24,jet_plane,1,2284,1234,1324;694;3244;1774,1,2,0,jet_plane,,,True
24,jet_plane,2,2284,1234,1804;964;2764;1504,1,1,0,jet_plane,,,True
24,large_tower,1,2880,1075,1920;535;3840;1615,2,2,1,jet_plane;large_tower,,,True
24,large_tower,2,3360,1075,2880;805;3840;1345,1,1,0,large_tower,,,True
24,small_launcher,1,1775,1620,815;1080;2735;2160,3,3,2,jet_plane;small_launcher;ta-ta,,,True
24,small_launcher,2,1775,1768,1295;1498;2255;2038,1,1,0,small_launcher,,,True
24,tank,1,960,1446,0;906;1920;1986,3,3,2,small_launcher;tank;ta-ta,,,True
24,tank,2,729,1446,249;1176;1209;1716,1,1,0,tank,,,True
24,hangar,1,960,540,0;0;1920;1080,2,2,1,hangar;medium_plane,,,True
24,hangar,2,480,270,0;0;960;540,2,2,1,hangar;medium_plane,,,True
24,ta-ta,1,963,1620,3;1080;1923;2160,3,3,2,small_launcher;tank;ta-ta,,,True
24,ta-ta,2,963,1858,483;1588;1443;2128,1,1,0,ta-ta,,,True
24,medium_plane,1,960,540,0;0;1920;1080,2,2,1,hangar;medium_plane,,,True
24,medium_plane,2,604,270,124;0;1084;540,1,2,0,medium_plane,,,True
