class,origin_frame,method,available_future,valid_prefix_frames,valid_prefix_s,failure_observed,right_censored
condor,0,hold,10,0,0.0,True,False
condor,1,hold,9,0,0.0,True,False
condor,1,velocity,9,8,2.6666666666666665,True,False
condor,2,hold,8,0,0.0,True,False
condor,2,velocity,8,7,2.3333333333333335,True,False
condor,3,hold,7,0,0.0,True,False
condor,3,velocity,7,7,2.3333333333333335,False,True
condor,4,hold,6,0,0.0,True,False
condor,4,velocity,6,6,2.0,False,True
condor,5,hold,5,0,0.0,True,False
condor,5,velocity,5,5,1.6666666666666667,False,True
condor,6,hold,4,0,0.0,True,False
condor,6,velocity,4,4,1.3333333333333333,False,True
condor,7,hold,3,0,0.0,True,False
condor,7,velocity,3,3,1.0,False,True
condor,8,hold,2,0,0.0,True,False
condor,8,velocity,2,2,0.6666666666666666,False,True
condor,9,hold,1,0,0.0,True,False
condor,9,velocity,1,1,0.3333333333333333,False,True
hangar,19,hold,5,0,0.0,True,False
hangar,20,hold,4,0,0.0,True,False
hangar,20,velocity,4,3,1.0,True,False
hangar,21,hold,3,0,0.0,True,False
hangar,21,velocity,3,2,0.6666666666666666,True,False
hangar,22,hold,2,0,0.0,True,False
hangar,22,velocity,2,2,0.6666666666666666,False,True
hangar,23,hold,1,0,0.0,True,False
hangar,23,velocity,1,1,0.3333333333333333,False,True
helicopter,0,hold,18,0,0.0,True,False
helicopter,1,hold,17,0,0.0,True,False
helicopter,1,velocity,17,7,2.3333333333333335,True,False
helicopter,2,hold,16,0,0.0,True,False
helicopter,2,velocity,16,7,2.3333333333333335,True,False
helicopter,3,hold,15,0,0.0,True,False
helicopter,3,velocity,15,7,2.3333333333333335,True,False
helicopter,4,hold,14,0,0.0,True,False
helicopter,4,velocity,14,7,2.3333333333333335,True,False
helicopter,5,hold,13,0,0.0,True,False
helicopter,5,velocity,13,6,2.0,True,False
helicopter,6,hold,12,0,0.0,True,False
helicopter,6,velocity,12,7,2.3333333333333335,True,False
helicopter,7,hold,11,0,0.0,True,False
helicopter,7,velocity,11,7,2.3333333333333335,True,False
helicopter,8,hold,10,0,0.0,True,False
helicopter,8,velocity,10,6,2.0,True,False
helicopter,9,hold,9,0,0.0,True,False
helicopter,9,velocity,9,7,2.3333333333333335,True,False
helicopter,10,hold,8,0,0.0,True,False
helicopter,10,velocity,8,7,2.3333333333333335,True,False
helicopter,11,hold,7,0,0.0,True,False
helicopter,11,velocity,7,7,2.3333333333333335,False,True
helicopter,12,hold,6,0,0.0,True,False
helicopter,12,velocity,6,6,2.0,False,True
helicopter,13,hold,5,0,0.0,True,False
helicopter,13,velocity,5,5,1.6666666666666667,False,True
helicopter,14,hold,4,0,0.0,True,False
helicopter,14,velocity,4,4,1.3333333333333333,False,True
helicopter,15,hold,3,0,0.0,True,False
helicopter,15,velocity,3,3,1.0,False,True
helicopter,16,hold,2,0,0.0,True,False
helicopter,16,velocity,2,2,0.6666666666666666,False,True
helicopter,17,hold,1,0,0.0,True,False
helicopter,17,velocity,1,1,0.3333333333333333,False,True
jammer,0,hold,12,0,0.0,True,False
jammer,1,hold,11,0,0.0,True,False
jammer,1,velocity,11,4,1.3333333333333333,True,False
jammer,2,hold,10,0,0.0,True,False
jammer,2,velocity,10,4,1.3333333333333333,True,False
jammer,3,hold,9,0,0.0,True,False
jammer,3,velocity,9,4,1.3333333333333333,True,False
jammer,4,hold,8,0,0.0,True,False
jammer,4,velocity,8,4,1.3333333333333333,True,False
jammer,5,hold,7,0,0.0,True,False
jammer,5,velocity,7,4,1.3333333333333333,True,False
jammer,6,hold,6,0,0.0,True,False
jammer,6,velocity,6,3,1.0,True,False
jammer,7,hold,5,0,0.0,True,False
jammer,7,velocity,5,5,1.6666666666666667,False,True
jammer,8,hold,4,0,0.0,True,False
jammer,8,velocity,4,4,1.3333333333333333,False,True
jammer,9,hold,3,0,0.0,True,False
jammer,9,velocity,3,3,1.0,False,True
jammer,10,hold,2,0,0.0,True,False
jammer,10,velocity,2,2,0.6666666666666666,False,True
jammer,11,hold,1,0,0.0,True,False
jammer,11,velocity,1,1,0.3333333333333333,False,True
jet_plane,3,hold,21,0,0.0,True,False
jet_plane,4,hold,20,0,0.0,True,False
jet_plane,4,velocity,20,1,0.3333333333333333,True,False
jet_plane,5,hold,19,0,0.0,True,False
jet_plane,5,velocity,19,7,2.3333333333333335,True,False
jet_plane,6,hold,18,0,0.0,True,False
jet_plane,6,velocity,18,7,2.3333333333333335,True,False
jet_plane,7,hold,17,0,0.0,True,False
jet_plane,7,velocity,17,7,2.3333333333333335,True,False
jet_plane,8,hold,16,0,0.0,True,False
jet_plane,8,velocity,16,7,2.3333333333333335,True,False
jet_plane,9,hold,15,0,0.0,True,False
jet_plane,9,velocity,15,7,2.3333333333333335,True,False
jet_plane,10,hold,14,0,0.0,True,False
jet_plane,10,velocity,14,7,2.3333333333333335,True,False
jet_plane,11,hold,13,0,0.0,True,False
jet_plane,11,velocity,13,7,2.3333333333333335,True,False
jet_plane,12,hold,12,0,0.0,True,False
jet_plane,12,velocity,12,7,2.3333333333333335,True,False
jet_plane,13,hold,11,0,0.0,True,False
jet_plane,13,velocity,11,7,2.3333333333333335,True,False
jet_plane,14,hold,10,0,0.0,True,False
jet_plane,14,velocity,10,7,2.3333333333333335,True,False
jet_plane,15,hold,9,0,0.0,True,False
jet_plane,15,velocity,9,7,2.3333333333333335,True,False
jet_plane,16,hold,8,0,0.0,True,False
jet_plane,16,velocity,8,7,2.3333333333333335,True,False
jet_plane,17,hold,7,0,0.0,True,False
jet_plane,17,velocity,7,7,2.3333333333333335,False,True
jet_plane,18,hold,6,0,0.0,True,False
jet_plane,18,velocity,6,6,2.0,False,True
jet_plane,19,hold,5,0,0.0,True,False
jet_plane,19,velocity,5,5,1.6666666666666667,False,True
jet_plane,20,hold,4,0,0.0,True,False
jet_plane,20,velocity,4,4,1.3333333333333333,False,True
jet_plane,21,hold,3,0,0.0,True,False
jet_plane,21,velocity,3,3,1.0,False,True
jet_plane,22,hold,2,0,0.0,True,False
jet_plane,22,velocity,2,2,0.6666666666666666,False,True
jet_plane,23,hold,1,0,0.0,True,False
jet_plane,23,velocity,1,1,0.3333333333333333,False,True
large_launcher,0,hold,24,0,0.0,True,False
large_launcher,1,hold,23,0,0.0,True,False
large_launcher,1,velocity,23,8,2.6666666666666665,True,False
large_launcher,2,hold,22,0,0.0,True,False
large_launcher,2,velocity,22,8,2.6666666666666665,True,False
large_launcher,3,hold,21,0,0.0,True,False
large_launcher,3,velocity,21,8,2.6666666666666665,True,False
large_launcher,4,hold,20,0,0.0,True,False
large_launcher,4,velocity,20,8,2.6666666666666665,True,False
large_launcher,5,hold,19,0,0.0,True,False
large_launcher,5,velocity,19,8,2.6666666666666665,True,False
large_launcher,6,hold,18,0,0.0,True,False
large_launcher,6,velocity,18,8,2.6666666666666665,True,False
large_launcher,7,hold,17,0,0.0,True,False
large_launcher,7,velocity,17,8,2.6666666666666665,True,False
large_launcher,8,hold,16,0,0.0,True,False
large_launcher,8,velocity,16,8,2.6666666666666665,True,False
large_launcher,9,hold,15,0,0.0,True,False
large_launcher,9,velocity,15,8,2.6666666666666665,True,False
large_launcher,10,hold,14,0,0.0,True,False
large_launcher,10,velocity,14,7,2.3333333333333335,True,False
large_launcher,11,hold,13,0,0.0,True,False
large_launcher,11,velocity,13,8,2.6666666666666665,True,False
large_launcher,12,hold,12,0,0.0,True,False
large_launcher,12,velocity,12,7,2.3333333333333335,True,False
large_launcher,13,hold,11,0,0.0,True,False
large_launcher,13,velocity,11,7,2.3333333333333335,True,False
large_launcher,14,hold,10,0,0.0,True,False
large_launcher,14,velocity,10,7,2.3333333333333335,True,False
large_launcher,15,hold,9,0,0.0,True,False
large_launcher,15,velocity,9,8,2.6666666666666665,True,False
large_launcher,16,hold,8,0,0.0,True,False
large_launcher,16,velocity,8,7,2.3333333333333335,True,False
large_launcher,17,hold,7,0,0.0,True,False
large_launcher,17,velocity,7,7,2.3333333333333335,False,True
large_launcher,18,hold,6,0,0.0,True,False
large_launcher,18,velocity,6,6,2.0,False,True
large_launcher,19,hold,5,0,0.0,True,False
large_launcher,19,velocity,5,5,1.6666666666666667,False,True
large_launcher,20,hold,4,0,0.0,True,False
large_launcher,20,velocity,4,4,1.3333333333333333,False,True
large_launcher,21,hold,3,0,0.0,True,False
large_launcher,21,velocity,3,3,1.0,False,True
large_launcher,22,hold,2,0,0.0,True,False
large_launcher,22,velocity,2,2,0.6666666666666666,False,True
large_launcher,23,hold,1,0,0.0,True,False
large_launcher,23,velocity,1,1,0.3333333333333333,False,True
large_tower,6,hold,18,0,0.0,True,False
large_tower,7,hold,17,0,0.0,True,False
large_tower,7,velocity,17,1,0.3333333333333333,True,False
large_tower,8,hold,16,0,0.0,True,False
large_tower,8,velocity,16,6,2.0,True,False
large_tower,9,hold,15,0,0.0,True,False
large_tower,9,velocity,15,6,2.0,True,False
large_tower,10,hold,14,0,0.0,True,False
large_tower,10,velocity,14,5,1.6666666666666667,True,False
large_tower,11,hold,13,0,0.0,True,False
large_tower,11,velocity,13,6,2.0,True,False
large_tower,12,hold,12,0,0.0,True,False
large_tower,12,velocity,12,6,2.0,True,False
large_tower,13,hold,11,0,0.0,True,False
large_tower,13,velocity,11,6,2.0,True,False
large_tower,14,hold,10,0,0.0,True,False
large_tower,14,velocity,10,6,2.0,True,False
large_tower,15,hold,9,0,0.0,True,False
large_tower,15,velocity,9,5,1.6666666666666667,True,False
large_tower,16,hold,8,0,0.0,True,False
large_tower,16,velocity,8,6,2.0,True,False
large_tower,17,hold,7,0,0.0,True,False
large_tower,17,velocity,7,5,1.6666666666666667,True,False
large_tower,18,hold,6,0,0.0,True,False
large_tower,18,velocity,6,5,1.6666666666666667,True,False
large_tower,19,hold,5,0,0.0,True,False
large_tower,19,velocity,5,5,1.6666666666666667,False,True
large_tower,20,hold,4,0,0.0,True,False
large_tower,20,velocity,4,4,1.3333333333333333,False,True
large_tower,21,hold,3,0,0.0,True,False
large_tower,21,velocity,3,3,1.0,False,True
large_tower,22,hold,2,0,0.0,True,False
large_tower,22,velocity,2,2,0.6666666666666666,False,True
large_tower,23,hold,1,0,0.0,True,False
large_tower,23,velocity,1,1,0.3333333333333333,False,True
medium_launcher,14,hold,9,0,0.0,True,False
medium_launcher,15,hold,8,0,0.0,True,False
medium_launcher,15,velocity,8,1,0.3333333333333333,True,False
medium_launcher,16,hold,7,0,0.0,True,False
medium_launcher,16,velocity,7,5,1.6666666666666667,True,False
medium_launcher,17,hold,6,0,0.0,True,False
medium_launcher,17,velocity,6,5,1.6666666666666667,True,False
medium_launcher,18,hold,5,0,0.0,True,False
medium_launcher,18,velocity,5,4,1.3333333333333333,True,False
medium_launcher,19,hold,4,0,0.0,True,False
medium_launcher,19,velocity,4,4,1.3333333333333333,False,True
medium_launcher,20,hold,3,0,0.0,True,False
medium_launcher,20,velocity,3,3,1.0,False,True
medium_launcher,21,hold,2,0,0.0,True,False
medium_launcher,21,velocity,2,2,0.6666666666666666,False,True
medium_launcher,22,hold,1,0,0.0,True,False
medium_launcher,22,velocity,1,1,0.3333333333333333,False,True
medium_plane,20,hold,4,0,0.0,True,False
medium_plane,21,hold,3,0,0.0,True,False
medium_plane,21,velocity,3,2,0.6666666666666666,True,False
medium_plane,22,hold,2,0,0.0,True,False
medium_plane,22,velocity,2,2,0.6666666666666666,False,True
medium_plane,23,hold,1,0,0.0,True,False
medium_plane,23,velocity,1,1,0.3333333333333333,False,True
mine_roller,0,hold,1,0,0.0,True,False
small_launcher,0,hold,24,0,0.0,True,False
small_launcher,1,hold,23,0,0.0,True,False
small_launcher,1,velocity,23,4,1.3333333333333333,True,False
small_launcher,2,hold,22,0,0.0,True,False
small_launcher,2,velocity,22,4,1.3333333333333333,True,False
small_launcher,3,hold,21,0,0.0,True,False
small_launcher,3,velocity,21,4,1.3333333333333333,True,False
small_launcher,4,hold,20,0,0.0,True,False
small_launcher,4,velocity,20,4,1.3333333333333333,True,False
small_launcher,5,hold,19,0,0.0,True,False
small_launcher,5,velocity,19,4,1.3333333333333333,True,False
small_launcher,6,hold,18,0,0.0,True,False
small_launcher,6,velocity,18,4,1.3333333333333333,True,False
small_launcher,7,hold,17,0,0.0,True,False
small_launcher,7,velocity,17,3,1.0,True,False
small_launcher,8,hold,16,0,0.0,True,False
small_launcher,8,velocity,16,4,1.3333333333333333,True,False
small_launcher,9,hold,15,0,0.0,True,False
small_launcher,9,velocity,15,3,1.0,True,False
small_launcher,10,hold,14,0,0.0,True,False
small_launcher,10,velocity,14,5,1.6666666666666667,True,False
small_launcher,11,hold,13,0,0.0,True,False
small_launcher,11,velocity,13,4,1.3333333333333333,True,False
small_launcher,12,hold,12,0,0.0,True,False
small_launcher,12,velocity,12,3,1.0,True,False
small_launcher,13,hold,11,0,0.0,True,False
small_launcher,13,velocity,11,3,1.0,True,False
small_launcher,14,hold,10,0,0.0,True,False
small_launcher,14,velocity,10,4,1.3333333333333333,True,False
small_launcher,15,hold,9,0,0.0,True,False
small_launcher,15,velocity,9,3,1.0,True,False
small_launcher,16,hold,8,0,0.0,True,False
small_launcher,16,velocity,8,3,1.0,True,False
small_launcher,17,hold,7,0,0.0,True,False
small_launcher,17,velocity,7,3,1.0,True,False
small_launcher,18,hold,6,0,0.0,True,False
small_launcher,18,velocity,6,4,1.3333333333333333,True,False
small_launcher,19,hold,5,0,0.0,True,False
small_launcher,19,velocity,5,3,1.0,True,False
small_launcher,20,hold,4,0,0.0,True,False
small_launcher,20,velocity,4,3,1.0,True,False
small_launcher,21,hold,3,0,0.0,True,False
small_launcher,21,velocity,3,3,1.0,False,True
small_launcher,22,hold,2,0,0.0,True,False
small_launcher,22,velocity,2,2,0.6666666666666666,False,True
small_launcher,23,hold,1,0,0.0,True,False
small_launcher,23,velocity,1,1,0.3333333333333333,False,True
small_plane,0,hold,8,0,0.0,True,False
small_plane,1,hold,7,0,0.0,True,False
small_plane,1,velocity,7,4,1.3333333333333333,True,False
small_plane,2,hold,6,0,0.0,True,False
small_plane,2,velocity,6,5,1.6666666666666667,True,False
small_plane,3,hold,5,0,0.0,True,False
small_plane,3,velocity,5,4,1.3333333333333333,True,False
small_plane,4,hold,4,0,0.0,True,False
small_plane,4,velocity,4,4,1.3333333333333333,False,True
small_plane,5,hold,3,0,0.0,True,False
small_plane,5,velocity,3,3,1.0,False,True
small_plane,6,hold,2,0,0.0,True,False
small_plane,6,velocity,2,2,0.6666666666666666,False,True
small_plane,7,hold,1,0,0.0,True,False
small_plane,7,velocity,1,1,0.3333333333333333,False,True
small_tower,0,hold,19,0,0.0,True,False
small_tower,1,hold,18,0,0.0,True,False
small_tower,1,velocity,18,5,1.6666666666666667,True,False
small_tower,2,hold,17,0,0.0,True,False
small_tower,2,velocity,17,6,2.0,True,False
small_tower,3,hold,16,0,0.0,True,False
small_tower,3,velocity,16,5,1.6666666666666667,True,False
small_tower,4,hold,15,0,0.0,True,False
small_tower,4,velocity,15,5,1.6666666666666667,True,False
small_tower,5,hold,14,0,0.0,True,False
small_tower,5,velocity,14,5,1.6666666666666667,True,False
small_tower,6,hold,13,0,0.0,True,False
small_tower,6,velocity,13,5,1.6666666666666667,True,False
small_tower,7,hold,12,0,0.0,True,False
small_tower,7,velocity,12,5,1.6666666666666667,True,False
small_tower,8,hold,11,0,0.0,True,False
small_tower,8,velocity,11,5,1.6666666666666667,True,False
small_tower,9,hold,10,0,0.0,True,False
small_tower,9,velocity,10,5,1.6666666666666667,True,False
small_tower,10,hold,9,0,0.0,True,False
small_tower,10,velocity,9,4,1.3333333333333333,True,False
small_tower,11,hold,8,0,0.0,True,False
small_tower,11,velocity,8,5,1.6666666666666667,True,False
small_tower,12,hold,7,0,0.0,True,False
small_tower,12,velocity,7,5,1.6666666666666667,True,False
small_tower,13,hold,6,0,0.0,True,False
small_tower,13,velocity,6,4,1.3333333333333333,True,False
small_tower,14,hold,5,0,0.0,True,False
small_tower,14,velocity,5,5,1.6666666666666667,False,True
small_tower,15,hold,4,0,0.0,True,False
small_tower,15,velocity,4,4,1.3333333333333333,False,True
small_tower,16,hold,3,0,0.0,True,False
small_tower,16,velocity,3,3,1.0,False,True
small_tower,17,hold,2,0,0.0,True,False
small_tower,17,velocity,2,2,0.6666666666666666,False,True
small_tower,18,hold,1,0,0.0,True,False
small_tower,18,velocity,1,1,0.3333333333333333,False,True
spacecraft,0,hold,22,0,0.0,True,False
spacecraft,1,hold,21,0,0.0,True,False
spacecraft,1,velocity,21,5,1.6666666666666667,True,False
spacecraft,2,hold,20,0,0.0,True,False
spacecraft,2,velocity,20,5,1.6666666666666667,True,False
spacecraft,3,hold,19,0,0.0,True,False
spacecraft,3,velocity,19,5,1.6666666666666667,True,False
spacecraft,4,hold,18,0,0.0,True,False
spacecraft,4,velocity,18,4,1.3333333333333333,True,False
spacecraft,5,hold,17,0,0.0,True,False
spacecraft,5,velocity,17,5,1.6666666666666667,True,False
spacecraft,6,hold,16,0,0.0,True,False
spacecraft,6,velocity,16,4,1.3333333333333333,True,False
spacecraft,7,hold,15,0,0.0,True,False
spacecraft,7,velocity,15,5,1.6666666666666667,True,False
spacecraft,8,hold,14,0,0.0,True,False
spacecraft,8,velocity,14,4,1.3333333333333333,True,False
spacecraft,9,hold,13,0,0.0,True,False
spacecraft,9,velocity,13,5,1.6666666666666667,True,False
spacecraft,10,hold,12,0,0.0,True,False
spacecraft,10,velocity,12,4,1.3333333333333333,True,False
spacecraft,11,hold,11,0,0.0,True,False
spacecraft,11,velocity,11,5,1.6666666666666667,True,False
spacecraft,12,hold,10,0,0.0,True,False
spacecraft,12,velocity,10,4,1.3333333333333333,True,False
spacecraft,13,hold,9,0,0.0,True,False
spacecraft,13,velocity,9,4,1.3333333333333333,True,False
spacecraft,14,hold,8,0,0.0,True,False
spacecraft,14,velocity,8,5,1.6666666666666667,True,False
spacecraft,15,hold,7,0,0.0,True,False
spacecraft,15,velocity,7,4,1.3333333333333333,True,False
spacecraft,16,hold,6,0,0.0,True,False
spacecraft,16,velocity,6,4,1.3333333333333333,True,False
spacecraft,17,hold,5,0,0.0,True,False
spacecraft,17,velocity,5,4,1.3333333333333333,True,False
spacecraft,18,hold,4,0,0.0,True,False
spacecraft,18,velocity,4,3,1.0,True,False
spacecraft,19,hold,3,0,0.0,True,False
spacecraft,19,velocity,3,2,0.6666666666666666,True,False
spacecraft,20,hold,2,0,0.0,True,False
spacecraft,20,velocity,2,2,0.6666666666666666,False,True
spacecraft,21,hold,1,0,0.0,True,False
spacecraft,21,velocity,1,1,0.3333333333333333,False,True
ta-ta,0,hold,24,0,0.0,True,False
ta-ta,1,hold,23,0,0.0,True,False
ta-ta,1,velocity,23,3,1.0,True,False
ta-ta,2,hold,22,0,0.0,True,False
ta-ta,2,velocity,22,2,0.6666666666666666,True,False
ta-ta,3,hold,21,0,0.0,True,False
ta-ta,3,velocity,21,3,1.0,True,False
ta-ta,4,hold,20,0,0.0,True,False
ta-ta,4,velocity,20,3,1.0,True,False
ta-ta,5,hold,19,0,0.0,True,False
ta-ta,5,velocity,19,3,1.0,True,False
ta-ta,6,hold,18,0,0.0,True,False
ta-ta,6,velocity,18,3,1.0,True,False
ta-ta,7,hold,17,0,0.0,True,False
ta-ta,7,velocity,17,2,0.6666666666666666,True,False
ta-ta,8,hold,16,0,0.0,True,False
ta-ta,8,velocity,16,3,1.0,True,False
ta-ta,9,hold,15,0,0.0,True,False
ta-ta,9,velocity,15,3,1.0,True,False
ta-ta,10,hold,14,0,0.0,True,False
ta-ta,10,velocity,14,2,0.6666666666666666,True,False
ta-ta,11,hold,13,0,0.0,True,False
ta-ta,11,velocity,13,3,1.0,True,False
ta-ta,12,hold,12,0,0.0,True,False
ta-ta,12,velocity,12,2,0.6666666666666666,True,False
ta-ta,13,hold,11,0,0.0,True,False
ta-ta,13,velocity,11,2,0.6666666666666666,True,False
ta-ta,14,hold,10,0,0.0,True,False
ta-ta,14,velocity,10,3,1.0,True,False
ta-ta,15,hold,9,0,0.0,True,False
ta-ta,15,velocity,9,2,0.6666666666666666,True,False
ta-ta,16,hold,8,0,0.0,True,False
ta-ta,16,velocity,8,3,1.0,True,False
ta-ta,17,hold,7,0,0.0,True,False
ta-ta,17,velocity,7,2,0.6666666666666666,True,False
ta-ta,18,hold,6,0,0.0,True,False
ta-ta,18,velocity,6,2,0.6666666666666666,True,False
ta-ta,19,hold,5,0,0.0,True,False
ta-ta,19,velocity,5,2,0.6666666666666666,True,False
ta-ta,20,hold,4,0,0.0,True,False
ta-ta,20,velocity,4,2,0.6666666666666666,True,False
ta-ta,21,hold,3,0,0.0,True,False
ta-ta,21,velocity,3,2,0.6666666666666666,True,False
ta-ta,22,hold,2,0,0.0,True,False
ta-ta,22,velocity,2,1,0.3333333333333333,True,False
ta-ta,23,hold,1,0,0.0,True,False
ta-ta,23,velocity,1,1,0.3333333333333333,False,True
tank,0,hold,24,0,0.0,True,False
tank,1,hold,23,0,0.0,True,False
tank,1,velocity,23,1,0.3333333333333333,True,False
tank,2,hold,22,0,0.0,True,False
tank,2,velocity,22,6,2.0,True,False
tank,3,hold,21,0,0.0,True,False
tank,3,velocity,21,5,1.6666666666666667,True,False
tank,4,hold,20,0,0.0,True,False
tank,4,velocity,20,5,1.6666666666666667,True,False
tank,5,hold,19,0,0.0,True,False
tank,5,velocity,19,5,1.6666666666666667,True,False
tank,6,hold,18,0,0.0,True,False
tank,6,velocity,18,6,2.0,True,False
tank,7,hold,17,0,0.0,True,False
tank,7,velocity,17,5,1.6666666666666667,True,False
tank,8,hold,16,0,0.0,True,False
tank,8,velocity,16,5,1.6666666666666667,True,False
tank,9,hold,15,0,0.0,True,False
tank,9,velocity,15,5,1.6666666666666667,True,False
tank,10,hold,14,0,0.0,True,False
tank,10,velocity,14,5,1.6666666666666667,True,False
tank,11,hold,13,0,0.0,True,False
tank,11,velocity,13,5,1.6666666666666667,True,False
tank,12,hold,12,0,0.0,True,False
tank,12,velocity,12,5,1.6666666666666667,True,False
tank,13,hold,11,0,0.0,True,False
tank,13,velocity,11,4,1.3333333333333333,True,False
tank,14,hold,10,0,0.0,True,False
tank,14,velocity,10,5,1.6666666666666667,True,False
tank,15,hold,9,0,0.0,True,False
tank,15,velocity,9,5,1.6666666666666667,True,False
tank,16,hold,8,0,0.0,True,False
tank,16,velocity,8,5,1.6666666666666667,True,False
tank,17,hold,7,0,0.0,True,False
tank,17,velocity,7,4,1.3333333333333333,True,False
tank,18,hold,6,0,0.0,True,False
tank,18,velocity,6,5,1.6666666666666667,True,False
tank,19,hold,5,0,0.0,True,False
tank,19,velocity,5,4,1.3333333333333333,True,False
tank,20,hold,4,0,0.0,True,False
tank,20,velocity,4,4,1.3333333333333333,False,True
tank,21,hold,3,0,0.0,True,False
tank,21,velocity,3,3,1.0,False,True
tank,22,hold,2,0,0.0,True,False
tank,22,velocity,2,2,0.6666666666666666,False,True
tank,23,hold,1,0,0.0,True,False
tank,23,velocity,1,1,0.3333333333333333,False,True
